"Profile","Id","Path","Slice Name","Alias(s)","Label","Min","Max","Must Support?","Is Modifier?","Is Summary?","Type(s)","Short","Definition","Comments","Requirements","Default Value","Meaning When Missing","Fixed Value","Pattern","Example","Minimum Value","Maximum Value","Maximum Length","Binding Strength","Binding Description","Binding Value Set","Code","Slicing Discriminator","Slicing Description","Slicing Ordered","Slicing Rules","Base Path","Base Min","Base Max","Condition(s)","Constraint(s)"
"EHDSAddress","EHDSAddress","EHDSAddress","","","",0,*,"","","","null {[]} {[]}
","Address model","EHDSAddress means the structured set of data elements identifying a geographical or postal location.","","","","","","","","","",,,,,"",,,,"Base",0,*,"",""
"EHDSAddress","EHDSAddress.use","EHDSAddress.use","","","",0,1,"","","","CodeableConcept {[]} {[]}
","Purpose of the address. If this attribute is not present, the address is assumed to be the default address useful for any purpose.","Purpose of the address. If this attribute is not present, the address is assumed to be the default address useful for any purpose.","","","","","","","","","",,"required","HL7 Address Use","","",,,,"EHDSAddress.use",0,1,"",""
"EHDSAddress","EHDSAddress.type","EHDSAddress.type","","","",0,1,"","","","CodeableConcept {[]} {[]}
","Distinguishes between physical addresses (those that can be visited) and mailing addresses. Most addresses are both.","Distinguishes between physical addresses (those that can be visited) and mailing addresses. Most addresses are both.","","","","","","","","","",,"required","HL7 Address Type","","",,,,"EHDSAddress.type",0,1,"",""
"EHDSAddress","EHDSAddress.text","EHDSAddress.text","","","",0,1,"","","","string {[]} {[]}
","Text representation of the address.","Text representation of the address.","","","","","","","","","",,,,,"",,,,"EHDSAddress.text",0,1,"",""
"EHDSAddress","EHDSAddress.street","EHDSAddress.street","","","",0,1,"","","","string {[]} {[]}
","Name of the street.","Name of the street.","","","","","","","","","",,,,,"",,,,"EHDSAddress.street",0,1,"",""
"EHDSAddress","EHDSAddress.houseNumber","EHDSAddress.houseNumber","","","",0,1,"","","","string {[]} {[]}
","House number.","House number.","","","","","","","","","",,,,,"",,,,"EHDSAddress.houseNumber",0,1,"",""
"EHDSAddress","EHDSAddress.postBox","EHDSAddress.postBox","","","",0,1,"","","","string {[]} {[]}
","Post box.","Post box.","","","","","","","","","",,,,,"",,,,"EHDSAddress.postBox",0,1,"",""
"EHDSAddress","EHDSAddress.city","EHDSAddress.city","","","",0,1,"","","","string {[]} {[]}
","City.","City.","","","","","","","","","",,,,,"",,,,"EHDSAddress.city",0,1,"",""
"EHDSAddress","EHDSAddress.postalCode","EHDSAddress.postalCode","","","",0,1,"","","","string {[]} {[]}
","Postal code.","Postal code.","","","","","","","","","",,,,,"",,,,"EHDSAddress.postalCode",0,1,"",""
"EHDSAddress","EHDSAddress.country","EHDSAddress.country","","","",0,1,"","","","CodeableConcept {[]} {[]}
","Country name and country code.","Country name and country code.","","","","","","","","","",,"required","ISO 3166-1 alpha-2","","",,,,"EHDSAddress.country",0,1,"",""
"EHDSAdministeredDosage","EHDSAdministeredDosage","EHDSAdministeredDosage","","","",0,*,"","","","null {[]} {[]}
","Administered dosage model","EHDSAdministeredDosage means the structured set of data elements describing a single instance of medication administration, including the dose given, the route and method of administration, and the time of administration.","","","","","","","","","",,,,,"",,,,"Base",0,*,"",""
"EHDSAdministeredDosage","EHDSAdministeredDosage.renderedDosageInstruction","EHDSAdministeredDosage.renderedDosageInstruction","","","",0,1,"","","","string {[]} {[]}
","Full dosage information as human-readable text covering all dosage steps. Generating the text follows local rules and should include all locally implemented dosage data even when such elements are not present in this model.","Full dosage information as human-readable text covering all dosage steps. Generating the text follows local rules and should include all locally implemented dosage data even when such elements are not present in this model.","","","","","","","","","",,,,,"",,,,"EHDSDosage.renderedDosageInstruction",0,1,"",""
"EHDSAdministeredDosage","EHDSAdministeredDosage.dosageDetails","EHDSAdministeredDosage.dosageDetails","","","",0,1,"","","","Base {[]} {[]}
","Details of single dosage scheme step.","Details of single dosage scheme step.","","","","","","","","","",,,,,"",,,,"EHDSDosage.dosageDetails",0,*,"",""
"EHDSAdministeredDosage","EHDSAdministeredDosage.dosageDetails.sequence","EHDSAdministeredDosage.dosageDetails.sequence","","","",0,0,"","","","integer {[]} {[]}
","Order of the dosage instruction, in case one treatment consists of several dosage steps. When two schemes share the same sequence number, they are meant to be running in parallel.","Order of the dosage instruction, in case one treatment consists of several dosage steps. When two schemes share the same sequence number, they are meant to be running in parallel.","","","","","","","","","",,,,,"",,,,"EHDSDosage.dosageDetails.sequence",0,1,"",""
"EHDSAdministeredDosage","EHDSAdministeredDosage.dosageDetails.note","EHDSAdministeredDosage.dosageDetails.note","","","",0,1,"","","","string {[]} {[]}
","Patient oriented instructions as free text for this dosage step.","Patient oriented instructions as free text for this dosage step.","","","","","","","","","",,,,,"",,,,"EHDSDosage.dosageDetails.note",0,1,"",""
"EHDSAdministeredDosage","EHDSAdministeredDosage.dosageDetails.doseAndRate","EHDSAdministeredDosage.dosageDetails.doseAndRate","","","",0,*,"","","","Base {[]} {[]}
","Amount of medication administered per one dose (= one timing).","Amount of medication administered per one dose (= one timing).","","","","","","","","","",,,,,"",,,,"EHDSDosage.dosageDetails.doseAndRate",0,*,"",""
"EHDSAdministeredDosage","EHDSAdministeredDosage.dosageDetails.doseAndRate.dose[x]","EHDSAdministeredDosage.dosageDetails.doseAndRate.dose[x]","","","",0,1,"","","","Quantity {[]} {[]}
Range {[]} {[]}","Amount of medication per one dose (1 tablet, 2-3 tablets, 20ml).","Amount of medication per one dose (1 tablet, 2-3 tablets, 20ml).","","","","","","","","","",,"required","UCUM (units of measurement), EDQM Standard Terms (units of presentation)","","",,,,"EHDSDosage.dosageDetails.doseAndRate.dose[x]",0,1,"",""
"EHDSAdministeredDosage","EHDSAdministeredDosage.dosageDetails.doseAndRate.rate[x]","EHDSAdministeredDosage.dosageDetails.doseAndRate.rate[x]","","","",0,1,"","","","Quantity {[]} {[]}
Ratio {[]} {[]}","Amount of medication per time period (e.g. 100mg per 1 hour). When rate is provided per 1 time unit, Quantity data type can be used with a suitable unit (e.g. mg/h, ug/min).","Amount of medication per time period (e.g. 100mg per 1 hour). When rate is provided per 1 time unit, Quantity data type can be used with a suitable unit (e.g. mg/h, ug/min).","","","","","","","","","",,"required","UCUM (units of measurement), EDQM Standard Terms (units of presentation)","","",,,,"EHDSDosage.dosageDetails.doseAndRate.rate[x]",0,1,"",""
"EHDSAdministeredDosage","EHDSAdministeredDosage.dosageDetails.repeat","EHDSAdministeredDosage.dosageDetails.repeat","","","",0,0,"","","","Base {[]} {[]}
","Repetition of the administration.","Repetition of the administration.","","","","","","","","","",,,,,"",,,,"EHDSDosage.dosageDetails.repeat",0,1,"",""
"EHDSAdministeredDosage","EHDSAdministeredDosage.dosageDetails.repeat.bounds[x]","EHDSAdministeredDosage.dosageDetails.repeat.bounds[x]","","","",0,1,"","","","Quantity {[]} {[]}
Period {[]} {[]}","Time bounds for the treatment (current dosage scheme), Quantity contains a number of time units (e.g 10 days), Period contains start and end date (e.g. 05.08.2023 - 10.08.2023).","Time bounds for the treatment (current dosage scheme), Quantity contains a number of time units (e.g 10 days), Period contains start and end date (e.g. 05.08.2023 - 10.08.2023).","","","","","","","","","",,"required","UCUM","","",,,,"EHDSDosage.dosageDetails.repeat.bounds[x]",0,1,"",""
"EHDSAdministeredDosage","EHDSAdministeredDosage.dosageDetails.repeat.duration","EHDSAdministeredDosage.dosageDetails.repeat.duration","","","",0,1,"","","","Quantity {[]} {[]}
","Duration of administration (e.g. '5 minutes', '1 hour').","Duration of administration (e.g. '5 minutes', '1 hour').","","","","","","","","","",,"required","UCUM","","",,,,"EHDSDosage.dosageDetails.repeat.duration",0,1,"",""
"EHDSAdministeredDosage","EHDSAdministeredDosage.dosageDetails.repeat.frequency","EHDSAdministeredDosage.dosageDetails.repeat.frequency","","","",0,1,"","","","Base {[]} {[]}
","Frequency of intake/administration.","Frequency of intake/administration.","","","","","","","","","",,,,,"",,,,"EHDSDosage.dosageDetails.repeat.frequency",0,1,"",""
"EHDSAdministeredDosage","EHDSAdministeredDosage.dosageDetails.repeat.frequency.numberOfTimes","EHDSAdministeredDosage.dosageDetails.repeat.frequency.numberOfTimes","","","",1,1,"","","","integer {[]} {[]}
","Number of times per period (e.g. '3 times').","Number of times per period (e.g. '3 times').","","","","","","","","","",,,,,"",,,,"EHDSDosage.dosageDetails.repeat.frequency.numberOfTimes",1,1,"",""
"EHDSAdministeredDosage","EHDSAdministeredDosage.dosageDetails.repeat.frequency.period","EHDSAdministeredDosage.dosageDetails.repeat.frequency.period","","","",1,1,"","","","Quantity {[]} {[]}
","Duration to which the frequency applies (e.g. '... / 1 day').","Duration to which the frequency applies (e.g. '... / 1 day').","","","","","","","","","",,"required","UCUM","","",,,,"EHDSDosage.dosageDetails.repeat.frequency.period",1,1,"",""
"EHDSAdministeredDosage","EHDSAdministeredDosage.dosageDetails.repeat.dayOfWeek","EHDSAdministeredDosage.dosageDetails.repeat.dayOfWeek","","","",0,*,"","","","CodeableConcept {[]} {[]}
","The day of the week of administration, e.g Mon, Tue, etc.","The day of the week of administration, e.g Mon, Tue, etc.","","","","","","","","","",,,,,"",,,,"EHDSDosage.dosageDetails.repeat.dayOfWeek",0,*,"",""
"EHDSAdministeredDosage","EHDSAdministeredDosage.dosageDetails.repeat.timeOfDay","EHDSAdministeredDosage.dosageDetails.repeat.timeOfDay","","","",0,*,"","","","time {[]} {[]}
","Exact time of day of administration (e.g. '10:00').","Exact time of day of administration (e.g. '10:00').","","","","","","","","","",,,,,"",,,,"EHDSDosage.dosageDetails.repeat.timeOfDay",0,*,"",""
"EHDSAdministeredDosage","EHDSAdministeredDosage.dosageDetails.repeat.eventTime","EHDSAdministeredDosage.dosageDetails.repeat.eventTime","","","",0,*,"","","","CodeableConcept {[]} {[]}
","Time period or event when the administration should happen ('before meal', 'immediately', 'morning').","Time period or event when the administration should happen ('before meal', 'immediately', 'morning').","","","","","","","","","",,"required","HL7 Event Timing","","",,,,"EHDSDosage.dosageDetails.repeat.eventTime",0,*,"",""
"EHDSAdministeredDosage","EHDSAdministeredDosage.dosageDetails.asNeeded","EHDSAdministeredDosage.dosageDetails.asNeeded","","","",0,0,"","","","boolean {[]} {[]}
","Take as needed.","Take as needed.","","","","","","","","","",,,,,"",,,,"EHDSDosage.dosageDetails.asNeeded",0,1,"",""
"EHDSAdministeredDosage","EHDSAdministeredDosage.dosageDetails.bodySite","EHDSAdministeredDosage.dosageDetails.bodySite","","","",0,1,"","","","http://ehds.eu/fhir/models/StructureDefinition/EHDSBodyStructure {[]} {[]}
","Body site of administration.","Body site of administration.","","","","","","","","","",,,,,"",,,,"EHDSDosage.dosageDetails.bodySite",0,1,"",""
"EHDSAdministeredDosage","EHDSAdministeredDosage.dosageDetails.routeOfAdministration","EHDSAdministeredDosage.dosageDetails.routeOfAdministration","","","",0,1,"","","","CodeableConcept {[]} {[]}
","Route of administration.","Route of administration.","","","","","","","","","",,"required","EDQM Standard Terms","","",,,,"EHDSDosage.dosageDetails.routeOfAdministration",0,1,"",""
"EHDSAdvanceDirective","EHDSAdvanceDirective","EHDSAdvanceDirective","","","",0,*,"","","","null {[]} {[]}
","Advance directive model","EHDSAdvanceDirective means a documented expression of a patient's wishes, preferences or instructions regarding their healthcare, including, but not limited to, decisions concerning life-sustaining treatment or arrangements to take effect after death.","","","","","","","","","",,,,,"",,,,"Base",0,*,"",""
"EHDSAdvanceDirective","EHDSAdvanceDirective.header","EHDSAdvanceDirective.header","","","",1,1,"","","","Base {[]} {[]}
","Basic metadata for this information.","Basic metadata for this information.","","","","","","","","","",,,,,"",,,,"EHDSDataSet.header",1,1,"",""
"EHDSAdvanceDirective","EHDSAdvanceDirective.header.subject","EHDSAdvanceDirective.header.subject","","","",1,1,"","","","http://ehds.eu/fhir/models/StructureDefinition/EHDSPatient {[]} {[]}
","Patient/subject information.","Patient/subject information.","","","","","","","","","",,,,,"",,,,"EHDSDataSet.header.subject",1,1,"",""
"EHDSAdvanceDirective","EHDSAdvanceDirective.header.identifier","EHDSAdvanceDirective.header.identifier","","","",0,*,"","","","Identifier {[]} {[]}
","Business identifier assigned to the resource or document (not a patient ID and not the technical resource ID).","Business identifier assigned to the resource or document (not a patient ID and not the technical resource ID).","Business identifier is unique within the system that assigns them. The same entity may have different unique identifiers assigned by different systems. Therefore, the identifier is always expected to be a pair of a system and a value.","","","","","","","","",,,,,"",,,,"EHDSDataSet.header.identifier",0,*,"",""
"EHDSAdvanceDirective","EHDSAdvanceDirective.header.author[x]","EHDSAdvanceDirective.header.author[x]","","","",0,*,"","","","http://ehds.eu/fhir/models/StructureDefinition/EHDSHealthProfessional {[]} {[]}
http://ehds.eu/fhir/models/StructureDefinition/EHDSOrganisation {[]} {[]}http://ehds.eu/fhir/models/StructureDefinition/EHDSDevice {[]} {[]}http://ehds.eu/fhir/models/StructureDefinition/EHDSPatient {[]} {[]}http://ehds.eu/fhir/models/StructureDefinition/EHDSRelatedPerson {[]} {[]}","Author of the resource.","Author of the advance directive.","Author(s) responsible for the provided information. The exact role of the responsible author varies across use cases and is specific to individual models.","","","","","","","","",,,,,"",,,,"EHDSDataSet.header.author[x]",0,*,"",""
"EHDSAdvanceDirective","EHDSAdvanceDirective.header.patientInsertedData","EHDSAdvanceDirective.header.patientInsertedData","","","",0,1,"","","","boolean {[]} {[]}
","Indicator that states, when included with value ‘true’, that the contents of this resource represent information inserted by the natural person or their representative. In this case, the contents shall not be considered as verified by a health professional or a healthcare provider, even if digitally signed by them as part of a bigger data set. Details of the person who inserted the information may be provided in the author[x] element.","Indicator that states, when included with value ‘true’, that the contents of this resource represent information inserted by the natural person or their representative. In this case, the contents shall not be considered as verified by a health professional or a healthcare provider, even if digitally signed by them as part of a bigger data set. Details of the person who inserted the information may be provided in the author[x] element.","","","","","","","","","",,,,,"",,,,"EHDSDataSet.header.patientInsertedData",0,1,"",""
"EHDSAdvanceDirective","EHDSAdvanceDirective.header.date","EHDSAdvanceDirective.header.date","","","",0,1,"","","","dateTime {[]} {[]}
","Date and optionally time of authoring/issuing.","Date and optionally time of authoring/issuing.","","","","","","","","","",,,,,"",,,,"EHDSDataSet.header.date",0,1,"",""
"EHDSAdvanceDirective","EHDSAdvanceDirective.header.status","EHDSAdvanceDirective.header.status","","","",1,1,"","","","CodeableConcept {[]} {[]}
","Status of the resource.","Status of the resource.","","","","","","","","","",,"required","HL7 Consent State","","",,,,"EHDSDataSet.header.status",1,1,"",""
"EHDSAdvanceDirective","EHDSAdvanceDirective.header.language","EHDSAdvanceDirective.header.language","","","",0,1,"","","","CodeableConcept {[]} {[]}
","Language in which the resource is written. Language is expressed by the IETF language tag.","Language in which the resource is written. Language is expressed by the IETF language tag.","","","","","","","","","",,"required","BCP 47","","",,,,"EHDSDataSet.header.language",0,1,"",""
"EHDSAdvanceDirective","EHDSAdvanceDirective.category","EHDSAdvanceDirective.category","","","",0,*,"","","","CodeableConcept {[]} {[]}
","Categories of directives related to decisions prior and after death, such as life support, resuscitation or organ donation.","Categories of directives related to decisions prior and after death, such as life support, resuscitation or organ donation.","","","","","","","","","",,"required","SNOMED CT","","",,,,"EHDSAdvanceDirective.category",0,*,"",""
"EHDSAdvanceDirective","EHDSAdvanceDirective.directiveType","EHDSAdvanceDirective.directiveType","","","",0,*,"","","","CodeableConcept {[]} {[]}
","The type of advance directive, indicating whether it applies before or after death.","The type of advance directive, indicating whether it applies before or after death.","","","","","","","","","",,"required","SNOMED CT","","",,,,"EHDSAdvanceDirective.directiveType",0,*,"",""
"EHDSAdvanceDirective","EHDSAdvanceDirective.note","EHDSAdvanceDirective.note","","","",0,1,"","","","string {[]} {[]}
","Textual description of the directive.","Textual description of the directive.","","","","","","","","","",,,,,"",,,,"EHDSAdvanceDirective.note",0,1,"",""
"EHDSAdvanceDirective","EHDSAdvanceDirective.attachment","EHDSAdvanceDirective.attachment","","","",0,1,"","","","http://ehds.eu/fhir/models/StructureDefinition/EHDSAttachment {[]} {[]}
","Source document, such as a PDF, with the living will and the patient's signature.","Source document, such as a PDF, with the living will and the patient's signature.","","","","","","","","","",,,,,"",,,,"EHDSAdvanceDirective.attachment",0,1,"",""
"EHDSAlert","EHDSAlert","EHDSAlert","","","",0,*,"","","","null {[]} {[]}
","Alert model","EHDSAlert means a structured set of data elements describing a clinically relevant fact about a patient that requires attention during a healthcare encounter in order to ensure patient safety or prevent adverse outcomes, including, but not limited to, intolerances, rare diseases requiring special management, implanted devices, ongoing special treatments, transplanted organs, or participation in a clinical trial.","","","","","","","","","",,,,,"",,,,"Base",0,*,"",""
"EHDSAlert","EHDSAlert.header","EHDSAlert.header","","","",1,1,"","","","Base {[]} {[]}
","Current status of the alert.","Current status of the alert, indicates whether this alert is active and needs to be displayed to a user, or whether it is no longer needed.","","","","","","","","","",,,,,"",,,,"EHDSDataSet.header",1,1,"",""
"EHDSAlert","EHDSAlert.header.subject","EHDSAlert.header.subject","","","",1,1,"","","","http://ehds.eu/fhir/models/StructureDefinition/EHDSPatient {[]} {[]}
","Patient/subject information.","Patient/subject information.","","","","","","","","","",,,,,"",,,,"EHDSDataSet.header.subject",1,1,"",""
"EHDSAlert","EHDSAlert.header.identifier","EHDSAlert.header.identifier","","","",0,*,"","","","Identifier {[]} {[]}
","Business identifier assigned to the resource or document (not a patient ID and not the technical resource ID).","Business identifier assigned to the resource or document (not a patient ID and not the technical resource ID).","Business identifier is unique within the system that assigns them. The same entity may have different unique identifiers assigned by different systems. Therefore, the identifier is always expected to be a pair of a system and a value.","","","","","","","","",,,,,"",,,,"EHDSDataSet.header.identifier",0,*,"",""
"EHDSAlert","EHDSAlert.header.author[x]","EHDSAlert.header.author[x]","","","",0,*,"","","","http://ehds.eu/fhir/models/StructureDefinition/EHDSHealthProfessional {[]} {[]}
http://ehds.eu/fhir/models/StructureDefinition/EHDSOrganisation {[]} {[]}http://ehds.eu/fhir/models/StructureDefinition/EHDSDevice {[]} {[]}http://ehds.eu/fhir/models/StructureDefinition/EHDSPatient {[]} {[]}http://ehds.eu/fhir/models/StructureDefinition/EHDSRelatedPerson {[]} {[]}","Author of the resource.","The author of the alert statement, i.e. the setter of the alert.","Author(s) responsible for the provided information. The exact role of the responsible author varies across use cases and is specific to individual models.","","","","","","","","",,,,,"",,,,"EHDSDataSet.header.author[x]",0,*,"",""
"EHDSAlert","EHDSAlert.header.patientInsertedData","EHDSAlert.header.patientInsertedData","","","",0,1,"","","","boolean {[]} {[]}
","Indicator that states, when included with value ‘true’, that the contents of this resource represent information inserted by the natural person or their representative. In this case, the contents shall not be considered as verified by a health professional or a healthcare provider, even if digitally signed by them as part of a bigger data set. Details of the person who inserted the information may be provided in the author[x] element.","Indicator that states, when included with value ‘true’, that the contents of this resource represent information inserted by the natural person or their representative. In this case, the contents shall not be considered as verified by a health professional or a healthcare provider, even if digitally signed by them as part of a bigger data set. Details of the person who inserted the information may be provided in the author[x] element.","","","","","","","","","",,,,,"",,,,"EHDSDataSet.header.patientInsertedData",0,1,"",""
"EHDSAlert","EHDSAlert.header.date","EHDSAlert.header.date","","","",0,1,"","","","dateTime {[]} {[]}
","Date and optionally time of authoring/issuing.","Date and optionally time of authoring/issuing.","","","","","","","","","",,,,,"",,,,"EHDSDataSet.header.date",0,1,"",""
"EHDSAlert","EHDSAlert.header.status","EHDSAlert.header.status","","","",1,1,"","","","CodeableConcept {[]} {[]}
","Status of the resource.","Status of the resource.","","","","","","","","","",,"required","Defined in the individual data set.","","",,,,"EHDSDataSet.header.status",1,1,"",""
"EHDSAlert","EHDSAlert.header.language","EHDSAlert.header.language","","","",0,1,"","","","CodeableConcept {[]} {[]}
","Language in which the resource is written. Language is expressed by the IETF language tag.","Language in which the resource is written. Language is expressed by the IETF language tag.","","","","","","","","","",,"required","BCP 47","","",,,,"EHDSDataSet.header.language",0,1,"",""
"EHDSAlert","EHDSAlert.code","EHDSAlert.code","","","",0,1,"","","","CodeableConcept {[]} {[]}
","A coded representation of the alert.","A coded representation of the alert.","","","","","","","","","",,"required","SNOMED CT","","",,,,"EHDSAlert.code",0,1,"",""
"EHDSAlert","EHDSAlert.description","EHDSAlert.description","","","",0,1,"","","","Narrative {[]} {[]}
","Narrative representation of the alert.","Narrative representation of the alert.","","","","","","","","","",,,,,"",,,,"EHDSAlert.description",0,1,"",""
"EHDSAlert","EHDSAlert.priority","EHDSAlert.priority","","","",0,1,"","","","CodeableConcept {[]} {[]}
","A code that identifies the priority of the alert.","A code that identifies the priority of the alert.","","","","","","","","","",,"required","HL7 Flag Priority Code","","",,,,"EHDSAlert.priority",0,1,"",""
"EHDSAlert","EHDSAlert.period","EHDSAlert.period","","","",0,1,"","","","Period {[]} {[]}
","Time period when alert is active. The period of time from the activation of the alert to inactivation of the alert. If the alert is active, the end of the period should be unspecified.","Time period when alert is active. The period of time from the activation of the alert to inactivation of the alert. If the alert is active, the end of the period should be unspecified.","","","","","","","","","",,,,,"",,,,"EHDSAlert.period",0,1,"",""
"EHDSAlert","EHDSAlert.sourceReference","EHDSAlert.sourceReference","","","",0,*,"","","","Resource {[]} {[]}
","A reference to the resource the alert is about.","A reference to the resource the alert is about.","","","","","","","","","",,,,,"",,,,"EHDSAlert.sourceReference",0,*,"",""
"EHDSAllergyIntolerance","EHDSAllergyIntolerance","EHDSAllergyIntolerance","","","",0,*,"","","","null {[]} {[]}
","Allergy intolerance model","EHDSAllergyIntolerance means a structured set of data elements describing a clinically identified predisposition of a patient to an adverse reaction upon exposure to a specific agent or allergen.","","","","","","","","","",,,,,"",,,,"Base",0,*,"",""
"EHDSAllergyIntolerance","EHDSAllergyIntolerance.header","EHDSAllergyIntolerance.header","","","",1,1,"","","","Base {[]} {[]}
","Basic metadata for this information.","Basic metadata for this information.","","","","","","","","","",,,,,"",,,,"EHDSDataSet.header",1,1,"",""
"EHDSAllergyIntolerance","EHDSAllergyIntolerance.header.subject","EHDSAllergyIntolerance.header.subject","","","",1,1,"","","","http://ehds.eu/fhir/models/StructureDefinition/EHDSPatient {[]} {[]}
","Patient/subject information.","Patient/subject information.","","","","","","","","","",,,,,"",,,,"EHDSDataSet.header.subject",1,1,"",""
"EHDSAllergyIntolerance","EHDSAllergyIntolerance.header.identifier","EHDSAllergyIntolerance.header.identifier","","","",0,*,"","","","Identifier {[]} {[]}
","Business identifier assigned to the resource or document (not a patient ID and not the technical resource ID).","Business identifier assigned to the resource or document (not a patient ID and not the technical resource ID).","Business identifier is unique within the system that assigns them. The same entity may have different unique identifiers assigned by different systems. Therefore, the identifier is always expected to be a pair of a system and a value.","","","","","","","","",,,,,"",,,,"EHDSDataSet.header.identifier",0,*,"",""
"EHDSAllergyIntolerance","EHDSAllergyIntolerance.header.author[x]","EHDSAllergyIntolerance.header.author[x]","","","",0,*,"","","","http://ehds.eu/fhir/models/StructureDefinition/EHDSHealthProfessional {[]} {[]}
http://ehds.eu/fhir/models/StructureDefinition/EHDSOrganisation {[]} {[]}http://ehds.eu/fhir/models/StructureDefinition/EHDSDevice {[]} {[]}http://ehds.eu/fhir/models/StructureDefinition/EHDSPatient {[]} {[]}http://ehds.eu/fhir/models/StructureDefinition/EHDSRelatedPerson {[]} {[]}","Author of the resource.","The author of the allergy/intolerance information.","Author(s) responsible for the provided information. The exact role of the responsible author varies across use cases and is specific to individual models.","","","","","","","","",,,,,"",,,,"EHDSDataSet.header.author[x]",0,*,"",""
"EHDSAllergyIntolerance","EHDSAllergyIntolerance.header.patientInsertedData","EHDSAllergyIntolerance.header.patientInsertedData","","","",0,1,"","","","boolean {[]} {[]}
","Indicator that states, when included with value ‘true’, that the contents of this resource represent information inserted by the natural person or their representative. In this case, the contents shall not be considered as verified by a health professional or a healthcare provider, even if digitally signed by them as part of a bigger data set. Details of the person who inserted the information may be provided in the author[x] element.","Indicator that states, when included with value ‘true’, that the contents of this resource represent information inserted by the natural person or their representative. In this case, the contents shall not be considered as verified by a health professional or a healthcare provider, even if digitally signed by them as part of a bigger data set. Details of the person who inserted the information may be provided in the author[x] element.","","","","","","","","","",,,,,"",,,,"EHDSDataSet.header.patientInsertedData",0,1,"",""
"EHDSAllergyIntolerance","EHDSAllergyIntolerance.header.date","EHDSAllergyIntolerance.header.date","","","",0,1,"","","","dateTime {[]} {[]}
","Date and optionally time of authoring/issuing.","Date and optionally time of authoring/issuing.","","","","","","","","","",,,,,"",,,,"EHDSDataSet.header.date",0,1,"",""
"EHDSAllergyIntolerance","EHDSAllergyIntolerance.header.status","EHDSAllergyIntolerance.header.status","","","",1,1,"","","","CodeableConcept {[]} {[]}
","Current status of the allergy or intolerance, for example, whether it is active, inactive, or resolved.","Current status of the allergy or intolerance, for example, whether it is active, inactive, or resolved.","","","","","","","","","",,"required","HL7 AllergyIntolerance Clinical Status Codes","","",,,,"EHDSDataSet.header.status",1,1,"",""
"EHDSAllergyIntolerance","EHDSAllergyIntolerance.header.language","EHDSAllergyIntolerance.header.language","","","",0,1,"","","","CodeableConcept {[]} {[]}
","Language in which the resource is written. Language is expressed by the IETF language tag.","Language in which the resource is written. Language is expressed by the IETF language tag.","","","","","","","","","",,"required","BCP 47","","",,,,"EHDSDataSet.header.language",0,1,"",""
"EHDSAllergyIntolerance","EHDSAllergyIntolerance.agentOrAllergen","EHDSAllergyIntolerance.agentOrAllergen","","","",1,1,"","","","CodeableConcept {[]} {[]}
","Code that identifies the allergy or intolerance.","Code that identifies the allergy or intolerance.","Code for an allergy or intolerance statement (either a positive or a negated/excluded statement). This may be a code for a substance or pharmaceutical product that is considered to be responsible for the adverse reaction risk (e.g., Latex), an allergy or intolerance condition (e.g., Latex allergy), or a negated/excluded code for a specific substance or class (e.g., No latex allergy). It must be clinically safe to only process the 'code' and ignore the 'reaction.substance'.","","","","","","","","",,"required","ATC, EMA SPOR SMS, SNOMED CT","","",,,,"EHDSAllergyIntolerance.agentOrAllergen",1,1,"",""
"EHDSAllergyIntolerance","EHDSAllergyIntolerance.note","EHDSAllergyIntolerance.note","","","",0,1,"","","","string {[]} {[]}
","Free text notes by the health professional.","Free text notes by the health professional.","","","","","","","","","",,,,,"",,,,"EHDSAllergyIntolerance.note",0,1,"",""
"EHDSAllergyIntolerance","EHDSAllergyIntolerance.criticality","EHDSAllergyIntolerance.criticality","","","",0,1,"","","","CodeableConcept {[]} {[]}
","Estimate of the potential clinical harm, or seriousness, of a reaction to an identified substance.","Estimate of the potential clinical harm, or seriousness, of a reaction to an identified substance.","","","","","","","","","",,"required","HL7 Allergy Intolerance Criticality","","",,,,"EHDSAllergyIntolerance.criticality",0,1,"",""
"EHDSAllergyIntolerance","EHDSAllergyIntolerance.certainty","EHDSAllergyIntolerance.certainty","","","",0,1,"","","","CodeableConcept {[]} {[]}
","Assertion about the certainty associated with a propensity, or potential risk, of a reaction to the identified substance. Diagnostic and /or clinical evidence of condition","Assertion about the certainty associated with a propensity, or potential risk, of a reaction to the identified substance. Diagnostic and /or clinical evidence of condition","","","","","","","","","",,"required","HL7 Allergy Intolerance Verification Codes","","",,,,"EHDSAllergyIntolerance.certainty",0,1,"",""
"EHDSAllergyIntolerance","EHDSAllergyIntolerance.onsetDate","EHDSAllergyIntolerance.onsetDate","","","",0,1,"","","","dateTime {[]} {[]}
","When allergy or intolerance was identified.","When allergy or intolerance was identified.","","","","","","","","","",,,,,"",,,,"EHDSAllergyIntolerance.onsetDate",0,1,"",""
"EHDSAllergyIntolerance","EHDSAllergyIntolerance.endDate","EHDSAllergyIntolerance.endDate","","","",0,1,"","","","dateTime {[]} {[]}
","Date of resolution of the allergy or intolerance (e.g. when the clinician deemed there is no longer any need to track the underlying condition).","Date of resolution of the allergy or intolerance (e.g. when the clinician deemed there is no longer any need to track the underlying condition).","","","","","","","","","",,,,,"",,,,"EHDSAllergyIntolerance.endDate",0,1,"",""
"EHDSAllergyIntolerance","EHDSAllergyIntolerance.reaction","EHDSAllergyIntolerance.reaction","","","",0,*,"","","","Base {[]} {[]}
","Adverse reaction events linked to exposure to substance.","Adverse reaction events linked to exposure to substance.","","","","","","","","","",,,,,"",,,,"EHDSAllergyIntolerance.reaction",0,*,"",""
"EHDSAllergyIntolerance","EHDSAllergyIntolerance.reaction.manifestation","EHDSAllergyIntolerance.reaction.manifestation","","","",0,*,"","","","CodeableConcept {[]} {[]}
","Description of the clinical manifestation of the allergic reaction.","Description of the clinical manifestation of the allergic reaction.","","","","","","","","","",,"required","SNOMED CT","","",,,,"EHDSAllergyIntolerance.reaction.manifestation",0,*,"",""
"EHDSAllergyIntolerance","EHDSAllergyIntolerance.reaction.severity","EHDSAllergyIntolerance.reaction.severity","","","",0,1,"","","","CodeableConcept {[]} {[]}
","Severity of the clinical manifestation of the allergic reaction.","Severity of the clinical manifestation of the allergic reaction.","","","","","","","","","",,"required","HL7 AllergyIntolerance Severity","","",,,,"EHDSAllergyIntolerance.reaction.severity",0,1,"",""
"EHDSAllergyIntolerance","EHDSAllergyIntolerance.reaction.onset","EHDSAllergyIntolerance.reaction.onset","","","",0,1,"","","","dateTime {[]} {[]}
","Date and time of the onset of the reaction.","Date and time of the onset of the reaction.","","","","","","","","","",,,,,"",,,,"EHDSAllergyIntolerance.reaction.onset",0,1,"",""
"EHDSAttachment","EHDSAttachment","EHDSAttachment","","","",0,*,"","","","null {[]} {[]}
","Attachment model","EHDSAttachment means a structured set of data elements describing additional content, in a format identifiable by a MIME type, including images, clinical reports, or other documents.","","","","","","","","","",,,,,"",,,,"Base",0,*,"",""
"EHDSAttachment","EHDSAttachment.contentType","EHDSAttachment.contentType","","","",0,1,"","","","CodeableConcept {[]} {[]}
","Mime type of the content, with charset etc.","Mime type of the content, with charset etc.","","","","","","","","","",,"required","BCP 13","","",,,,"EHDSAttachment.contentType",0,1,"",""
"EHDSAttachment","EHDSAttachment.language","EHDSAttachment.language","","","",0,1,"","","","CodeableConcept {[]} {[]}
","Human language of the content","Human language of the content","","","","","","","","","",,"required","BCP 47","","",,,,"EHDSAttachment.language",0,1,"",""
"EHDSAttachment","EHDSAttachment.data","EHDSAttachment.data","","","",0,1,"","","","base64Binary {[]} {[]}
","The actual data of the attachment - a sequence of bytes, base64 encoded.","The actual data of the attachment - a sequence of bytes, base64 encoded.","","","","","","","","","",,,,,"",,,,"EHDSAttachment.data",0,1,"",""
"EHDSAttachment","EHDSAttachment.url","EHDSAttachment.url","","","",0,1,"","","","uri {[]} {[]}
","A location where the data can be accessed.","A location where the data can be accessed.","","","","","","","","","",,,,,"",,,,"EHDSAttachment.url",0,1,"",""
"EHDSAttachment","EHDSAttachment.size","EHDSAttachment.size","","","",0,1,"","","","integer64 {[]} {[]}
","The number of bytes of data that make up this attachment (before base64 encoding).","The number of bytes of data that make up this attachment (before base64 encoding).","","","","","","","","","",,,,,"",,,,"EHDSAttachment.size",0,1,"",""
"EHDSAttachment","EHDSAttachment.title","EHDSAttachment.title","","","",0,1,"","","","string {[]} {[]}
","A label or set of text to display in place of the data.","A label or set of text to display in place of the data.","","","","","","","","","",,,,,"",,,,"EHDSAttachment.title",0,1,"",""
"EHDSBodyStructure","EHDSBodyStructure","EHDSBodyStructure","","","",0,*,"","","","null {[]} {[]}
","Body structure model","EHDSBodyStructure means a structured set of data elements describing an anatomical structure of a patient.","","","","","","","","","",,,,,"",,,,"Base",0,*,"",""
"EHDSBodyStructure","EHDSBodyStructure.morphology","EHDSBodyStructure.morphology","","","",0,1,"","","","CodeableConcept {[]} {[]}
","The kind of structure being represented by the body structure at BodyStructure.location. This can define both normal and abnormal morphologies.","The kind of structure being represented by the body structure at BodyStructure.location. This can define both normal and abnormal morphologies.","","","","","","","","","",,"required","SNOMED CT","","",,,,"EHDSBodyStructure.morphology",0,1,"",""
"EHDSBodyStructure","EHDSBodyStructure.location","EHDSBodyStructure.location","","","",0,1,"","","","CodeableConcept {[]} {[]}
","Body site","Body site","","","","","","","","","",,"required","SNOMED CT","","",,,,"EHDSBodyStructure.location",0,1,"",""
"EHDSBodyStructure","EHDSBodyStructure.locationQualifier","EHDSBodyStructure.locationQualifier","","","",0,*,"","","","CodeableConcept {[]} {[]}
","Additional qualifier of the body structure (e.g. upper, lower, distal, proximal).","Additional qualifier of the body structure (e.g. upper, lower, distal, proximal).","","","","","","","","","",,"required","SNOMED CT","","",,,,"EHDSBodyStructure.locationQualifier",0,*,"",""
"EHDSBodyStructure","EHDSBodyStructure.laterality","EHDSBodyStructure.laterality","","","",0,1,"","","","CodeableConcept {[]} {[]}
","Body structure laterality (e.g. left, right).","Body structure laterality (e.g. left, right).","","","","","","","","","",,"required","SNOMED CT","","",,,,"EHDSBodyStructure.laterality",0,1,"",""
"EHDSBodyStructure","EHDSBodyStructure.description","EHDSBodyStructure.description","","","",0,1,"","","","string {[]} {[]}
","Textual description of the body structure","Textual description of the body structure","","","","","","","","","",,,,,"",,,,"EHDSBodyStructure.description",0,1,"",""
"EHDSCarePlan","EHDSCarePlan","EHDSCarePlan","","","",0,*,"","","","null {[]} {[]}
","Care plan model","EHDSCarePlan means a structured set of data elements describing the intended management of a patient's health conditions but excluding pharmacological treatment plans that are represented through medication model.","","","","","","","","","",,,,,"",,,,"Base",0,*,"",""
"EHDSCarePlan","EHDSCarePlan.header","EHDSCarePlan.header","","","",1,1,"","","","Base {[]} {[]}
","Basic metadata for this information.","Basic metadata for this information.","","","","","","","","","",,,,,"",,,,"EHDSDataSet.header",1,1,"",""
"EHDSCarePlan","EHDSCarePlan.header.subject","EHDSCarePlan.header.subject","","","",1,1,"","","","http://ehds.eu/fhir/models/StructureDefinition/EHDSPatient {[]} {[]}
","The patient whose intended care is described in the plan.","The patient whose intended care is described in the plan.","","","","","","","","","",,,,,"",,,,"EHDSDataSet.header.subject",1,1,"",""
"EHDSCarePlan","EHDSCarePlan.header.identifier","EHDSCarePlan.header.identifier","","","",0,*,"","","","Identifier {[]} {[]}
","Identifier for the care plan.","Identifier for the care plan.","Business identifier is unique within the system that assigns them. The same entity may have different unique identifiers assigned by different systems. Therefore, the identifier is always expected to be a pair of a system and a value.","","","","","","","","",,,,,"",,,,"EHDSDataSet.header.identifier",0,*,"",""
"EHDSCarePlan","EHDSCarePlan.header.author[x]","EHDSCarePlan.header.author[x]","","","",0,*,"","","","http://ehds.eu/fhir/models/StructureDefinition/EHDSHealthProfessional {[]} {[]}
http://ehds.eu/fhir/models/StructureDefinition/EHDSOrganisation {[]} {[]}http://ehds.eu/fhir/models/StructureDefinition/EHDSDevice {[]} {[]}http://ehds.eu/fhir/models/StructureDefinition/EHDSPatient {[]} {[]}http://ehds.eu/fhir/models/StructureDefinition/EHDSRelatedPerson {[]} {[]}","Author of the resource.","Author of the resource.","Author(s) responsible for the provided information. The exact role of the responsible author varies across use cases and is specific to individual models.","","","","","","","","",,,,,"",,,,"EHDSDataSet.header.author[x]",0,*,"",""
"EHDSCarePlan","EHDSCarePlan.header.patientInsertedData","EHDSCarePlan.header.patientInsertedData","","","",0,1,"","","","boolean {[]} {[]}
","Indicator that states, when included with value ‘true’, that the contents of this resource represent information inserted by the natural person or their representative. In this case, the contents shall not be considered as verified by a health professional or a healthcare provider, even if digitally signed by them as part of a bigger data set. Details of the person who inserted the information may be provided in the author[x] element.","Indicator that states, when included with value ‘true’, that the contents of this resource represent information inserted by the natural person or their representative. In this case, the contents shall not be considered as verified by a health professional or a healthcare provider, even if digitally signed by them as part of a bigger data set. Details of the person who inserted the information may be provided in the author[x] element.","","","","","","","","","",,,,,"",,,,"EHDSDataSet.header.patientInsertedData",0,1,"",""
"EHDSCarePlan","EHDSCarePlan.header.date","EHDSCarePlan.header.date","","","",0,1,"","","","dateTime {[]} {[]}
","Date and optionally time of authoring/issuing.","Date and optionally time of authoring/issuing.","","","","","","","","","",,,,,"",,,,"EHDSDataSet.header.date",0,1,"",""
"EHDSCarePlan","EHDSCarePlan.header.status","EHDSCarePlan.header.status","","","",1,1,"","","","CodeableConcept {[]} {[]}
","Status of the resource.","Indicates whether the plan is currently being acted upon, represents future intentions, or is now a historical record.","","","","","","","","","",,"required","HL7 Request Status","","",,,,"EHDSDataSet.header.status",1,1,"",""
"EHDSCarePlan","EHDSCarePlan.header.language","EHDSCarePlan.header.language","","","",0,1,"","","","CodeableConcept {[]} {[]}
","Language in which the resource is written. Language is expressed by the IETF language tag.","Language in which the resource is written. Language is expressed by the IETF language tag.","","","","","","","","","",,"required","BCP 47","","",,,,"EHDSDataSet.header.language",0,1,"",""
"EHDSCarePlan","EHDSCarePlan.title","EHDSCarePlan.title","","","",0,1,"","","","string {[]} {[]}
","Human-friendly name for the care plan.","Human-friendly name for the care plan.","","","","","","","","","",,,,,"",,,,"EHDSCarePlan.title",0,1,"",""
"EHDSCarePlan","EHDSCarePlan.description","EHDSCarePlan.description","","","",0,1,"","","","string {[]} {[]}
","A description of the scope and nature of the plan.","A description of the scope and nature of the plan.","","","","","","","","","",,,,,"",,,,"EHDSCarePlan.description",0,1,"",""
"EHDSCarePlan","EHDSCarePlan.period","EHDSCarePlan.period","","","",0,1,"","","","Period {[]} {[]}
","Indicates when the plan did (or is intended to) come into effect and end.","Indicates when the plan did (or is intended to) come into effect and end.","","","","","","","","","",,,,,"",,,,"EHDSCarePlan.period",0,1,"",""
"EHDSCarePlan","EHDSCarePlan.conditionAddresses[x]","EHDSCarePlan.conditionAddresses[x]","","","",0,*,"","","","CodeableConcept {[]} {[]}
http://ehds.eu/fhir/models/StructureDefinition/EHDSCondition {[]} {[]}","Conditions/problems/concerns/diagnoses/etc whose management and/or mitigation are handled by this plan.","Conditions/problems/concerns/diagnoses/etc whose management and/or mitigation are handled by this plan.","","","","","","","","","",,"required","SNOMED CT (preferred), ICD-10, Orphacode","","",,,,"EHDSCarePlan.conditionAddresses[x]",0,*,"",""
"EHDSCarePlan","EHDSCarePlan.activity","EHDSCarePlan.activity","","","",0,*,"","","","Base {[]} {[]}
","The details of the proposed activity represented in a specific resource.","The details of the proposed activity represented in a specific resource.","","","","","","","","","",,,,,"",,,,"EHDSCarePlan.activity",0,*,"",""
"EHDSCarePlan","EHDSCarePlan.activity.description[x]","EHDSCarePlan.activity.description[x]","","","",0,1,"","","","CodeableConcept {[]} {[]}
string {[]} {[]}","A code or text that identifies the activity type.","A code or text that identifies the activity type.","","","","","","","","","",,"required","SNOMED CT","","",,,,"EHDSCarePlan.activity.description[x]",0,1,"",""
"EHDSCarePlan","EHDSCarePlan.goal","EHDSCarePlan.goal","","","",0,*,"","","","Base {[]} {[]}
","Describes the intended objective(s) of carrying out the care plan.","Describes the intended objective(s) of carrying out the care plan.","","","","","","","","","",,,,,"",,,,"EHDSCarePlan.goal",0,*,"",""
"EHDSCarePlan","EHDSCarePlan.goal.description[x]","EHDSCarePlan.goal.description[x]","","","",0,1,"","","","CodeableConcept {[]} {[]}
string {[]} {[]}","A code or text describing the goal.","A code or text describing the goal.","","","","","","","","","",,"required","Not defined","","",,,,"EHDSCarePlan.goal.description[x]",0,1,"",""
"EHDSCondition","EHDSCondition","EHDSCondition","","","",0,*,"","","","null {[]} {[]}
","Condition model","EHDSCondition means a structured set of data elements describing a clinical condition, problem, or diagnosis.","","","","","","","","","",,,,,"",,,,"Base",0,*,"",""
"EHDSCondition","EHDSCondition.header","EHDSCondition.header","","","",1,1,"","","","Base {[]} {[]}
","Basic metadata for this information.","Basic metadata for this information.","","","","","","","","","",,,,,"",,,,"EHDSDataSet.header",1,1,"",""
"EHDSCondition","EHDSCondition.header.subject","EHDSCondition.header.subject","","","",1,1,"","","","http://ehds.eu/fhir/models/StructureDefinition/EHDSPatient {[]} {[]}
","Patient/subject information.","Patient/subject information.","","","","","","","","","",,,,,"",,,,"EHDSDataSet.header.subject",1,1,"",""
"EHDSCondition","EHDSCondition.header.identifier","EHDSCondition.header.identifier","","","",0,*,"","","","Identifier {[]} {[]}
","Business identifier assigned to the resource or document (not a patient ID and not the technical resource ID).","Business identifier assigned to the resource or document (not a patient ID and not the technical resource ID).","Business identifier is unique within the system that assigns them. The same entity may have different unique identifiers assigned by different systems. Therefore, the identifier is always expected to be a pair of a system and a value.","","","","","","","","",,,,,"",,,,"EHDSDataSet.header.identifier",0,*,"",""
"EHDSCondition","EHDSCondition.header.author[x]","EHDSCondition.header.author[x]","","","",0,*,"","","","http://ehds.eu/fhir/models/StructureDefinition/EHDSHealthProfessional {[]} {[]}
http://ehds.eu/fhir/models/StructureDefinition/EHDSOrganisation {[]} {[]}http://ehds.eu/fhir/models/StructureDefinition/EHDSDevice {[]} {[]}http://ehds.eu/fhir/models/StructureDefinition/EHDSPatient {[]} {[]}http://ehds.eu/fhir/models/StructureDefinition/EHDSRelatedPerson {[]} {[]}","Author of the resource.","The author of the condition information.","Author(s) responsible for the provided information. The exact role of the responsible author varies across use cases and is specific to individual models.","","","","","","","","",,,,,"",,,,"EHDSDataSet.header.author[x]",0,*,"",""
"EHDSCondition","EHDSCondition.header.patientInsertedData","EHDSCondition.header.patientInsertedData","","","",0,1,"","","","boolean {[]} {[]}
","Indicator that states, when included with value ‘true’, that the contents of this resource represent information inserted by the natural person or their representative. In this case, the contents shall not be considered as verified by a health professional or a healthcare provider, even if digitally signed by them as part of a bigger data set. Details of the person who inserted the information may be provided in the author[x] element.","Indicator that states, when included with value ‘true’, that the contents of this resource represent information inserted by the natural person or their representative. In this case, the contents shall not be considered as verified by a health professional or a healthcare provider, even if digitally signed by them as part of a bigger data set. Details of the person who inserted the information may be provided in the author[x] element.","","","","","","","","","",,,,,"",,,,"EHDSDataSet.header.patientInsertedData",0,1,"",""
"EHDSCondition","EHDSCondition.header.date","EHDSCondition.header.date","","","",0,1,"","","","dateTime {[]} {[]}
","Date and optionally time of authoring/issuing.","Date and optionally time of authoring/issuing.","","","","","","","","","",,,,,"",,,,"EHDSDataSet.header.date",0,1,"",""
"EHDSCondition","EHDSCondition.header.status","EHDSCondition.header.status","","","",1,1,"","","","CodeableConcept {[]} {[]}
","Status of the condition/problem (e.g. active, resolved, inactive, etc).","Status of the condition/problem (e.g. active, resolved, inactive, etc).","","","","","","","","","",,"required","HL7 Condition Clinical Status Codes","","",,,,"EHDSDataSet.header.status",1,1,"",""
"EHDSCondition","EHDSCondition.header.language","EHDSCondition.header.language","","","",0,1,"","","","CodeableConcept {[]} {[]}
","Language in which the resource is written. Language is expressed by the IETF language tag.","Language in which the resource is written. Language is expressed by the IETF language tag.","","","","","","","","","",,"required","BCP 47","","",,,,"EHDSDataSet.header.language",0,1,"",""
"EHDSCondition","EHDSCondition.code","EHDSCondition.code","","","",1,1,"","","","CodeableConcept {[]} {[]}
","Code identifying the condition, problem or diagnosis.","Code identifying the condition, problem or diagnosis.","","","","","","","","","",,"required","SNOMED CT (preferred), ICD-10, ICD-O, Orphacode","","",,,,"EHDSCondition.code",1,1,"",""
"EHDSCondition","EHDSCondition.onsetDate","EHDSCondition.onsetDate","","","",0,1,"","","","dateTime {[]} {[]}
","Estimated or actual date the problem/condition began.","Estimated or actual date the problem/condition began.","","","","","","","","","",,,,,"",,,,"EHDSCondition.onsetDate",0,1,"",""
"EHDSCondition","EHDSCondition.endDate","EHDSCondition.endDate","","","",0,1,"","","","dateTime {[]} {[]}
","The date or estimated date that the condition resolved or went into remission.","The date or estimated date that the condition resolved or went into remission.","","","","","","","","","",,,,,"",,,,"EHDSCondition.endDate",0,1,"",""
"EHDSCondition","EHDSCondition.category","EHDSCondition.category","","","",0,*,"","","","CodeableConcept {[]} {[]}
","Category of the problem (e.g. POA - present on admission, HAC - hospital acquired condition, and other categorisations).","Category of the problem (e.g. POA - present on admission, HAC - hospital acquired condition, and other categorisations).","","","","","","","","","",,"required","SNOMED CT","","",,,,"EHDSCondition.category",0,*,"",""
"EHDSCondition","EHDSCondition.resolutionCircumstances","EHDSCondition.resolutionCircumstances","","","",0,1,"","","","string {[]} {[]}
","Describes the reason for which the status of the problem changed from current to inactive (e.g. surgical procedure, medical treatment, etc.).","Describes the reason for which the status of the problem changed from current to inactive (e.g. surgical procedure, medical treatment, etc.).","","","","","","","","","",,,,,"",,,,"EHDSCondition.resolutionCircumstances",0,1,"",""
"EHDSCondition","EHDSCondition.severity","EHDSCondition.severity","","","",0,1,"","","","CodeableConcept {[]} {[]}
","A subjective assessment of the severity of the condition.","A subjective assessment of the severity of the condition.","","","","","","","","","",,"required","SNOMED CT","","",,,,"EHDSCondition.severity",0,1,"",""
"EHDSCondition","EHDSCondition.bodySite","EHDSCondition.bodySite","","","",0,*,"","","","http://ehds.eu/fhir/models/StructureDefinition/EHDSBodyStructure {[]} {[]}
","The anatomical location including laterality where this condition manifests itself.","The anatomical location including laterality where this condition manifests itself.","","","","","","","","","",,,,,"",,,,"EHDSCondition.bodySite",0,*,"",""
"EHDSCondition","EHDSCondition.stage","EHDSCondition.stage","","","",0,*,"","","","CodeableConcept {[]} {[]}
","Stage/grade usually assessed formally using a specific staging/grading system. Multiple assessment systems could be used.","Stage/grade usually assessed formally using a specific staging/grading system. Multiple assessment systems could be used.","","","","","","","","","",,"required","Not defined","","",,,,"EHDSCondition.stage",0,*,"",""
"EHDSCondition","EHDSCondition.diagnosisAssertionStatus","EHDSCondition.diagnosisAssertionStatus","","","",0,1,"","","","CodeableConcept {[]} {[]}
","Assertion about the certainty associated with a diagnosis. Diagnostic and/or clinical evidence of condition.","Assertion about the certainty associated with a diagnosis. Diagnostic and/or clinical evidence of condition.","","","","","","","","","",,"required","HL7 Condition Verification Status","","",,,,"EHDSCondition.diagnosisAssertionStatus",0,1,"",""
"EHDSCondition","EHDSCondition.specialistContact","EHDSCondition.specialistContact","","","",0,*,"","","","http://ehds.eu/fhir/models/StructureDefinition/EHDSHealthProfessional {[]} {[]}
","Health Professional who may be specifically related to the problem, as a preferred contact.","Health Professional who may be specifically related to the problem, as a preferred contact.","","","","","","","","","",,,,,"",,,,"EHDSCondition.specialistContact",0,*,"",""
"EHDSCondition","EHDSCondition.externalResource","EHDSCondition.externalResource","","","",0,*,"","","","uri {[]} {[]}
","External resource which may be specifically related to the problem, for example a link to a guideline on a specific rare disease problem.","External resource which may be specifically related to the problem, for example a link to a guideline on a specific rare disease problem.","","","","","","","","","",,,,,"",,,,"EHDSCondition.externalResource",0,*,"",""
"EHDSCondition","EHDSCondition.note","EHDSCondition.note","","","",0,1,"","","","string {[]} {[]}
","Free text note by the health professional.","Free text note by the health professional.","","","","","","","","","",,,,,"",,,,"EHDSCondition.note",0,1,"",""
"EHDSCurrentPregnancyStatus","EHDSCurrentPregnancyStatus","EHDSCurrentPregnancyStatus","","","",0,*,"","","","null {[]} {[]}
","Current pregnancy status model","EHDSCurrentPregnancyStatus means a structured set of data elements describing a patient's pregnancy status at a given point in time.","","","","","","","","","",,,,,"",,,,"Base",0,*,"",""
"EHDSCurrentPregnancyStatus","EHDSCurrentPregnancyStatus.header","EHDSCurrentPregnancyStatus.header","","","",1,1,"","","","Base {[]} {[]}
","Basic metadata for this information.","Basic metadata for this information.","","","","","","","","","",,,,,"",,,,"EHDSDataSet.header",1,1,"",""
"EHDSCurrentPregnancyStatus","EHDSCurrentPregnancyStatus.header.subject","EHDSCurrentPregnancyStatus.header.subject","","","",1,1,"","","","http://ehds.eu/fhir/models/StructureDefinition/EHDSPatient {[]} {[]}
","Patient/subject information.","Patient/subject information.","","","","","","","","","",,,,,"",,,,"EHDSDataSet.header.subject",1,1,"",""
"EHDSCurrentPregnancyStatus","EHDSCurrentPregnancyStatus.header.identifier","EHDSCurrentPregnancyStatus.header.identifier","","","",0,*,"","","","Identifier {[]} {[]}
","Business identifier assigned to the resource or document (not a patient ID and not the technical resource ID).","Business identifier assigned to the resource or document (not a patient ID and not the technical resource ID).","Business identifier is unique within the system that assigns them. The same entity may have different unique identifiers assigned by different systems. Therefore, the identifier is always expected to be a pair of a system and a value.","","","","","","","","",,,,,"",,,,"EHDSDataSet.header.identifier",0,*,"",""
"EHDSCurrentPregnancyStatus","EHDSCurrentPregnancyStatus.header.author[x]","EHDSCurrentPregnancyStatus.header.author[x]","","","",0,*,"","","","http://ehds.eu/fhir/models/StructureDefinition/EHDSHealthProfessional {[]} {[]}
http://ehds.eu/fhir/models/StructureDefinition/EHDSOrganisation {[]} {[]}http://ehds.eu/fhir/models/StructureDefinition/EHDSDevice {[]} {[]}http://ehds.eu/fhir/models/StructureDefinition/EHDSPatient {[]} {[]}http://ehds.eu/fhir/models/StructureDefinition/EHDSRelatedPerson {[]} {[]}","Author of the resource.","The author of this observation.","Author(s) responsible for the provided information. The exact role of the responsible author varies across use cases and is specific to individual models.","","","","","","","","",,,,,"",,,,"EHDSDataSet.header.author[x]",0,*,"",""
"EHDSCurrentPregnancyStatus","EHDSCurrentPregnancyStatus.header.patientInsertedData","EHDSCurrentPregnancyStatus.header.patientInsertedData","","","",0,1,"","","","boolean {[]} {[]}
","Indicator that states, when included with value ‘true’, that the contents of this resource represent information inserted by the natural person or their representative. In this case, the contents shall not be considered as verified by a health professional or a healthcare provider, even if digitally signed by them as part of a bigger data set. Details of the person who inserted the information may be provided in the author[x] element.","Indicator that states, when included with value ‘true’, that the contents of this resource represent information inserted by the natural person or their representative. In this case, the contents shall not be considered as verified by a health professional or a healthcare provider, even if digitally signed by them as part of a bigger data set. Details of the person who inserted the information may be provided in the author[x] element.","","","","","","","","","",,,,,"",,,,"EHDSDataSet.header.patientInsertedData",0,1,"",""
"EHDSCurrentPregnancyStatus","EHDSCurrentPregnancyStatus.header.date","EHDSCurrentPregnancyStatus.header.date","","","",0,1,"","","","dateTime {[]} {[]}
","Date and optionally time of authoring/issuing.","Date and optionally time of authoring/issuing.","","","","","","","","","",,,,,"",,,,"EHDSDataSet.header.date",0,1,"",""
"EHDSCurrentPregnancyStatus","EHDSCurrentPregnancyStatus.header.status","EHDSCurrentPregnancyStatus.header.status","","","",1,1,"","","","CodeableConcept {[]} {[]}
","Status of this observation.","Status of this observation.","","","","","","","","","",,"required","HL7 Observation Status","","",,,,"EHDSDataSet.header.status",1,1,"",""
"EHDSCurrentPregnancyStatus","EHDSCurrentPregnancyStatus.header.language","EHDSCurrentPregnancyStatus.header.language","","","",0,1,"","","","CodeableConcept {[]} {[]}
","Language in which the resource is written. Language is expressed by the IETF language tag.","Language in which the resource is written. Language is expressed by the IETF language tag.","","","","","","","","","",,"required","BCP 47","","",,,,"EHDSDataSet.header.language",0,1,"",""
"EHDSCurrentPregnancyStatus","EHDSCurrentPregnancyStatus.currentPregnancyStatus","EHDSCurrentPregnancyStatus.currentPregnancyStatus","","","",1,1,"","","","CodeableConcept {[]} {[]}
","Pregnancy status of the patient, e.g. pregnant, not pregnant, possible pregnancy.","Pregnancy status of the patient, e.g. pregnant, not pregnant, possible pregnancy.","","","","","","","","","",,"required","SNOMED CT","","",,,,"EHDSCurrentPregnancyStatus.currentPregnancyStatus",1,1,"",""
"EHDSCurrentPregnancyStatus","EHDSCurrentPregnancyStatus.dateOfStatus","EHDSCurrentPregnancyStatus.dateOfStatus","","","",0,1,"","","","dateTime {[]} {[]}
","Effective date of the current pregnancy status.","Effective date of the current pregnancy status.","","","","","","","","","",,,,,"",,,,"EHDSCurrentPregnancyStatus.dateOfStatus",0,1,"",""
"EHDSCurrentPregnancyStatus","EHDSCurrentPregnancyStatus.expectedDateOfDelivery","EHDSCurrentPregnancyStatus.expectedDateOfDelivery","","","",0,1,"","","","date {[]} {[]}
","Date in which the woman is due to give birth. Year, day and month are required.","Date in which the woman is due to give birth. Year, day and month are required.","","","","","","","","","",,,,,"",,,,"EHDSCurrentPregnancyStatus.expectedDateOfDelivery",0,1,"",""
"EHDSCurrentPregnancyStatus","EHDSCurrentPregnancyStatus.gestationalAge","EHDSCurrentPregnancyStatus.gestationalAge","","","",0,1,"","","","Quantity {[]} {[]}
","Duration of the pregnancy (weeks and/or days) at the time of the observation.","Duration of the pregnancy (weeks and/or days) at the time of the observation.","","","","","","","","","",,"required","UCUM","","",,,,"EHDSCurrentPregnancyStatus.gestationalAge",0,1,"",""
"EHDSCurrentPregnancyStatus","EHDSCurrentPregnancyStatus.note","EHDSCurrentPregnancyStatus.note","","","",0,1,"","","","string {[]} {[]}
","Free text notes by the health professional.","Free text notes by the health professional.","","","","","","","","","",,,,,"",,,,"EHDSCurrentPregnancyStatus.note",0,1,"",""
"EHDSDataSet","EHDSDataSet","EHDSDataSet","","","",0,*,"","","","null {[]} {[]}
","DataSet model","Data group that is used as a template for deriving other data groups.","","","","","","","","","",,,,,"",,,,"Base",0,*,"",""
"EHDSDataSet","EHDSDataSet.header","EHDSDataSet.header","","","",1,1,"","","","Base {[]} {[]}
","Basic metadata for this information.","Basic metadata for this information.","","","","","","","","","",,,,,"",,,,"EHDSDataSet.header",1,1,"",""
"EHDSDataSet","EHDSDataSet.header.subject","EHDSDataSet.header.subject","","","",1,1,"","","","http://ehds.eu/fhir/models/StructureDefinition/EHDSPatient {[]} {[]}
","Patient/subject information.","Patient/subject information.","","","","","","","","","",,,,,"",,,,"EHDSDataSet.header.subject",1,1,"",""
"EHDSDataSet","EHDSDataSet.header.identifier","EHDSDataSet.header.identifier","","","",0,*,"","","","Identifier {[]} {[]}
","Business identifier assigned to the resource or document (not a patient ID and not the technical resource ID).","Business identifier assigned to the resource or document (not a patient ID and not the technical resource ID).","Business identifier is unique within the system that assigns them. The same entity may have different unique identifiers assigned by different systems. Therefore, the identifier is always expected to be a pair of a system and a value.","","","","","","","","",,,,,"",,,,"EHDSDataSet.header.identifier",0,*,"",""
"EHDSDataSet","EHDSDataSet.header.author[x]","EHDSDataSet.header.author[x]","","","",0,*,"","","","http://ehds.eu/fhir/models/StructureDefinition/EHDSHealthProfessional {[]} {[]}
http://ehds.eu/fhir/models/StructureDefinition/EHDSOrganisation {[]} {[]}http://ehds.eu/fhir/models/StructureDefinition/EHDSDevice {[]} {[]}http://ehds.eu/fhir/models/StructureDefinition/EHDSPatient {[]} {[]}http://ehds.eu/fhir/models/StructureDefinition/EHDSRelatedPerson {[]} {[]}","Author of the resource.","Author of the resource.","Author(s) responsible for the provided information. The exact role of the responsible author varies across use cases and is specific to individual models.","","","","","","","","",,,,,"",,,,"EHDSDataSet.header.author[x]",0,*,"",""
"EHDSDataSet","EHDSDataSet.header.patientInsertedData","EHDSDataSet.header.patientInsertedData","","","",0,1,"","","","boolean {[]} {[]}
","Indicator that states, when included with value ‘true’, that the contents of this resource represent information inserted by the natural person or their representative. In this case, the contents shall not be considered as verified by a health professional or a healthcare provider, even if digitally signed by them as part of a bigger data set. Details of the person who inserted the information may be provided in the author[x] element.","Indicator that states, when included with value ‘true’, that the contents of this resource represent information inserted by the natural person or their representative. In this case, the contents shall not be considered as verified by a health professional or a healthcare provider, even if digitally signed by them as part of a bigger data set. Details of the person who inserted the information may be provided in the author[x] element.","","","","","","","","","",,,,,"",,,,"EHDSDataSet.header.patientInsertedData",0,1,"",""
"EHDSDataSet","EHDSDataSet.header.date","EHDSDataSet.header.date","","","",0,1,"","","","dateTime {[]} {[]}
","Date and optionally time of authoring/issuing.","Date and optionally time of authoring/issuing.","","","","","","","","","",,,,,"",,,,"EHDSDataSet.header.date",0,1,"",""
"EHDSDataSet","EHDSDataSet.header.status","EHDSDataSet.header.status","","","",1,1,"","","","CodeableConcept {[]} {[]}
","Status of the resource.","Status of the resource.","","","","","","","","","",,"required","Defined in the individual data set.","","",,,,"EHDSDataSet.header.status",1,1,"",""
"EHDSDataSet","EHDSDataSet.header.language","EHDSDataSet.header.language","","","",0,1,"","","","CodeableConcept {[]} {[]}
","Language in which the resource is written. Language is expressed by the IETF language tag.","Language in which the resource is written. Language is expressed by the IETF language tag.","","","","","","","","","",,"required","BCP 47","","",,,,"EHDSDataSet.header.language",0,1,"",""
"EHDSDevice","EHDSDevice","EHDSDevice","","","",0,*,"","","","null {[]} {[]}
","Device or implant model","EHDSDevice means a structured set of data elements describing a medical device or implant.","","","","","","","","","",,,,,"",,,,"Base",0,*,"",""
"EHDSDevice","EHDSDevice.instanceIdentifier","EHDSDevice.instanceIdentifier","","","",0,*,"","","","Identifier {[]} {[]}
","Identifier of the device instance.","Identifier of the device instance.","","","","","","","","","",,,,,"",,,,"EHDSDevice.instanceIdentifier",0,*,"",""
"EHDSDevice","EHDSDevice.udiCarrier","EHDSDevice.udiCarrier","","","",0,*,"","","","Identifier {[]} {[]}
","Unique Device Identifier (UDI) value.","Unique Device Identifier (UDI) value.","","","","","","","","","",,,,,"",,,,"EHDSDevice.udiCarrier",0,*,"",""
"EHDSDevice","EHDSDevice.manufacturer","EHDSDevice.manufacturer","","","",0,1,"","","","string {[]} {[]}
","Name of device manufacturer. If the manufacturer code is included in an identifier, manufacturer must correspond to that code.","Name of device manufacturer. If the manufacturer code is included in an identifier, manufacturer must correspond to that code.","","","","","","","","","",,,,,"",,,,"EHDSDevice.manufacturer",0,1,"",""
"EHDSDevice","EHDSDevice.manufactureDate","EHDSDevice.manufactureDate","","","",0,1,"","","","dateTime {[]} {[]}
","The date and time when the device was manufactured.","The date and time when the device was manufactured.","","","","","","","","","",,,,,"",,,,"EHDSDevice.manufactureDate",0,1,"",""
"EHDSDevice","EHDSDevice.expiryDate","EHDSDevice.expiryDate","","","",0,1,"","","","dateTime {[]} {[]}
","The date and time beyond which this device is no longer valid or should not be used (if applicable).","The date and time beyond which this device is no longer valid or should not be used (if applicable).","","","","","","","","","",,,,,"",,,,"EHDSDevice.expiryDate",0,1,"",""
"EHDSDevice","EHDSDevice.lotNumber","EHDSDevice.lotNumber","","","",0,1,"","","","string {[]} {[]}
","Lot number of device. May be omitted if included in an identifier.","Lot number of device. May be omitted if included in an identifier.","","","","","","","","","",,,,,"",,,,"EHDSDevice.lotNumber",0,1,"",""
"EHDSDevice","EHDSDevice.serialNumber","EHDSDevice.serialNumber","","","",0,1,"","","","string {[]} {[]}
","Serial number assigned by the manufacturer. May be omitted if included in an identifier.","Serial number assigned by the manufacturer. May be omitted if included in an identifier.","","","","","","","","","",,,,,"",,,,"EHDSDevice.serialNumber",0,1,"",""
"EHDSDevice","EHDSDevice.name","EHDSDevice.name","","","",0,*,"","","","Base {[]} {[]}
","The name and name type of the device.","The name and name type of the device.","","","","","","","","","",,,,,"",,,,"EHDSDevice.name",0,*,"",""
"EHDSDevice","EHDSDevice.name.value","EHDSDevice.name.value","","","",1,1,"","","","string {[]} {[]}
","The name of the device as known to e.g. the manufacturer and/or patient.","The name of the device as known to e.g. the manufacturer and/or patient.","","","","","","","","","",,,,,"",,,,"EHDSDevice.name.value",1,1,"",""
"EHDSDevice","EHDSDevice.name.type","EHDSDevice.name.type","","","",1,1,"","","","CodeableConcept {[]} {[]}
","The type of name, e.g. UDI Label name, user friendly name.","The type of name, e.g. UDI Label name, user friendly name.","","","","","","","","","",,,,,"",,,,"EHDSDevice.name.type",1,1,"",""
"EHDSDevice","EHDSDevice.modelNumber","EHDSDevice.modelNumber","","","",0,1,"","","","string {[]} {[]}
","The manufacturer's model number for the device.","The manufacturer's model number for the device.","","","","","","","","","",,,,,"",,,,"EHDSDevice.modelNumber",0,1,"",""
"EHDSDevice","EHDSDevice.version","EHDSDevice.version","","","",1,*,"","","","string {[]} {[]}
","The actual design of the device and/or software version running on the device.","The actual design of the device and/or software version running on the device.","","","","","","","","","",,,,,"",,,,"EHDSDevice.version",1,*,"",""
"EHDSDevice","EHDSDevice.type","EHDSDevice.type","","","",0,*,"","","","CodeableConcept {[]} {[]}
","Device type.","Device type.","","","","","","","","","",,"required","SNOMED CT (preferred), EMDN","","",,,,"EHDSDevice.type",0,*,"",""
"EHDSDevice","EHDSDevice.note","EHDSDevice.note","","","",0,1,"","","","string {[]} {[]}
","Device note and/or comment.","Device note and/or comment.","","","","","","","","","",,,,,"",,,,"EHDSDevice.note",0,1,"",""
"EHDSDeviceUse","EHDSDeviceUse","EHDSDeviceUse","","","",0,*,"","","","null {[]} {[]}
","Device use model","EHDSDeviceUse means a structured set of data elements describing the use of a medical device.","","","","","","","","","",,,,,"",,,,"Base",0,*,"",""
"EHDSDeviceUse","EHDSDeviceUse.header","EHDSDeviceUse.header","","","",1,1,"","","","Base {[]} {[]}
","Basic metadata for this information.","Basic metadata for this information.","","","","","","","","","",,,,,"",,,,"EHDSDataSet.header",1,1,"",""
"EHDSDeviceUse","EHDSDeviceUse.header.subject","EHDSDeviceUse.header.subject","","","",1,1,"","","","http://ehds.eu/fhir/models/StructureDefinition/EHDSPatient {[]} {[]}
","Patient/subject information.","Patient/subject information.","","","","","","","","","",,,,,"",,,,"EHDSDataSet.header.subject",1,1,"",""
"EHDSDeviceUse","EHDSDeviceUse.header.identifier","EHDSDeviceUse.header.identifier","","","",0,*,"","","","Identifier {[]} {[]}
","Business identifier assigned to the resource or document (not a patient ID and not the technical resource ID).","Business identifier assigned to the resource or document (not a patient ID and not the technical resource ID).","Business identifier is unique within the system that assigns them. The same entity may have different unique identifiers assigned by different systems. Therefore, the identifier is always expected to be a pair of a system and a value.","","","","","","","","",,,,,"",,,,"EHDSDataSet.header.identifier",0,*,"",""
"EHDSDeviceUse","EHDSDeviceUse.header.author[x]","EHDSDeviceUse.header.author[x]","","","",0,*,"","","","http://ehds.eu/fhir/models/StructureDefinition/EHDSHealthProfessional {[]} {[]}
http://ehds.eu/fhir/models/StructureDefinition/EHDSOrganisation {[]} {[]}http://ehds.eu/fhir/models/StructureDefinition/EHDSDevice {[]} {[]}http://ehds.eu/fhir/models/StructureDefinition/EHDSPatient {[]} {[]}http://ehds.eu/fhir/models/StructureDefinition/EHDSRelatedPerson {[]} {[]}","Author of the resource.","The author of the device usage statement.","Author(s) responsible for the provided information. The exact role of the responsible author varies across use cases and is specific to individual models.","","","","","","","","",,,,,"",,,,"EHDSDataSet.header.author[x]",0,*,"",""
"EHDSDeviceUse","EHDSDeviceUse.header.patientInsertedData","EHDSDeviceUse.header.patientInsertedData","","","",0,1,"","","","boolean {[]} {[]}
","Indicator that states, when included with value ‘true’, that the contents of this resource represent information inserted by the natural person or their representative. In this case, the contents shall not be considered as verified by a health professional or a healthcare provider, even if digitally signed by them as part of a bigger data set. Details of the person who inserted the information may be provided in the author[x] element.","Indicator that states, when included with value ‘true’, that the contents of this resource represent information inserted by the natural person or their representative. In this case, the contents shall not be considered as verified by a health professional or a healthcare provider, even if digitally signed by them as part of a bigger data set. Details of the person who inserted the information may be provided in the author[x] element.","","","","","","","","","",,,,,"",,,,"EHDSDataSet.header.patientInsertedData",0,1,"",""
"EHDSDeviceUse","EHDSDeviceUse.header.date","EHDSDeviceUse.header.date","","","",0,1,"","","","dateTime {[]} {[]}
","Date and optionally time of authoring/issuing.","Date and optionally time of authoring/issuing.","","","","","","","","","",,,,,"",,,,"EHDSDataSet.header.date",0,1,"",""
"EHDSDeviceUse","EHDSDeviceUse.header.status","EHDSDeviceUse.header.status","","","",1,1,"","","","CodeableConcept {[]} {[]}
","Current status of the device usage (e.g. active, completed, etc).","Current status of the device usage (e.g. active, completed, etc).","","","","","","","","","",,"required","HL7 Device Use Statement Status","","",,,,"EHDSDataSet.header.status",1,1,"",""
"EHDSDeviceUse","EHDSDeviceUse.header.language","EHDSDeviceUse.header.language","","","",0,1,"","","","CodeableConcept {[]} {[]}
","Language in which the resource is written. Language is expressed by the IETF language tag.","Language in which the resource is written. Language is expressed by the IETF language tag.","","","","","","","","","",,"required","BCP 47","","",,,,"EHDSDataSet.header.language",0,1,"",""
"EHDSDeviceUse","EHDSDeviceUse.periodOfUse","EHDSDeviceUse.periodOfUse","","","",0,1,"","","","Period {[]} {[]}
","The period of time during which the device was implanted in the patient or the external device was in use.","The period of time during which the device was implanted in the patient or the external device was in use.","","","","","","","","","",,,,,"",,,,"EHDSDeviceUse.periodOfUse",0,1,"",""
"EHDSDeviceUse","EHDSDeviceUse.device[x]","EHDSDeviceUse.device[x]","","","",1,1,"","","","CodeableConcept {[]} {[]}
http://ehds.eu/fhir/models/StructureDefinition/EHDSDevice {[]} {[]}","The details of the device used.","The details of the device used.","","","","","","","","","",,"required","SNOMED CT (preferred), EMDN","","",,,,"EHDSDeviceUse.device[x]",1,1,"",""
"EHDSDeviceUse","EHDSDeviceUse.bodySite","EHDSDeviceUse.bodySite","","","",0,1,"","","","http://ehds.eu/fhir/models/StructureDefinition/EHDSBodyStructure {[]} {[]}
","Anatomical location of the device. May include laterality.","Anatomical location of the device. May include laterality.","","","","","","","","","",,,,,"",,,,"EHDSDeviceUse.bodySite",0,1,"",""
"EHDSDeviceUse","EHDSDeviceUse.reason[x]","EHDSDeviceUse.reason[x]","","","",0,*,"","","","CodeableConcept {[]} {[]}
http://ehds.eu/fhir/models/StructureDefinition/EHDSCondition {[]} {[]}http://ehds.eu/fhir/models/StructureDefinition/EHDSObservation {[]} {[]}http://ehds.eu/fhir/models/StructureDefinition/EHDSProcedure {[]} {[]}","Reason or justification for the use of the device.","Reason or justification for the use of the device.","","","","","","","","","",,"required","SNOMED CT (preferred), ICD-10, Orphacode","","",,,,"EHDSDeviceUse.reason[x]",0,*,"",""
"EHDSDeviceUse","EHDSDeviceUse.note","EHDSDeviceUse.note","","","",0,1,"","","","string {[]} {[]}
","Free text notes by the health professional.","Free text notes by the health professional.","","","","","","","","","",,,,,"",,,,"EHDSDeviceUse.note",0,1,"",""
"EHDSDischargeReport","EHDSDischargeReport","EHDSDischargeReport","","","",0,*,"","","","null {[]} {[]}
","Discharge Report model","A generic, flexible model for any kind of discharge report. Different types of encounters may require adding relevant sections and elements, or omitting irrelevant ones, depending on their data needs.","","","","","","","","","",,,,,"",,,,"Base",0,*,"",""
"EHDSDischargeReport","EHDSDischargeReport.header","EHDSDischargeReport.header","","","",1,1,"","","","Base {[]} {[]}
","Discharge report header.","Discharge report header.","","","","","","","","","",,,,,"",,,,"EHDSDataSet.header",1,1,"",""
"EHDSDischargeReport","EHDSDischargeReport.header.subject","EHDSDischargeReport.header.subject","","","",1,1,"","","","http://ehds.eu/fhir/models/StructureDefinition/EHDSPatient {[]} {[]}
","Patient/subject information.","Patient/subject information.","","","","","","","","","",,,,,"",,,,"EHDSDataSet.header.subject",1,1,"",""
"EHDSDischargeReport","EHDSDischargeReport.header.identifier","EHDSDischargeReport.header.identifier","","","",1,*,"","","","Identifier {[]} {[]}
","Unique identifier of the document.","Unique identifier of the document.","Business identifier is unique within the system that assigns them. The same entity may have different unique identifiers assigned by different systems. Therefore, the identifier is always expected to be a pair of a system and a value.","","","","","","","","",,,,,"",,,,"EHDSDataSet.header.identifier",0,*,"",""
"EHDSDischargeReport","EHDSDischargeReport.header.author[x]","EHDSDischargeReport.header.author[x]","","","",1,*,"","","","http://ehds.eu/fhir/models/StructureDefinition/EHDSHealthProfessional {[]} {[]}
http://ehds.eu/fhir/models/StructureDefinition/EHDSOrganisation {[]} {[]}http://ehds.eu/fhir/models/StructureDefinition/EHDSDevice {[]} {[]}http://ehds.eu/fhir/models/StructureDefinition/EHDSPatient {[]} {[]}http://ehds.eu/fhir/models/StructureDefinition/EHDSRelatedPerson {[]} {[]}","Author of the document.","Author of the document.","Author(s) responsible for the provided information. The exact role of the responsible author varies across use cases and is specific to individual models.","","","","","","","","",,,,,"",,,,"EHDSDataSet.header.author[x]",0,*,"",""
"EHDSDischargeReport","EHDSDischargeReport.header.patientInsertedData","EHDSDischargeReport.header.patientInsertedData","","","",0,1,"","","","boolean {[]} {[]}
","Indicator that states, when included with value ‘true’, that the contents of this resource represent information inserted by the natural person or their representative. In this case, the contents shall not be considered as verified by a health professional or a healthcare provider, even if digitally signed by them as part of a bigger data set. Details of the person who inserted the information may be provided in the author[x] element.","Indicator that states, when included with value ‘true’, that the contents of this resource represent information inserted by the natural person or their representative. In this case, the contents shall not be considered as verified by a health professional or a healthcare provider, even if digitally signed by them as part of a bigger data set. Details of the person who inserted the information may be provided in the author[x] element.","","","","","","","","","",,,,,"",,,,"EHDSDataSet.header.patientInsertedData",0,1,"",""
"EHDSDischargeReport","EHDSDischargeReport.header.date","EHDSDischargeReport.header.date","","","",1,1,"","","","dateTime {[]} {[]}
","Date of finalising/issuing the document.","Date of finalising/issuing the document.","","","","","","","","","",,,,,"",,,,"EHDSDataSet.header.date",0,1,"",""
"EHDSDischargeReport","EHDSDischargeReport.header.status","EHDSDischargeReport.header.status","","","",1,1,"","","","CodeableConcept {[]} {[]}
","Status of the document.","Status of the document.","","","","","","","","","",,"required","HL7 Composition Status","","",,,,"EHDSDataSet.header.status",1,1,"",""
"EHDSDischargeReport","EHDSDischargeReport.header.language","EHDSDischargeReport.header.language","","","",0,1,"","","","CodeableConcept {[]} {[]}
","Language in which the document is written. Language is expressed by the IETF language tag.","Language in which the document is written. Language is expressed by the IETF language tag.","","","","","","","","","",,"required","BCP 47","","",,,,"EHDSDataSet.header.language",0,1,"",""
"EHDSDischargeReport","EHDSDischargeReport.header.documentType","EHDSDischargeReport.header.documentType","","","",1,1,"","","","CodeableConcept {[]} {[]}
","Type of document, e.g. 34105-7 Hospital discharge summary.","Type of document, e.g. 34105-7 Hospital discharge summary.","","","","","","","","","",,"required","LOINC","","",,,,"EHDSDocument.header.documentType",1,1,"",""
"EHDSDischargeReport","EHDSDischargeReport.header.documentTitle","EHDSDischargeReport.header.documentTitle","","","",1,1,"","","","string {[]} {[]}
","Human readable document title that can be displayed in search results, etc. This can be documentType’s display name or it can contain further information. Example: 'Hospital discharge report. Jane Green. 07.10.2025-10.10.2025'.","Title of the document, possibly autogenerated from the structured fields (e.g. 'Hospital discharge report. Jane Green. 07.10.2025-10.10.2025')","","","","","","","","","",,,,,"",,,,"EHDSDocument.header.documentTitle",1,1,"",""
"EHDSDischargeReport","EHDSDischargeReport.header.period","EHDSDischargeReport.header.period","","","",0,1,"","","","Period {[]} {[]}
","Time of service that is being documented.","Time of service that is being documented (typically the same as the time/period of the encounter).","","","","","","","","","",,,,,"",,,,"EHDSDocument.header.period",0,1,"",""
"EHDSDischargeReport","EHDSDischargeReport.header.version","EHDSDischargeReport.header.version","","","",1,1,"","","","string {[]} {[]}
","Version of the document.","Version of the document.","","","","","","","","","",,,,,"",,,,"EHDSDocument.header.version",1,1,"",""
"EHDSDischargeReport","EHDSDischargeReport.header.attestation","EHDSDischargeReport.header.attestation","","","",0,*,"","","","Base {[]} {[]}
","Document attestation details.","Document attestation details.","","","","","","","","","",,,,,"",,,,"EHDSDocument.header.attestation",0,*,"",""
"EHDSDischargeReport","EHDSDischargeReport.header.attestation.attester[x]","EHDSDischargeReport.header.attestation.attester[x]","","","",1,1,"","","","http://ehds.eu/fhir/models/StructureDefinition/EHDSHealthProfessional {[]} {[]}
http://ehds.eu/fhir/models/StructureDefinition/EHDSDevice {[]} {[]}","Attester who validated the document.","Attester who validated the document.","","","","","","","","","",,,,,"",,,,"EHDSDocument.header.attestation.attester[x]",1,1,"",""
"EHDSDischargeReport","EHDSDischargeReport.header.attestation.dateTime","EHDSDischargeReport.header.attestation.dateTime","","","",1,1,"","","","dateTime {[]} {[]}
","Date and time of the approval of the document by the attester.","Date and time of the approval of the document by the attester.","","","","","","","","","",,,,,"",,,,"EHDSDocument.header.attestation.dateTime",1,1,"",""
"EHDSDischargeReport","EHDSDischargeReport.header.legalAuthentication","EHDSDischargeReport.header.legalAuthentication","","","",0,*,"","","","Base {[]} {[]}
","Document legal authentication details.","Document legal authentication details.","","","","","","","","","",,,,,"",,,,"EHDSDocument.header.legalAuthentication",0,*,"",""
"EHDSDischargeReport","EHDSDischargeReport.header.legalAuthentication.legalAuthenticator[x]","EHDSDischargeReport.header.legalAuthentication.legalAuthenticator[x]","","","",1,1,"","","","http://ehds.eu/fhir/models/StructureDefinition/EHDSHealthProfessional {[]} {[]}
http://ehds.eu/fhir/models/StructureDefinition/EHDSOrganisation {[]} {[]}","The person or organisation taking responsibility for the content of the document.","The person or organisation taking responsibility for the content of the document.","","","","","","","","","",,,,,"",,,,"EHDSDocument.header.legalAuthentication.legalAuthenticator[x]",1,1,"",""
"EHDSDischargeReport","EHDSDischargeReport.header.legalAuthentication.dateTime","EHDSDischargeReport.header.legalAuthentication.dateTime","","","",1,1,"","","","dateTime {[]} {[]}
","Date and time when the document was authenticated.","Date and time when the document was authenticated.","","","","","","","","","",,,,,"",,,,"EHDSDocument.header.legalAuthentication.dateTime",1,1,"",""
"EHDSDischargeReport","EHDSDischargeReport.header.eventCategory","EHDSDischargeReport.header.eventCategory","","","",0,*,"","","","CodeableConcept {[]} {[]}
","Categorisation of the event covered by the document (e.g. discharge type). Selection of such tags or labels depends on the use case and agreement between data sharing parties. This meta-data element serves primarily for searching and filtering purposes.","Categorisation of the event covered by the document (e.g. discharge type). Selection of such tags or labels depends on the use case and agreement between data sharing parties. This meta-data element serves primarily for searching and filtering purposes.","","","","","","","","","",,"required","SNOMED CT (preferred), LOINC","","",,,,"EHDSDocument.header.eventCategory",0,*,"",""
"EHDSDischargeReport","EHDSDischargeReport.header.serviceSpecialty","EHDSDischargeReport.header.serviceSpecialty","","","",0,*,"","","","CodeableConcept {[]} {[]}
","Additional details about where the content was created (e.g. clinical specialty).","Additional details about where the content was created (e.g. clinical specialty).","","","","","","","","","",,"required","SNOMED CT","","",,,,"EHDSDocument.header.serviceSpecialty",0,*,"",""
"EHDSDischargeReport","EHDSDischargeReport.header.custodian","EHDSDischargeReport.header.custodian","","","",0,1,"","","","http://ehds.eu/fhir/models/StructureDefinition/EHDSOrganisation {[]} {[]}
","Organisation that is in charge of maintaining the document.","Organisation that is in charge of maintaining the document.","","","","","","","","","",,,,,"",,,,"EHDSDocument.header.custodian",0,1,"",""
"EHDSDischargeReport","EHDSDischargeReport.header.countryOfOrigin","EHDSDischargeReport.header.countryOfOrigin","","","",0,1,"","","","CodeableConcept {[]} {[]}
","Country of origin of the document.","Country of origin of the document.","","","","","","","","","",,"required","ISO 3166-1 alpha-2","","",,,,"EHDSDocument.header.countryOfOrigin",0,1,"",""
"EHDSDischargeReport","EHDSDischargeReport.header.intendedRecipient[x]","EHDSDischargeReport.header.intendedRecipient[x]","","","",0,*,"","","","http://ehds.eu/fhir/models/StructureDefinition/EHDSRelatedPerson {[]} {[]}
http://ehds.eu/fhir/models/StructureDefinition/EHDSHealthProfessional {[]} {[]}http://ehds.eu/fhir/models/StructureDefinition/EHDSOrganisation {[]} {[]}","Intended recipient of the information, i.e. a person or organisation that should be notified or be aware of the content. This element is used to indicate explicit communication intent and does not represent routine storage or passive availability of information (e.g. in portals). Listing an intended recipient does not create an assignment or responsibility.","Intended recipient of the information, i.e. a person or organisation that should be notified or be aware of the content. This element is used to indicate explicit communication intent and does not represent routine storage or passive availability of information (e.g. in portals). Listing an intended recipient does not create an assignment or responsibility.","","","","","","","","","",,,,,"",,,,"EHDSDischargeReport.header.intendedRecipient[x]",0,*,"",""
"EHDSDischargeReport","EHDSDischargeReport.presentedForm","EHDSDischargeReport.presentedForm","","","",0,*,"","","","http://ehds.eu/fhir/models/StructureDefinition/EHDSAttachment {[]} {[]}
","A narrative easy-to-read representation of the full data set, e.g. PDF-version of a document.","A narrative easy-to-read representation of the full data set, e.g. PDF-version of a document.","","","","","","","","","",,,,,"",,,,"EHDSDocument.presentedForm",0,*,"",""
"EHDSDischargeReport","EHDSDischargeReport.body","EHDSDischargeReport.body","","","",0,1,"","","","Base {[]} {[]}
","Discharge report structured body.","Discharge report structured body.","","","","","","","","","",,,,,"",,,,"EHDSDischargeReport.body",0,1,"",""
"EHDSDischargeReport","EHDSDischargeReport.body.alerts","EHDSDischargeReport.body.alerts","","","",0,1,"","","","Base {[]} {[]}
","Section: Alerts.","Information about substantial alerts or warnings (including allergies) that health professionals should be aware of.","","","","","","","","","",,,,,"",,,,"EHDSDischargeReport.body.alerts",0,1,"",""
"EHDSDischargeReport","EHDSDischargeReport.body.alerts.generatedNarrative","EHDSDischargeReport.body.alerts.generatedNarrative","","","",0,1,"","","","Narrative {[]} {[]}
","Narrative, potentially formatted, content of the whole section.","Narrative, potentially formatted, content of the whole section.","","","","","","","","","",,,,,"",,,,"EHDSDischargeReport.body.alerts.generatedNarrative",0,1,"",""
"EHDSDischargeReport","EHDSDischargeReport.body.alerts.medicalAlert","EHDSDischargeReport.body.alerts.medicalAlert","","","",0,*,"","","","http://ehds.eu/fhir/models/StructureDefinition/EHDSAlert {[]} {[]}
","Description of medical alerts in textual format: any clinical information that is imperative to know so that the life or health of the patient does not come under threat.","Description of medical alerts in textual format: any clinical information that is imperative to know so that the life or health of the patient does not come under threat.","","","","","","","","","",,,,,"",,,,"EHDSDischargeReport.body.alerts.medicalAlert",0,*,"",""
"EHDSDischargeReport","EHDSDischargeReport.body.encounterInformation","EHDSDischargeReport.body.encounterInformation","","","",1,1,"","","","Base {[]} {[]}
","Section: Encounter information.","Section: Encounter information.","","","","","","","","","",,,,,"",,,,"EHDSDischargeReport.body.encounterInformation",1,1,"",""
"EHDSDischargeReport","EHDSDischargeReport.body.encounterInformation.generatedNarrative","EHDSDischargeReport.body.encounterInformation.generatedNarrative","","","",0,1,"","","","Narrative {[]} {[]}
","Narrative, potentially formatted, content of the whole section.","Narrative, potentially formatted, content of the whole section.","","","","","","","","","",,,,,"",,,,"EHDSDischargeReport.body.encounterInformation.generatedNarrative",0,1,"",""
"EHDSDischargeReport","EHDSDischargeReport.body.encounterInformation.encounter","EHDSDischargeReport.body.encounterInformation.encounter","","","",1,1,"","","","http://ehds.eu/fhir/models/StructureDefinition/EHDSEncounter {[]} {[]}
","Encounter information","Encounter information","","","","","","","","","",,,,,"",,,,"EHDSDischargeReport.body.encounterInformation.encounter",1,1,"",""
"EHDSDischargeReport","EHDSDischargeReport.body.encounterInformation.note","EHDSDischargeReport.body.encounterInformation.note","","","",0,1,"","","","string {[]} {[]}
","Free text notes by the health professional.","Free text notes by the health professional.","","","","","","","","","",,,,,"",,,,"EHDSDischargeReport.body.encounterInformation.note",0,1,"",""
"EHDSDischargeReport","EHDSDischargeReport.body.admissionEvaluation","EHDSDischargeReport.body.admissionEvaluation","","","",0,1,"","","","Base {[]} {[]}
","Section: Admission evaluation. Admission evaluation section should be reported only if it is relevant to ensure continuity of care.","Section: Admission evaluation. Admission evaluation section should be reported only if it is relevant to ensure continuity of care.","","","","","","","","","",,,,,"",,,,"EHDSDischargeReport.body.admissionEvaluation",0,1,"",""
"EHDSDischargeReport","EHDSDischargeReport.body.admissionEvaluation.generatedNarrative","EHDSDischargeReport.body.admissionEvaluation.generatedNarrative","","","",0,1,"","","","Narrative {[]} {[]}
","Narrative, potentially formatted, content of the whole section.","Narrative, potentially formatted, content of the whole section.","","","","","","","","","",,,,,"",,,,"EHDSDischargeReport.body.admissionEvaluation.generatedNarrative",0,1,"",""
"EHDSDischargeReport","EHDSDischargeReport.body.admissionEvaluation.objectiveFindings","EHDSDischargeReport.body.admissionEvaluation.objectiveFindings","","","",0,*,"","","","http://ehds.eu/fhir/models/StructureDefinition/EHDSObservation {[]} {[]}
","Objective findings, such as anthropometric measurements, vital signs, or objective anatomical findings of physical examination.","Objective findings, such as anthropometric measurements, vital signs, or objective anatomical findings of physical examination.","","","","","","","","","",,,,,"",,,,"EHDSDischargeReport.body.admissionEvaluation.objectiveFindings",0,*,"",""
"EHDSDischargeReport","EHDSDischargeReport.body.admissionEvaluation.functionalStatus[x]","EHDSDischargeReport.body.admissionEvaluation.functionalStatus[x]","","","",0,*,"","","","http://ehds.eu/fhir/models/StructureDefinition/EHDSCondition {[]} {[]}
http://ehds.eu/fhir/models/StructureDefinition/EHDSObservation {[]} {[]}","An individual's ability to perform normal daily activities required to meet basic needs, fulfil usual roles and maintain health and well-being","An individual's ability to perform normal daily activities required to meet basic needs, fulfil usual roles and maintain health and well-being","","","","","","","","","",,,,,"",,,,"EHDSDischargeReport.body.admissionEvaluation.functionalStatus[x]",0,*,"",""
"EHDSDischargeReport","EHDSDischargeReport.body.admissionEvaluation.note","EHDSDischargeReport.body.admissionEvaluation.note","","","",0,1,"","","","string {[]} {[]}
","Free text notes by the evaluation performer.","Free text notes by the evaluation performer.","","","","","","","","","",,,,,"",,,,"EHDSDischargeReport.body.admissionEvaluation.note",0,1,"",""
"EHDSDischargeReport","EHDSDischargeReport.body.patientHistory","EHDSDischargeReport.body.patientHistory","","","",0,1,"","","","Base {[]} {[]}
","Section: Patient health history (anamnesis) containing only information that is highly relevant for this specific episode of care. The model is designed with the expectation that patient summary is available.","Section: Patient health history (anamnesis) containing only information that is highly relevant for this specific episode of care. The model is designed with the expectation that patient summary is available.","","","","","","","","","",,,,,"",,,,"EHDSDischargeReport.body.patientHistory",0,1,"",""
"EHDSDischargeReport","EHDSDischargeReport.body.patientHistory.generatedNarrative","EHDSDischargeReport.body.patientHistory.generatedNarrative","","","",0,1,"","","","Narrative {[]} {[]}
","Narrative, potentially formatted, content of the whole section. In case the section includes structured information, it should also be included in generatedNarrative.","Narrative, potentially formatted, content of the whole section. In case the section includes structured information, it should also be included in generatedNarrative.","","","","","","","","","",,,,,"",,,,"EHDSDischargeReport.body.patientHistory.generatedNarrative",0,1,"",""
"EHDSDischargeReport","EHDSDischargeReport.body.patientHistory.pastProblems[x]","EHDSDischargeReport.body.patientHistory.pastProblems[x]","","","",0,*,"","","","http://ehds.eu/fhir/models/StructureDefinition/EHDSCondition {[]} {[]}
http://ehds.eu/fhir/models/StructureDefinition/EHDSObservation {[]} {[]}","A list of conditions of a patient that the patient suffered in the past or still suffers. Unlike diagnostic summary, medical history is not only a list of problems, but could contain broader description of the condition and its progress, details about treatment including medication and patient response to treatment. Past problem section (unlike the same section of the patient summary) should include only conditions that are important for continuity of care. This section, if provided, complements the diagnostic summary section of the discharge report.","A list of conditions of a patient that the patient suffered in the past or still suffers. Unlike diagnostic summary, medical history is not only a list of problems, but could contain broader description of the condition and its progress, details about treatment including medication and patient response to treatment. Past problem section (unlike the same section of the patient summary) should include only conditions that are important for continuity of care. This section, if provided, complements the diagnostic summary section of the discharge report.","","","","","","","","","",,,,,"",,,,"EHDSDischargeReport.body.patientHistory.pastProblems[x]",0,*,"",""
"EHDSDischargeReport","EHDSDischargeReport.body.patientHistory.devicesAndImplants","EHDSDischargeReport.body.patientHistory.devicesAndImplants","","","",0,*,"","","","http://ehds.eu/fhir/models/StructureDefinition/EHDSDeviceUse {[]} {[]}
","Devices and implants in patient anamnesis.","Devices and implants in patient anamnesis.","","","","","","","","","",,,,,"",,,,"EHDSDischargeReport.body.patientHistory.devicesAndImplants",0,*,"",""
"EHDSDischargeReport","EHDSDischargeReport.body.patientHistory.procedures","EHDSDischargeReport.body.patientHistory.procedures","","","",0,*,"","","","http://ehds.eu/fhir/models/StructureDefinition/EHDSProcedure {[]} {[]}
","Procedures in patient anamnesis.","Historical procedures performed on or for a patient, relevant for the current encounter.","","","","","","","","","",,,,,"",,,,"EHDSDischargeReport.body.patientHistory.procedures",0,*,"",""
"EHDSDischargeReport","EHDSDischargeReport.body.patientHistory.note","EHDSDischargeReport.body.patientHistory.note","","","",0,1,"","","","string {[]} {[]}
","Free text notes by the health professional.","Free text notes by the health professional.","","","","","","","","","",,,,,"",,,,"EHDSDischargeReport.body.patientHistory.note",0,1,"",""
"EHDSDischargeReport","EHDSDischargeReport.body.courseOfEncounter","EHDSDischargeReport.body.courseOfEncounter","","","",1,1,"","","","Base {[]} {[]}
","Section: Course of inpatient or outpatient encounter.","Section: Course of inpatient or outpatient encounter.","","","","","","","","","",,,,,"",,,,"EHDSDischargeReport.body.courseOfEncounter",1,1,"",""
"EHDSDischargeReport","EHDSDischargeReport.body.courseOfEncounter.generatedNarrative","EHDSDischargeReport.body.courseOfEncounter.generatedNarrative","","","",0,1,"","","","Narrative {[]} {[]}
","Narrative, potentially formatted, content of the whole section.","Narrative, potentially formatted, content of the whole section.","","","","","","","","","",,,,,"",,,,"EHDSDischargeReport.body.courseOfEncounter.generatedNarrative",0,1,"",""
"EHDSDischargeReport","EHDSDischargeReport.body.courseOfEncounter.conditionSummary","EHDSDischargeReport.body.courseOfEncounter.conditionSummary","","","",1,*,"","","","http://ehds.eu/fhir/models/StructureDefinition/EHDSCondition {[]} {[]}
","Conditions that were treated or affected provisioning of care (diagnostics, therapy, nursing, monitoring) during the encounter. At least one attended condition should be marked. Other conditions are recorded only if they are important for continuity of care (after discharge).","Conditions that were treated or affected provisioning of care (diagnostics, therapy, nursing, monitoring) during the encounter. At least one attended condition should be marked. Other conditions are recorded only if they are important for continuity of care (after discharge).","","","","","","","","","",,,,,"",,,,"EHDSDischargeReport.body.courseOfEncounter.conditionSummary",1,*,"",""
"EHDSDischargeReport","EHDSDischargeReport.body.courseOfEncounter.procedures","EHDSDischargeReport.body.courseOfEncounter.procedures","","","",0,*,"","","","http://ehds.eu/fhir/models/StructureDefinition/EHDSProcedure {[]} {[]}
","Procedures performed during encounter which are significant for continuity of care, e.g. surgeries and other instrumental interventions (endoscopic, intravascular), chemotherapy, radiotherapy, purification methods (dialysis, hemoperfusion), circulation support methods (counterpulsation, etc.), administration of blood derivatives or others. Diagnostic procedures are typically captured as observation results and not repeated here.","Procedures performed during encounter which are significant for continuity of care, e.g. surgeries and other instrumental interventions (endoscopic, intravascular), chemotherapy, radiotherapy, purification methods (dialysis, hemoperfusion), circulation support methods (counterpulsation, etc.), administration of blood derivatives or others. Diagnostic procedures are typically captured as observation results and not repeated here.","","","","","","","","","",,,,,"",,,,"EHDSDischargeReport.body.courseOfEncounter.procedures",0,*,"",""
"EHDSDischargeReport","EHDSDischargeReport.body.courseOfEncounter.medicalDevicesAndImplants","EHDSDischargeReport.body.courseOfEncounter.medicalDevicesAndImplants","","","",0,*,"","","","http://ehds.eu/fhir/models/StructureDefinition/EHDSDeviceUse {[]} {[]}
","Medical devices (including implants) whose use was started, stopped, or otherwise modified during the encounter.","Medical devices (including implants) whose use was started, stopped, or otherwise modified during the encounter.","","","","","","","","","",,,,,"",,,,"EHDSDischargeReport.body.courseOfEncounter.medicalDevicesAndImplants",0,*,"",""
"EHDSDischargeReport","EHDSDischargeReport.body.courseOfEncounter.pharmacotherapy","EHDSDischargeReport.body.courseOfEncounter.pharmacotherapy","","","",0,*,"","","","http://ehds.eu/fhir/models/StructureDefinition/EHDSMedicationUse {[]} {[]}
","Significant medication treatments during encounter.","Significant medication treatments during encounter.","","","","","","","","","",,,,,"",,,,"EHDSDischargeReport.body.courseOfEncounter.pharmacotherapy",0,*,"",""
"EHDSDischargeReport","EHDSDischargeReport.body.courseOfEncounter.objectiveFindings","EHDSDischargeReport.body.courseOfEncounter.objectiveFindings","","","",0,*,"","","","http://ehds.eu/fhir/models/StructureDefinition/EHDSObservation {[]} {[]}
","Objective findings, such as anthropometric measurements, vital signs, or objective anatomical findings of physical examination. The line between objective findings and test results is not clear and it is up to the implementers to decide how to logically display different measurements.","Objective findings, such as anthropometric measurements, vital signs, or objective anatomical findings of physical examination. The line between objective findings and test results is not clear and it is up to the implementers to decide how to logically display different measurements.","","","","","","","","","",,,,,"",,,,"EHDSDischargeReport.body.courseOfEncounter.objectiveFindings",0,*,"",""
"EHDSDischargeReport","EHDSDischargeReport.body.courseOfEncounter.testResults[x]","EHDSDischargeReport.body.courseOfEncounter.testResults[x]","","","",0,*,"","","","http://ehds.eu/fhir/models/StructureDefinition/EHDSObservation {[]} {[]}
http://ehds.eu/fhir/models/StructureDefinition/EHDSLaboratoryObservation {[]} {[]}","Significant medical test results of functional, diagnostic (including laboratory), and imaging examinations performed during encounter.","Significant medical test results of functional, diagnostic (including laboratory), and imaging examinations performed during encounter.","This may include orders for which the results have not yet arrived.","","","","","","","","",,,,,"",,,,"EHDSDischargeReport.body.courseOfEncounter.testResults[x]",0,*,"",""
"EHDSDischargeReport","EHDSDischargeReport.body.courseOfEncounter.note","EHDSDischargeReport.body.courseOfEncounter.note","","","",0,1,"","","","string {[]} {[]}
","Free text notes by the health professional.","Free text notes by the health professional.","","","","","","","","","",,,,,"",,,,"EHDSDischargeReport.body.courseOfEncounter.note",0,1,"",""
"EHDSDischargeReport","EHDSDischargeReport.body.dischargeDetails","EHDSDischargeReport.body.dischargeDetails","","","",0,1,"","","","Base {[]} {[]}
","Section: Discharge details.","Section: Discharge details.","","","","","","","","","",,,,,"",,,,"EHDSDischargeReport.body.dischargeDetails",0,1,"",""
"EHDSDischargeReport","EHDSDischargeReport.body.dischargeDetails.generatedNarrative","EHDSDischargeReport.body.dischargeDetails.generatedNarrative","","","",0,1,"","","","Narrative {[]} {[]}
","Narrative, potentially formatted, content of the whole section.","Narrative, potentially formatted, content of the whole section.","","","","","","","","","",,,,,"",,,,"EHDSDischargeReport.body.dischargeDetails.generatedNarrative",0,1,"",""
"EHDSDischargeReport","EHDSDischargeReport.body.dischargeDetails.objectiveFindings","EHDSDischargeReport.body.dischargeDetails.objectiveFindings","","","",0,*,"","","","http://ehds.eu/fhir/models/StructureDefinition/EHDSObservation {[]} {[]}
","Objective findings, such as anthropometric measurements, vital signs, or objective anatomical findings of physical examination.","Objective findings, such as anthropometric measurements, vital signs, or objective anatomical findings of physical examination.","","","","","","","","","",,,,,"",,,,"EHDSDischargeReport.body.dischargeDetails.objectiveFindings",0,*,"",""
"EHDSDischargeReport","EHDSDischargeReport.body.dischargeDetails.functionalStatus[x]","EHDSDischargeReport.body.dischargeDetails.functionalStatus[x]","","","",0,*,"","","","http://ehds.eu/fhir/models/StructureDefinition/EHDSCondition {[]} {[]}
http://ehds.eu/fhir/models/StructureDefinition/EHDSObservation {[]} {[]}","An individual's ability to perform normal daily activities required to meet basic needs, fulfil usual roles and maintain health and well-being.","An individual's ability to perform normal daily activities required to meet basic needs, fulfil usual roles and maintain health and well-being.","","","","","","","","","",,,,,"",,,,"EHDSDischargeReport.body.dischargeDetails.functionalStatus[x]",0,*,"",""
"EHDSDischargeReport","EHDSDischargeReport.body.dischargeDetails.note","EHDSDischargeReport.body.dischargeDetails.note","","","",0,1,"","","","string {[]} {[]}
","Free text notes by the health professional.","Free text notes by the health professional.","","","","","","","","","",,,,,"",,,,"EHDSDischargeReport.body.dischargeDetails.note",0,1,"",""
"EHDSDischargeReport","EHDSDischargeReport.body.medicationSummary","EHDSDischargeReport.body.medicationSummary","","","",0,1,"","","","Base {[]} {[]}
","Summary information on the medication recommended for the period after discharge, indicating whether the medication is changed or newly started. Compared to previous practices, the overview is supplemented with medication that has been discontinued.","Summary information on the medication recommended for the period after discharge, indicating whether the medication is changed or newly started. Compared to previous practices, the overview is supplemented with medication that has been discontinued.","","","","","","","","","",,,,,"",,,,"EHDSDischargeReport.body.medicationSummary",0,1,"",""
"EHDSDischargeReport","EHDSDischargeReport.body.medicationSummary.generatedNarrative","EHDSDischargeReport.body.medicationSummary.generatedNarrative","","","",0,1,"","","","Narrative {[]} {[]}
","Narrative, potentially formatted, content of the whole section.","Narrative, potentially formatted, content of the whole section.","","","","","","","","","",,,,,"",,,,"EHDSDischargeReport.body.medicationSummary.generatedNarrative",0,1,"",""
"EHDSDischargeReport","EHDSDischargeReport.body.medicationSummary.medicationUse","EHDSDischargeReport.body.medicationSummary.medicationUse","","","",0,*,"","","","http://ehds.eu/fhir/models/StructureDefinition/EHDSMedicationUse {[]} {[]}
","Details about medication and dosage","Details about medication and dosage","","","","","","","","","",,,,,"",,,,"EHDSDischargeReport.body.medicationSummary.medicationUse",0,*,"",""
"EHDSDischargeReport","EHDSDischargeReport.body.medicationSummary.note","EHDSDischargeReport.body.medicationSummary.note","","","",0,1,"","","","string {[]} {[]}
","Free text notes by the health professional.","Free text notes by the health professional.","","","","","","","","","",,,,,"",,,,"EHDSDischargeReport.body.medicationSummary.note",0,1,"",""
"EHDSDischargeReport","EHDSDischargeReport.body.carePlan","EHDSDischargeReport.body.carePlan","","","",0,1,"","","","Base {[]} {[]}
","Section: Care plan and other recommendations after discharge.","Section: Care plan and other recommendations after discharge.","","","","","","","","","",,,,,"",,,,"EHDSDischargeReport.body.carePlan",0,1,"",""
"EHDSDischargeReport","EHDSDischargeReport.body.carePlan.generatedNarrative","EHDSDischargeReport.body.carePlan.generatedNarrative","","","",0,1,"","","","Narrative {[]} {[]}
","Narrative, potentially formatted, content of the whole section.","Narrative, potentially formatted, content of the whole section.","","","","","","","","","",,,,,"",,,,"EHDSDischargeReport.body.carePlan.generatedNarrative",0,1,"",""
"EHDSDischargeReport","EHDSDischargeReport.body.carePlan.structuredCarePlan","EHDSDischargeReport.body.carePlan.structuredCarePlan","","","",0,*,"","","","http://ehds.eu/fhir/models/StructureDefinition/EHDSCarePlan {[]} {[]}
","Structured care plan after discharge.","Structured care plan after discharge.","","","","","","","","","",,,,,"",,,,"EHDSDischargeReport.body.carePlan.structuredCarePlan",0,*,"",""
"EHDSDischargeReport","EHDSDischargeReport.body.carePlan.otherRecommendations","EHDSDischargeReport.body.carePlan.otherRecommendations","","","",0,1,"","","","string {[]} {[]}
","Other recommendations (advice) after discharge. E.g., recommendation to suggest hip replacement, reduce number of cigarettes, stop smoking, increase physical exercises, etc.","Other recommendations (advice) after discharge. E.g., recommendation to suggest hip replacement, reduce number of cigarettes, stop smoking, increase physical exercises, etc.","","","","","","","","","",,,,,"",,,,"EHDSDischargeReport.body.carePlan.otherRecommendations",0,1,"",""
"EHDSDischargeReport","EHDSDischargeReport.attachment","EHDSDischargeReport.attachment","","","",0,*,"","","","http://ehds.eu/fhir/models/StructureDefinition/EHDSAttachment {[]} {[]}
","Report attachment.","Report attachment.","","","","","","","","","",,,,,"",,,,"EHDSDischargeReport.attachment",0,*,"",""
"EHDSDocument","EHDSDocument","EHDSDocument","","","",0,*,"","","","null {[]} {[]}
","Document model","Structured set of data elements common for all health documents.","","","","","","","","","",,,,,"",,,,"Base",0,*,"",""
"EHDSDocument","EHDSDocument.header","EHDSDocument.header","","","",1,1,"","","","Base {[]} {[]}
","Document header.","Basic metadata for this information.","","","","","","","","","",,,,,"",,,,"EHDSDataSet.header",1,1,"",""
"EHDSDocument","EHDSDocument.header.subject","EHDSDocument.header.subject","","","",1,1,"","","","http://ehds.eu/fhir/models/StructureDefinition/EHDSPatient {[]} {[]}
","Patient/subject information.","Patient/subject information.","","","","","","","","","",,,,,"",,,,"EHDSDataSet.header.subject",1,1,"",""
"EHDSDocument","EHDSDocument.header.identifier","EHDSDocument.header.identifier","","","",1,*,"","","","Identifier {[]} {[]}
","Unique identifier of the document.","Unique identifier of the document.","Business identifier is unique within the system that assigns them. The same entity may have different unique identifiers assigned by different systems. Therefore, the identifier is always expected to be a pair of a system and a value.","","","","","","","","",,,,,"",,,,"EHDSDataSet.header.identifier",0,*,"",""
"EHDSDocument","EHDSDocument.header.author[x]","EHDSDocument.header.author[x]","","","",1,*,"","","","http://ehds.eu/fhir/models/StructureDefinition/EHDSHealthProfessional {[]} {[]}
http://ehds.eu/fhir/models/StructureDefinition/EHDSOrganisation {[]} {[]}http://ehds.eu/fhir/models/StructureDefinition/EHDSDevice {[]} {[]}http://ehds.eu/fhir/models/StructureDefinition/EHDSPatient {[]} {[]}http://ehds.eu/fhir/models/StructureDefinition/EHDSRelatedPerson {[]} {[]}","Author of the document.","Author of the document.","Author(s) responsible for the provided information. The exact role of the responsible author varies across use cases and is specific to individual models.","","","","","","","","",,,,,"",,,,"EHDSDataSet.header.author[x]",0,*,"",""
"EHDSDocument","EHDSDocument.header.patientInsertedData","EHDSDocument.header.patientInsertedData","","","",0,1,"","","","boolean {[]} {[]}
","Indicator that states, when included with value ‘true’, that the contents of this resource represent information inserted by the natural person or their representative. In this case, the contents shall not be considered as verified by a health professional or a healthcare provider, even if digitally signed by them as part of a bigger data set. Details of the person who inserted the information may be provided in the author[x] element.","Indicator that states, when included with value ‘true’, that the contents of this resource represent information inserted by the natural person or their representative. In this case, the contents shall not be considered as verified by a health professional or a healthcare provider, even if digitally signed by them as part of a bigger data set. Details of the person who inserted the information may be provided in the author[x] element.","","","","","","","","","",,,,,"",,,,"EHDSDataSet.header.patientInsertedData",0,1,"",""
"EHDSDocument","EHDSDocument.header.date","EHDSDocument.header.date","","","",1,1,"","","","dateTime {[]} {[]}
","Date of finalising/issuing the document.","Date of finalising/issuing the document.","","","","","","","","","",,,,,"",,,,"EHDSDataSet.header.date",0,1,"",""
"EHDSDocument","EHDSDocument.header.status","EHDSDocument.header.status","","","",1,1,"","","","CodeableConcept {[]} {[]}
","Status of the document.","Status of the document.","","","","","","","","","",,"required","HL7 Composition Status","","",,,,"EHDSDataSet.header.status",1,1,"",""
"EHDSDocument","EHDSDocument.header.language","EHDSDocument.header.language","","","",0,1,"","","","CodeableConcept {[]} {[]}
","Language in which the document is written. Language is expressed by the IETF language tag.","Language in which the document is written. Language is expressed by the IETF language tag.","","","","","","","","","",,"required","BCP 47","","",,,,"EHDSDataSet.header.language",0,1,"",""
"EHDSDocument","EHDSDocument.header.documentType","EHDSDocument.header.documentType","","","",1,1,"","","","CodeableConcept {[]} {[]}
","Type of document (e.g. 60591-5 Patient summary document).","Type of document (e.g. 60591-5 Patient summary document).","","","","","","","","","",,"required","LOINC","","",,,,"EHDSDocument.header.documentType",1,1,"",""
"EHDSDocument","EHDSDocument.header.documentTitle","EHDSDocument.header.documentTitle","","","",1,1,"","","","string {[]} {[]}
","Human readable document title that can be displayed in search results, etc. This can be documentType's display name, or it can be assembled from multiple elements. Examples: 'Laboratory Result Report', 'Patient Summary of Jane Green 10.12.2024'.","Human readable document title that can be displayed in search results, etc. This can be documentType's display name, or it can be assembled from multiple elements. Examples: 'Laboratory Result Report', 'Patient Summary of Jane Green 10.12.2024'.","","","","","","","","","",,,,,"",,,,"EHDSDocument.header.documentTitle",1,1,"",""
"EHDSDocument","EHDSDocument.header.period","EHDSDocument.header.period","","","",0,1,"","","","Period {[]} {[]}
","Time of service that is being documented.","Time of service that is being documented.","","","","","","","","","",,,,,"",,,,"EHDSDocument.header.period",0,1,"",""
"EHDSDocument","EHDSDocument.header.version","EHDSDocument.header.version","","","",1,1,"","","","string {[]} {[]}
","Version of the document.","Version of the document.","","","","","","","","","",,,,,"",,,,"EHDSDocument.header.version",1,1,"",""
"EHDSDocument","EHDSDocument.header.attestation","EHDSDocument.header.attestation","","","",0,*,"","","","Base {[]} {[]}
","Document attestation details.","Document attestation details.","","","","","","","","","",,,,,"",,,,"EHDSDocument.header.attestation",0,*,"",""
"EHDSDocument","EHDSDocument.header.attestation.attester[x]","EHDSDocument.header.attestation.attester[x]","","","",1,1,"","","","http://ehds.eu/fhir/models/StructureDefinition/EHDSHealthProfessional {[]} {[]}
http://ehds.eu/fhir/models/StructureDefinition/EHDSDevice {[]} {[]}","Attester who validated the document.","Attester who validated the document.","","","","","","","","","",,,,,"",,,,"EHDSDocument.header.attestation.attester[x]",1,1,"",""
"EHDSDocument","EHDSDocument.header.attestation.dateTime","EHDSDocument.header.attestation.dateTime","","","",1,1,"","","","dateTime {[]} {[]}
","Date and time of the approval of the document by the attester.","Date and time of the approval of the document by the attester.","","","","","","","","","",,,,,"",,,,"EHDSDocument.header.attestation.dateTime",1,1,"",""
"EHDSDocument","EHDSDocument.header.legalAuthentication","EHDSDocument.header.legalAuthentication","","","",0,*,"","","","Base {[]} {[]}
","Document legal authentication details.","Document legal authentication details.","","","","","","","","","",,,,,"",,,,"EHDSDocument.header.legalAuthentication",0,*,"",""
"EHDSDocument","EHDSDocument.header.legalAuthentication.legalAuthenticator[x]","EHDSDocument.header.legalAuthentication.legalAuthenticator[x]","","","",1,1,"","","","http://ehds.eu/fhir/models/StructureDefinition/EHDSHealthProfessional {[]} {[]}
http://ehds.eu/fhir/models/StructureDefinition/EHDSOrganisation {[]} {[]}","The person or organisation taking responsibility for the content of the document.","The person or organisation taking responsibility for the content of the document.","","","","","","","","","",,,,,"",,,,"EHDSDocument.header.legalAuthentication.legalAuthenticator[x]",1,1,"",""
"EHDSDocument","EHDSDocument.header.legalAuthentication.dateTime","EHDSDocument.header.legalAuthentication.dateTime","","","",1,1,"","","","dateTime {[]} {[]}
","Date and time when the document was authenticated.","Date and time when the document was authenticated.","","","","","","","","","",,,,,"",,,,"EHDSDocument.header.legalAuthentication.dateTime",1,1,"",""
"EHDSDocument","EHDSDocument.header.eventCategory","EHDSDocument.header.eventCategory","","","",0,*,"","","","CodeableConcept {[]} {[]}
","Categorisation of the event covered by the document (e.g. laboratory study types, imaging study types including modality, etc.). Selection of such tags or labels depends on the use case and agreement between data sharing parties. This meta-data element serves primarily for searching and filtering purposes.","Categorisation of the event covered by the document (e.g. laboratory study types, imaging study types including modality, etc.). Selection of such tags or labels depends on the use case and agreement between data sharing parties. This meta-data element serves primarily for searching and filtering purposes.","","","","","","","","","",,"required","LOINC, SNOMED CT, DICOM-CID 33 Modality","","",,,,"EHDSDocument.header.eventCategory",0,*,"",""
"EHDSDocument","EHDSDocument.header.serviceSpecialty","EHDSDocument.header.serviceSpecialty","","","",0,*,"","","","CodeableConcept {[]} {[]}
","Additional details about where the content was created (e.g. clinical specialty).","Additional details about where the content was created (e.g. clinical specialty).","","","","","","","","","",,"required","SNOMED CT","","",,,,"EHDSDocument.header.serviceSpecialty",0,*,"",""
"EHDSDocument","EHDSDocument.header.custodian","EHDSDocument.header.custodian","","","",0,1,"","","","http://ehds.eu/fhir/models/StructureDefinition/EHDSOrganisation {[]} {[]}
","Organisation that is in charge of maintaining the document.","Organisation that is in charge of maintaining the document.","","","","","","","","","",,,,,"",,,,"EHDSDocument.header.custodian",0,1,"",""
"EHDSDocument","EHDSDocument.header.countryOfOrigin","EHDSDocument.header.countryOfOrigin","","","",0,1,"","","","CodeableConcept {[]} {[]}
","Country of origin of the document.","Country of origin of the document.","","","","","","","","","",,"required","ISO 3166-1 alpha-2","","",,,,"EHDSDocument.header.countryOfOrigin",0,1,"",""
"EHDSDocument","EHDSDocument.presentedForm","EHDSDocument.presentedForm","","","",0,*,"","","","http://ehds.eu/fhir/models/StructureDefinition/EHDSAttachment {[]} {[]}
","A narrative easy-to-read representation of the full data set, e.g. PDF-version of a document.","A narrative easy-to-read representation of the full data set, e.g. PDF-version of a document.","","","","","","","","","",,,,,"",,,,"EHDSDocument.presentedForm",0,*,"",""
"EHDSDosage","EHDSDosage","EHDSDosage","","","",0,*,"","","","null {[]} {[]}
","Dosage model","EHDSDosage means a structured set of data elements describing the instructions for administering a medicinal product.","","","","","","","","","",,,,,"",,,,"Base",0,*,"",""
"EHDSDosage","EHDSDosage.renderedDosageInstruction","EHDSDosage.renderedDosageInstruction","","","",0,1,"","","","string {[]} {[]}
","Full dosage information as human-readable text covering all dosage steps. Generating the text follows local rules and should include all locally implemented dosage data even when such elements are not present in this model.","Full dosage information as human-readable text covering all dosage steps. Generating the text follows local rules and should include all locally implemented dosage data even when such elements are not present in this model.","","","","","","","","","",,,,,"",,,,"EHDSDosage.renderedDosageInstruction",0,1,"",""
"EHDSDosage","EHDSDosage.dosageDetails","EHDSDosage.dosageDetails","","","",0,*,"","","","Base {[]} {[]}
","Details of single dosage scheme step.","Details of single dosage scheme step.","","","","","","","","","",,,,,"",,,,"EHDSDosage.dosageDetails",0,*,"",""
"EHDSDosage","EHDSDosage.dosageDetails.sequence","EHDSDosage.dosageDetails.sequence","","","",0,1,"","","","integer {[]} {[]}
","Order of the dosage instruction, in case one treatment consists of several dosage steps. When two schemes share the same sequence number, they are meant to be running in parallel.","Order of the dosage instruction, in case one treatment consists of several dosage steps. When two schemes share the same sequence number, they are meant to be running in parallel.","","","","","","","","","",,,,,"",,,,"EHDSDosage.dosageDetails.sequence",0,1,"",""
"EHDSDosage","EHDSDosage.dosageDetails.note","EHDSDosage.dosageDetails.note","","","",0,1,"","","","string {[]} {[]}
","Patient oriented instructions as free text for this dosage step.","Patient oriented instructions as free text for this dosage step.","","","","","","","","","",,,,,"",,,,"EHDSDosage.dosageDetails.note",0,1,"",""
"EHDSDosage","EHDSDosage.dosageDetails.doseAndRate","EHDSDosage.dosageDetails.doseAndRate","","","",0,*,"","","","Base {[]} {[]}
","Amount of medication administered per one dose (= one timing).","Amount of medication administered per one dose (= one timing).","","","","","","","","","",,,,,"",,,,"EHDSDosage.dosageDetails.doseAndRate",0,*,"",""
"EHDSDosage","EHDSDosage.dosageDetails.doseAndRate.dose[x]","EHDSDosage.dosageDetails.doseAndRate.dose[x]","","","",0,1,"","","","Quantity {[]} {[]}
Range {[]} {[]}","Amount of medication per one dose (1 tablet, 2-3 tablets, 20ml).","Amount of medication per one dose (1 tablet, 2-3 tablets, 20ml).","","","","","","","","","",,"required","UCUM (units of measurement), EDQM Standard Terms (units of presentation)","","",,,,"EHDSDosage.dosageDetails.doseAndRate.dose[x]",0,1,"",""
"EHDSDosage","EHDSDosage.dosageDetails.doseAndRate.rate[x]","EHDSDosage.dosageDetails.doseAndRate.rate[x]","","","",0,1,"","","","Quantity {[]} {[]}
Ratio {[]} {[]}","Amount of medication per time period (e.g. 100mg per 1 hour). When rate is provided per 1 time unit, Quantity data type can be used with a suitable unit (e.g. mg/h, ug/min).","Amount of medication per time period (e.g. 100mg per 1 hour). When rate is provided per 1 time unit, Quantity data type can be used with a suitable unit (e.g. mg/h, ug/min).","","","","","","","","","",,"required","UCUM (units of measurement), EDQM Standard Terms (units of presentation)","","",,,,"EHDSDosage.dosageDetails.doseAndRate.rate[x]",0,1,"",""
"EHDSDosage","EHDSDosage.dosageDetails.repeat","EHDSDosage.dosageDetails.repeat","","","",0,1,"","","","Base {[]} {[]}
","Repetition of the administration.","Repetition of the administration.","","","","","","","","","",,,,,"",,,,"EHDSDosage.dosageDetails.repeat",0,1,"",""
"EHDSDosage","EHDSDosage.dosageDetails.repeat.bounds[x]","EHDSDosage.dosageDetails.repeat.bounds[x]","","","",0,1,"","","","Quantity {[]} {[]}
Period {[]} {[]}","Time bounds for the treatment (current dosage scheme), Quantity contains a number of time units (e.g 10 days), Period contains start and end date (e.g. 05.08.2023 - 10.08.2023).","Time bounds for the treatment (current dosage scheme), Quantity contains a number of time units (e.g 10 days), Period contains start and end date (e.g. 05.08.2023 - 10.08.2023).","","","","","","","","","",,"required","UCUM","","",,,,"EHDSDosage.dosageDetails.repeat.bounds[x]",0,1,"",""
"EHDSDosage","EHDSDosage.dosageDetails.repeat.duration","EHDSDosage.dosageDetails.repeat.duration","","","",0,1,"","","","Quantity {[]} {[]}
","Duration of administration (e.g. '5 minutes', '1 hour').","Duration of administration (e.g. '5 minutes', '1 hour').","","","","","","","","","",,"required","UCUM","","",,,,"EHDSDosage.dosageDetails.repeat.duration",0,1,"",""
"EHDSDosage","EHDSDosage.dosageDetails.repeat.frequency","EHDSDosage.dosageDetails.repeat.frequency","","","",0,1,"","","","Base {[]} {[]}
","Frequency of intake/administration.","Frequency of intake/administration.","","","","","","","","","",,,,,"",,,,"EHDSDosage.dosageDetails.repeat.frequency",0,1,"",""
"EHDSDosage","EHDSDosage.dosageDetails.repeat.frequency.numberOfTimes","EHDSDosage.dosageDetails.repeat.frequency.numberOfTimes","","","",1,1,"","","","integer {[]} {[]}
","Number of times per period (e.g. '3 times').","Number of times per period (e.g. '3 times').","","","","","","","","","",,,,,"",,,,"EHDSDosage.dosageDetails.repeat.frequency.numberOfTimes",1,1,"",""
"EHDSDosage","EHDSDosage.dosageDetails.repeat.frequency.period","EHDSDosage.dosageDetails.repeat.frequency.period","","","",1,1,"","","","Quantity {[]} {[]}
","Duration to which the frequency applies (e.g. '... / 1 day').","Duration to which the frequency applies (e.g. '... / 1 day').","","","","","","","","","",,"required","UCUM","","",,,,"EHDSDosage.dosageDetails.repeat.frequency.period",1,1,"",""
"EHDSDosage","EHDSDosage.dosageDetails.repeat.dayOfWeek","EHDSDosage.dosageDetails.repeat.dayOfWeek","","","",0,*,"","","","CodeableConcept {[]} {[]}
","The day of the week of administration, e.g Mon, Tue, etc.","The day of the week of administration, e.g Mon, Tue, etc.","","","","","","","","","",,,,,"",,,,"EHDSDosage.dosageDetails.repeat.dayOfWeek",0,*,"",""
"EHDSDosage","EHDSDosage.dosageDetails.repeat.timeOfDay","EHDSDosage.dosageDetails.repeat.timeOfDay","","","",0,*,"","","","time {[]} {[]}
","Exact time of day of administration (e.g. '10:00').","Exact time of day of administration (e.g. '10:00').","","","","","","","","","",,,,,"",,,,"EHDSDosage.dosageDetails.repeat.timeOfDay",0,*,"",""
"EHDSDosage","EHDSDosage.dosageDetails.repeat.eventTime","EHDSDosage.dosageDetails.repeat.eventTime","","","",0,*,"","","","CodeableConcept {[]} {[]}
","Time period or event when the administration should happen ('before meal', 'immediately', 'morning').","Time period or event when the administration should happen ('before meal', 'immediately', 'morning').","","","","","","","","","",,"required","HL7 Event Timing","","",,,,"EHDSDosage.dosageDetails.repeat.eventTime",0,*,"",""
"EHDSDosage","EHDSDosage.dosageDetails.asNeeded","EHDSDosage.dosageDetails.asNeeded","","","",0,1,"","","","boolean {[]} {[]}
","Take as needed.","Take as needed.","","","","","","","","","",,,,,"",,,,"EHDSDosage.dosageDetails.asNeeded",0,1,"",""
"EHDSDosage","EHDSDosage.dosageDetails.bodySite","EHDSDosage.dosageDetails.bodySite","","","",0,1,"","","","http://ehds.eu/fhir/models/StructureDefinition/EHDSBodyStructure {[]} {[]}
","Body site of administration.","Body site of administration.","","","","","","","","","",,,,,"",,,,"EHDSDosage.dosageDetails.bodySite",0,1,"",""
"EHDSDosage","EHDSDosage.dosageDetails.routeOfAdministration","EHDSDosage.dosageDetails.routeOfAdministration","","","",0,1,"","","","CodeableConcept {[]} {[]}
","Route of administration.","Route of administration.","","","","","","","","","",,"required","EDQM Standard Terms","","",,,,"EHDSDosage.dosageDetails.routeOfAdministration",0,1,"",""
"EHDSEncounter","EHDSEncounter","EHDSEncounter","","","",0,*,"","","","null {[]} {[]}
","Encounter model","EHDSEncounter means a structured set of data elements describing a patient's interaction with a healthcare service, but excluding the tracking of broader episodes of care (e.g., a maternity episode from first antenatal visit through delivery and postnatal follow-up) extending beyond individual encounters.","","","","","","","","","",,,,,"",,,,"Base",0,*,"",""
"EHDSEncounter","EHDSEncounter.header","EHDSEncounter.header","","","",1,1,"","","","Base {[]} {[]}
","Basic metadata for this information.","Basic metadata for this information.","","","","","","","","","",,,,,"",,,,"EHDSDataSet.header",1,1,"",""
"EHDSEncounter","EHDSEncounter.header.subject","EHDSEncounter.header.subject","","","",1,1,"","","","http://ehds.eu/fhir/models/StructureDefinition/EHDSPatient {[]} {[]}
","Patient/subject information.","Patient/subject information.","","","","","","","","","",,,,,"",,,,"EHDSDataSet.header.subject",1,1,"",""
"EHDSEncounter","EHDSEncounter.header.identifier","EHDSEncounter.header.identifier","","","",0,*,"","","","Identifier {[]} {[]}
","Business identifier assigned to the resource or document (not a patient ID and not the technical resource ID).","Business identifier assigned to the resource or document (not a patient ID and not the technical resource ID).","Business identifier is unique within the system that assigns them. The same entity may have different unique identifiers assigned by different systems. Therefore, the identifier is always expected to be a pair of a system and a value.","","","","","","","","",,,,,"",,,,"EHDSDataSet.header.identifier",0,*,"",""
"EHDSEncounter","EHDSEncounter.header.author[x]","EHDSEncounter.header.author[x]","","","",0,*,"","","","http://ehds.eu/fhir/models/StructureDefinition/EHDSHealthProfessional {[]} {[]}
http://ehds.eu/fhir/models/StructureDefinition/EHDSOrganisation {[]} {[]}http://ehds.eu/fhir/models/StructureDefinition/EHDSDevice {[]} {[]}http://ehds.eu/fhir/models/StructureDefinition/EHDSPatient {[]} {[]}http://ehds.eu/fhir/models/StructureDefinition/EHDSRelatedPerson {[]} {[]}","Author of the resource.","Author (typically a health professional) who is responsible for this encounter.","Author(s) responsible for the provided information. The exact role of the responsible author varies across use cases and is specific to individual models.","","","","","","","","",,,,,"",,,,"EHDSDataSet.header.author[x]",0,*,"",""
"EHDSEncounter","EHDSEncounter.header.patientInsertedData","EHDSEncounter.header.patientInsertedData","","","",0,1,"","","","boolean {[]} {[]}
","Indicator that states, when included with value ‘true’, that the contents of this resource represent information inserted by the natural person or their representative. In this case, the contents shall not be considered as verified by a health professional or a healthcare provider, even if digitally signed by them as part of a bigger data set. Details of the person who inserted the information may be provided in the author[x] element.","Indicator that states, when included with value ‘true’, that the contents of this resource represent information inserted by the natural person or their representative. In this case, the contents shall not be considered as verified by a health professional or a healthcare provider, even if digitally signed by them as part of a bigger data set. Details of the person who inserted the information may be provided in the author[x] element.","","","","","","","","","",,,,,"",,,,"EHDSDataSet.header.patientInsertedData",0,1,"",""
"EHDSEncounter","EHDSEncounter.header.date","EHDSEncounter.header.date","","","",0,1,"","","","dateTime {[]} {[]}
","Date and optionally time of authoring/issuing.","Date and optionally time of authoring/issuing.","","","","","","","","","",,,,,"",,,,"EHDSDataSet.header.date",0,1,"",""
"EHDSEncounter","EHDSEncounter.header.status","EHDSEncounter.header.status","","","",1,1,"","","","CodeableConcept {[]} {[]}
","Status of the encounter (e.g. discharged, discontinued, completed).","Status of the encounter (e.g. discharged, discontinued, completed).","","","","","","","","","",,"required","Defined in the individual data set.","","",,,,"EHDSDataSet.header.status",1,1,"",""
"EHDSEncounter","EHDSEncounter.header.language","EHDSEncounter.header.language","","","",0,1,"","","","CodeableConcept {[]} {[]}
","Language in which the resource is written. Language is expressed by the IETF language tag.","Language in which the resource is written. Language is expressed by the IETF language tag.","","","","","","","","","",,"required","BCP 47","","",,,,"EHDSDataSet.header.language",0,1,"",""
"EHDSEncounter","EHDSEncounter.priority","EHDSEncounter.priority","","","",0,1,"","","","CodeableConcept {[]} {[]}
","Indicates the urgency of the encounter (e.g. urgent, routine).","Indicates the urgency of the encounter (e.g. urgent, routine).","","","","","","","","","",,"required","HL7 Act Priority","","",,,,"EHDSEncounter.priority",0,1,"",""
"EHDSEncounter","EHDSEncounter.class","EHDSEncounter.class","","","",1,1,"","","","CodeableConcept {[]} {[]}
","Class of the encounter (inpatient, ambulatory, virtual).","Class of the encounter (inpatient, ambulatory, virtual).","","","","","","","","","",,"required","HL7 Act Encounter Code","","",,,,"EHDSEncounter.class",1,1,"",""
"EHDSEncounter","EHDSEncounter.period","EHDSEncounter.period","","","",1,1,"","","","Period {[]} {[]}
","The actual start and end time of the encounter.","The actual start and end time of the encounter.","","","","","","","","","",,,,,"",,,,"EHDSEncounter.period",1,1,"",""
"EHDSEncounter","EHDSEncounter.serviceProvider","EHDSEncounter.serviceProvider","","","",0,1,"","","","http://ehds.eu/fhir/models/StructureDefinition/EHDSOrganisation {[]} {[]}
","The organisation (facility) responsible for this encounter.","The organisation (facility) responsible for this encounter.","","","","","","","","","",,,,,"",,,,"EHDSEncounter.serviceProvider",0,1,"",""
"EHDSEncounter","EHDSEncounter.referringProfessional","EHDSEncounter.referringProfessional","","","",0,1,"","","","http://ehds.eu/fhir/models/StructureDefinition/EHDSHealthProfessional {[]} {[]}
","Referring healthcare professional.","Referring healthcare professional.","","","","","","","","","",,,,,"",,,,"EHDSEncounter.referringProfessional",0,1,"",""
"EHDSEncounter","EHDSEncounter.basedOn[x]","EHDSEncounter.basedOn[x]","","","",0,*,"","","","http://ehds.eu/fhir/models/StructureDefinition/EHDSCarePlan {[]} {[]}
http://ehds.eu/fhir/models/StructureDefinition/EHDSServiceRequest {[]} {[]}","Reference to the request that initiated this encounter.","Reference to the request that initiated this encounter.","","","","","","","","","",,,,,"",,,,"EHDSEncounter.basedOn[x]",0,*,"",""
"EHDSEncounter","EHDSEncounter.reason[x]","EHDSEncounter.reason[x]","","","",0,*,"","","","CodeableConcept {[]} {[]}
http://ehds.eu/fhir/models/StructureDefinition/EHDSCondition {[]} {[]}http://ehds.eu/fhir/models/StructureDefinition/EHDSProcedure {[]} {[]}http://ehds.eu/fhir/models/StructureDefinition/EHDSObservation {[]} {[]}string {[]} {[]}","Reason for admission, e.g. problem, procedure or finding.","Reason for admission, e.g. problem, procedure or finding.","","","","","","","","","",,"required","SNOMED CT (preferred), ICD-10, Orphacode","","",,,,"EHDSEncounter.reason[x]",0,*,"",""
"EHDSEncounter","EHDSEncounter.admission","EHDSEncounter.admission","","","",0,1,"","","","Base {[]} {[]}
","Details about the admission to a healthcare service.","Details about the admission to a healthcare service.","","","","","","","","","",,,,,"",,,,"EHDSEncounter.admission",0,1,"",""
"EHDSEncounter","EHDSEncounter.admission.admitter","EHDSEncounter.admission.admitter","","","",0,1,"","","","http://ehds.eu/fhir/models/StructureDefinition/EHDSHealthProfessional {[]} {[]}
","Admitting healthcare professional.","Admitting healthcare professional.","","","","","","","","","",,,,,"",,,,"EHDSEncounter.admission.admitter",0,1,"",""
"EHDSEncounter","EHDSEncounter.admission.admitSource","EHDSEncounter.admission.admitSource","","","",0,1,"","","","CodeableConcept {[]} {[]}
","The type of admission indicating where the patient came in (e.g. born in hospital, from nursing home, physician referral, transferred from another hospital).","The type of admission indicating where the patient came in (e.g. born in hospital, from nursing home, physician referral, transferred from another hospital).","","","","","","","","","",,"required","HL7 Admit Source","","",,,,"EHDSEncounter.admission.admitSource",0,1,"",""
"EHDSEncounter","EHDSEncounter.dischargeDiagnosis[x]","EHDSEncounter.dischargeDiagnosis[x]","","","",0,*,"","","","CodeableConcept {[]} {[]}
http://ehds.eu/fhir/models/StructureDefinition/EHDSCondition {[]} {[]}","The diagnoses at the time of discharge.","The diagnoses at the time of discharge.","","","","","","","","","",,"required","SNOMED CT (preferred), ICD-10, Orphacode","","",,,,"EHDSEncounter.dischargeDiagnosis[x]",0,*,"",""
"EHDSEncounter","EHDSEncounter.dischargeDestination","EHDSEncounter.dischargeDestination","","","",0,1,"","","","Base {[]} {[]}
","Location or organisation to which the patient is going after discharge.","Location or organisation to which the patient is going after discharge.","","","","","","","","","",,,,,"",,,,"EHDSEncounter.dischargeDestination",0,1,"",""
"EHDSEncounter","EHDSEncounter.dischargeDestination.type","EHDSEncounter.dischargeDestination.type","","","",0,1,"","","","CodeableConcept {[]} {[]}
","Type of location (e.g. home, hospital, nursing home, etc.).","Type of location (e.g. home, hospital, nursing home, etc.).","","","","","","","","","",,"required","HL7 Discharge Disposition","","",,,,"EHDSEncounter.dischargeDestination.type",0,1,"",""
"EHDSEncounter","EHDSEncounter.dischargeDestination.location[x]","EHDSEncounter.dischargeDestination.location[x]","","","",0,1,"","","","http://ehds.eu/fhir/models/StructureDefinition/EHDSOrganisation {[]} {[]}
string {[]} {[]}","The location or organisation (including contact details).","The location or organisation (including contact details).","","","","","","","","","",,,,,"",,,,"EHDSEncounter.dischargeDestination.location[x]",0,1,"",""
"EHDSEncounter","EHDSEncounter.serviceLocation","EHDSEncounter.serviceLocation","","","",0,*,"","","","Base {[]} {[]}
","List of locations where the patient was present during this encounter.","List of locations where the patient was present during this encounter.","","","","","","","","","",,,,,"",,,,"EHDSEncounter.serviceLocation",0,*,"",""
"EHDSEncounter","EHDSEncounter.serviceLocation.period","EHDSEncounter.serviceLocation.period","","","",0,1,"","","","Period {[]} {[]}
","Time period during which the patient was present at the organisation.","Time period during which the patient was present at the organisation.","","","","","","","","","",,,,,"",,,,"EHDSEncounter.serviceLocation.period",0,1,"",""
"EHDSEncounter","EHDSEncounter.serviceLocation.organisation","EHDSEncounter.serviceLocation.organisation","","","",1,1,"","","","http://ehds.eu/fhir/models/StructureDefinition/EHDSOrganisation {[]} {[]}
","Organisation or part of an organisation (e.g. department) where the patient was present during the encounter.","Organisation or part of an organisation (e.g. department) where the patient was present during the encounter.","","","","","","","","","",,,,,"",,,,"EHDSEncounter.serviceLocation.organisation",1,1,"",""
"EHDSEncounter","EHDSEncounter.subEncounter","EHDSEncounter.subEncounter","","","",0,*,"","","","http://ehds.eu/fhir/models/StructureDefinition/EHDSEncounter {[]} {[]}
","Reference to encounters that are considered parts of this encounter.","Reference to encounters that are considered parts of this encounter.","","","","","","","","","",,,,,"",,,,"EHDSEncounter.subEncounter",0,*,"",""
"EHDSEncounter","EHDSEncounter.note","EHDSEncounter.note","","","",0,1,"","","","string {[]} {[]}
","Free text notes by the health professional.","Free text notes by the health professional.","","","","","","","","","",,,,,"",,,,"EHDSEncounter.note",0,1,"",""
"EHDSEndpoint","EHDSEndpoint","EHDSEndpoint","","","",0,*,"","","","null {[]} {[]}
","Endpoint model","EHDSEndpoint means a structured set of data elements describing the technical details of a connection point for electronic services.","","","","","","","","","",,,,,"",,,,"Base",0,*,"",""
"EHDSEndpoint","EHDSEndpoint.identifier","EHDSEndpoint.identifier","","","",1,*,"","","","Identifier {[]} {[]}
","Identifier for the endpoint","Identifier for the endpoint","","","","","","","","","",,,,,"",,,,"EHDSEndpoint.identifier",1,*,"",""
"EHDSEndpoint","EHDSEndpoint.status","EHDSEndpoint.status","","","",1,1,"","","","CodeableConcept {[]} {[]}
","Status of the endpoint (e.g. active, limited).","Status of the endpoint (e.g. active, limited).","","","","","","","","","",,"required","HL7 Endpoint Status","","",,,,"EHDSEndpoint.status",1,1,"",""
"EHDSEndpoint","EHDSEndpoint.connectionType","EHDSEndpoint.connectionType","","","",1,*,"","","","CodeableConcept {[]} {[]}
","A coded value that represents the technical details of the usage of this endpoint, such as what WSDLs should be used in what way.","A coded value that represents the technical details of the usage of this endpoint, such as what WSDLs should be used in what way.","","","","","","","","","",,,,,"",,,,"EHDSEndpoint.connectionType",1,*,"",""
"EHDSEndpoint","EHDSEndpoint.name","EHDSEndpoint.name","","","",0,1,"","","","string {[]} {[]}
","A friendly name that this endpoint can be referred to with.","A friendly name that this endpoint can be referred to with.","","","","","","","","","",,,,,"",,,,"EHDSEndpoint.name",0,1,"",""
"EHDSEndpoint","EHDSEndpoint.managingOrganisation","EHDSEndpoint.managingOrganisation","","","",0,1,"","","","http://ehds.eu/fhir/models/StructureDefinition/EHDSOrganisation {[]} {[]}
","The organisation that provides technical management services for this endpoint.","The organisation that provides technical management services for this endpoint.","","","","","","","","","",,,,,"",,,,"EHDSEndpoint.managingOrganisation",0,1,"",""
"EHDSEndpoint","EHDSEndpoint.payload","EHDSEndpoint.payload","","","",0,*,"","","","Base {[]} {[]}
","The set of payloads that are provided/available at this endpoint.","The set of payloads that are provided/available at this endpoint.","","","","","","","","","",,,,,"",,,,"EHDSEndpoint.payload",0,*,"",""
"EHDSEndpoint","EHDSEndpoint.payload.mimeType","EHDSEndpoint.payload.mimeType","","","",0,*,"","","","CodeableConcept {[]} {[]}
","The mime type to send the payload in (e.g. application/fhir+xml, application/fhir+json).","The mime type to send the payload in (e.g. application/fhir+xml, application/fhir+json).","","","","","","","","","",,"required","BCP 13","","",,,,"EHDSEndpoint.payload.mimeType",0,*,"",""
"EHDSEndpoint","EHDSEndpoint.payload.profileCanonical","EHDSEndpoint.payload.profileCanonical","","","",0,*,"","","","uri {[]} {[]}
","The technical profile that is expected at this endpoint. It describes the resources that are handled, or even simply which resource types.","The technical profile that is expected at this endpoint. It describes the resources that are handled, or even simply which resource types.","","","","","","","","","",,,,,"",,,,"EHDSEndpoint.payload.profileCanonical",0,*,"",""
"EHDSEndpoint","EHDSEndpoint.payload.profileUri","EHDSEndpoint.payload.profileUri","","","",0,*,"","","","uri {[]} {[]}
","The profile (as a URI) that is expected at this endpoint when not represented using a FHIR profile.","The profile (as a URI) that is expected at this endpoint when not represented using a FHIR profile.","","","","","","","","","",,,,,"",,,,"EHDSEndpoint.payload.profileUri",0,*,"",""
"EHDSEndpoint","EHDSEndpoint.address","EHDSEndpoint.address","","","",1,1,"","","","uri {[]} {[]}
","The URI that describes the actual end-point to connect to.","The URI that describes the actual end-point to connect to.","","","","","","","","","",,,,,"",,,,"EHDSEndpoint.address",1,1,"",""
"EHDSEndpoint","EHDSEndpoint.header","EHDSEndpoint.header","","","",0,*,"","","","string {[]} {[]}
","Additional headers / information to send as part of the notification. Usage depends on the channel type.","Additional headers / information to send as part of the notification. Usage depends on the channel type.","","","","","","","","","",,,,,"",,,,"EHDSEndpoint.header",0,*,"",""
"EHDSHealthProfessional","EHDSHealthProfessional","EHDSHealthProfessional","","","",0,*,"","","","null {[]} {[]}
","Health professional model","EHDSHealthProfessional means a structured set of data elements describing a health professional.","","","","","","","","","",,,,,"",,,,"Base",0,*,"",""
"EHDSHealthProfessional","EHDSHealthProfessional.identifier","EHDSHealthProfessional.identifier","","","",0,*,"","","","Identifier {[]} {[]}
","An identifier of the health professional that is unique within a defined scope. Example: National health professional ID. Multiple identifiers could be provided.","An identifier of the health professional that is unique within a defined scope. Example: National health professional ID. Multiple identifiers could be provided.","","","","","","","","","",,,,,"",,,,"EHDSHealthProfessional.identifier",0,*,"",""
"EHDSHealthProfessional","EHDSHealthProfessional.name","EHDSHealthProfessional.name","","","",0,1,"","","","http://ehds.eu/fhir/models/StructureDefinition/EHDSHumanName {[]} {[]}
","Name of the health professional.","Name of the health professional.","","","","","","","","","",,,,,"",,,,"EHDSHealthProfessional.name",0,1,"",""
"EHDSHealthProfessional","EHDSHealthProfessional.address","EHDSHealthProfessional.address","","","",0,*,"","","","http://ehds.eu/fhir/models/StructureDefinition/EHDSAddress {[]} {[]}
","Address of the health professional.","Address of the health professional.","","","","","","","","","",,,,,"",,,,"EHDSHealthProfessional.address",0,*,"",""
"EHDSHealthProfessional","EHDSHealthProfessional.telecom","EHDSHealthProfessional.telecom","","","",0,*,"","","","http://ehds.eu/fhir/models/StructureDefinition/EHDSTelecom {[]} {[]}
","Telecommunication contact information (address) associated with the health professional, such as phone number, email, or messaging service.","Telecommunication contact information (address) associated with the health professional, such as phone number, email, or messaging service.","","","","","","","","","",,,,,"",,,,"EHDSHealthProfessional.telecom",0,*,"",""
"EHDSHealthProfessional","EHDSHealthProfessional.professionalRole","EHDSHealthProfessional.professionalRole","","","",0,*,"","","","Base {[]} {[]}
","Professional role that the health professional is practicing at a given organisation.","Professional role that the health professional is practicing at a given organisation.","","","","","","","","","",,,,,"",,,,"EHDSHealthProfessional.professionalRole",0,*,"",""
"EHDSHealthProfessional","EHDSHealthProfessional.professionalRole.role","EHDSHealthProfessional.professionalRole.role","","","",0,*,"","","","CodeableConcept {[]} {[]}
","Health professional role.","Health professional role.","","","","","","","","","",,"required","SNOMED CT (preferred), ISCO-08","","",,,,"EHDSHealthProfessional.professionalRole.role",0,*,"",""
"EHDSHealthProfessional","EHDSHealthProfessional.professionalRole.organisation","EHDSHealthProfessional.professionalRole.organisation","","","",0,1,"","","","http://ehds.eu/fhir/models/StructureDefinition/EHDSOrganisation {[]} {[]}
","The organisation where this role is available.","The organisation where this role is available.","","","","","","","","","",,,,,"",,,,"EHDSHealthProfessional.professionalRole.organisation",0,1,"",""
"EHDSHealthProfessional","EHDSHealthProfessional.professionalRole.specialty","EHDSHealthProfessional.professionalRole.specialty","","","",0,*,"","","","CodeableConcept {[]} {[]}
","The specialty of the health professional they are practicing in the given organisation.","The specialty of the health professional they are practicing in the given organisation.","","","","","","","","","",,"required","SNOMED CT","","",,,,"EHDSHealthProfessional.professionalRole.specialty",0,*,"",""
"EHDSHumanName","EHDSHumanName","EHDSHumanName","","","",0,*,"","","","null {[]} {[]}
","Human name model","EHDSHumanName means a structured set of data elements describing the name of a person.","","","","","","","","","",,,,,"",,,,"Base",0,*,"",""
"EHDSHumanName","EHDSHumanName.use","EHDSHumanName.use","","","",0,1,"","","","CodeableConcept {[]} {[]}
","The purpose of this name.","The purpose of this name.","","","","","","","","","",,"required","HL7 Name Use","","",,,,"EHDSHumanName.use",0,1,"",""
"EHDSHumanName","EHDSHumanName.text","EHDSHumanName.text","","","",0,1,"","","","string {[]} {[]}
","The entire name as it should be displayed e.g. on an application UI.","The entire name as it should be displayed e.g. on an application UI.","","","","","","","","","",,,,,"",,,,"EHDSHumanName.text",0,1,"",""
"EHDSHumanName","EHDSHumanName.family","EHDSHumanName.family","","","",0,*,"","","","string {[]} {[]}
","The family name/surname/last name.","The family name/surname/last name.","","","","","","","","","",,,,,"",,,,"EHDSHumanName.family",0,*,"",""
"EHDSHumanName","EHDSHumanName.given","EHDSHumanName.given","","","",0,*,"","","","string {[]} {[]}
","The given name/first name.","The given name/first name.","","","","","","","","","",,,,,"",,,,"EHDSHumanName.given",0,*,"",""
"EHDSHumanName","EHDSHumanName.prefix","EHDSHumanName.prefix","","","",0,*,"","","","string {[]} {[]}
","Name part that appears at the start of the name. Prefixes shall appear in the correct order for presenting the name.","Name part that appears at the start of the name. Prefixes shall appear in the correct order for presenting the name.","","","","","","","","","",,,,,"",,,,"EHDSHumanName.prefix",0,*,"",""
"EHDSHumanName","EHDSHumanName.suffix","EHDSHumanName.suffix","","","",0,*,"","","","string {[]} {[]}
","Name part that appears at the end of the name. Suffixes shall appear in the correct order for presenting the name.","Name part that appears at the end of the name. Suffixes shall appear in the correct order for presenting the name.","","","","","","","","","",,,,,"",,,,"EHDSHumanName.suffix",0,*,"",""
"EHDSImagingReport","EHDSImagingReport","EHDSImagingReport","","","",0,*,"","","","null {[]} {[]}
","Imaging report model","Imaging report reflects the observations and interpretations of one or more imaging studies, contains elements such as the reason why the study is requested, relevant contextual medical information, the modality used to acquire images and its settings, procedures and body localisations that were used, a description of the observations and findings, exposure information, conclusion and advice.","","","","","","","","","",,,,,"",,,,"Base",0,*,"",""
"EHDSImagingReport","EHDSImagingReport.header","EHDSImagingReport.header","","","",1,1,"","","","Base {[]} {[]}
","Imaging report header.","Basic metadata for this information.","","","","","","","","","",,,,,"",,,,"EHDSDataSet.header",1,1,"",""
"EHDSImagingReport","EHDSImagingReport.header.subject","EHDSImagingReport.header.subject","","","",1,1,"","","","http://ehds.eu/fhir/models/StructureDefinition/EHDSPatient {[]} {[]}
","Patient/subject information.","Patient/subject information.","","","","","","","","","",,,,,"",,,,"EHDSDataSet.header.subject",1,1,"",""
"EHDSImagingReport","EHDSImagingReport.header.identifier","EHDSImagingReport.header.identifier","","","",1,*,"","","","Identifier {[]} {[]}
","Unique identifier of the document.","Unique identifier of the document.","Business identifier is unique within the system that assigns them. The same entity may have different unique identifiers assigned by different systems. Therefore, the identifier is always expected to be a pair of a system and a value.","","","","","","","","",,,,,"",,,,"EHDSDataSet.header.identifier",0,*,"",""
"EHDSImagingReport","EHDSImagingReport.header.author[x]","EHDSImagingReport.header.author[x]","","","",1,*,"","","","http://ehds.eu/fhir/models/StructureDefinition/EHDSHealthProfessional {[]} {[]}
http://ehds.eu/fhir/models/StructureDefinition/EHDSOrganisation {[]} {[]}http://ehds.eu/fhir/models/StructureDefinition/EHDSDevice {[]} {[]}http://ehds.eu/fhir/models/StructureDefinition/EHDSPatient {[]} {[]}http://ehds.eu/fhir/models/StructureDefinition/EHDSRelatedPerson {[]} {[]}","Author of the document.","Author of the document.","Author(s) responsible for the provided information. The exact role of the responsible author varies across use cases and is specific to individual models.","","","","","","","","",,,,,"",,,,"EHDSDataSet.header.author[x]",0,*,"",""
"EHDSImagingReport","EHDSImagingReport.header.patientInsertedData","EHDSImagingReport.header.patientInsertedData","","","",0,1,"","","","boolean {[]} {[]}
","Indicator that states, when included with value ‘true’, that the contents of this resource represent information inserted by the natural person or their representative. In this case, the contents shall not be considered as verified by a health professional or a healthcare provider, even if digitally signed by them as part of a bigger data set. Details of the person who inserted the information may be provided in the author[x] element.","Indicator that states, when included with value ‘true’, that the contents of this resource represent information inserted by the natural person or their representative. In this case, the contents shall not be considered as verified by a health professional or a healthcare provider, even if digitally signed by them as part of a bigger data set. Details of the person who inserted the information may be provided in the author[x] element.","","","","","","","","","",,,,,"",,,,"EHDSDataSet.header.patientInsertedData",0,1,"",""
"EHDSImagingReport","EHDSImagingReport.header.date","EHDSImagingReport.header.date","","","",1,1,"","","","dateTime {[]} {[]}
","Date of finalising/issuing the document.","Date of finalising/issuing the document.","","","","","","","","","",,,,,"",,,,"EHDSDataSet.header.date",0,1,"",""
"EHDSImagingReport","EHDSImagingReport.header.status","EHDSImagingReport.header.status","","","",1,1,"","","","CodeableConcept {[]} {[]}
","Status of the document.","Status of the document.","","","","","","","","","",,"required","HL7 Composition Status","","",,,,"EHDSDataSet.header.status",1,1,"",""
"EHDSImagingReport","EHDSImagingReport.header.language","EHDSImagingReport.header.language","","","",0,1,"","","","CodeableConcept {[]} {[]}
","Language in which the document is written. Language is expressed by the IETF language tag.","Language in which the document is written. Language is expressed by the IETF language tag.","","","","","","","","","",,"required","BCP 47","","",,,,"EHDSDataSet.header.language",0,1,"",""
"EHDSImagingReport","EHDSImagingReport.header.documentType","EHDSImagingReport.header.documentType","","","",1,1,"","","","CodeableConcept {[]} {[]}
","Type of document (e.g. 18748-4 Diagnostic imaging study).","Type of document (e.g. 18748-4 Diagnostic imaging study).","","","","","","","","","",,"required","LOINC","","",,,,"EHDSDocument.header.documentType",1,1,"",""
"EHDSImagingReport","EHDSImagingReport.header.documentTitle","EHDSImagingReport.header.documentTitle","","","",1,1,"","","","string {[]} {[]}
","Human readable document title that can be displayed in search results, etc. This can be documentType's display name, or it can contain further information.","Human readable document title that can be displayed in search results, etc. This can be documentType's display name, or it can contain further information.","","","","","","","","","",,,,,"",,,,"EHDSDocument.header.documentTitle",1,1,"",""
"EHDSImagingReport","EHDSImagingReport.header.period","EHDSImagingReport.header.period","","","",0,1,"","","","Period {[]} {[]}
","Time of service that is being documented.","Time of service that is being documented.","","","","","","","","","",,,,,"",,,,"EHDSDocument.header.period",0,1,"",""
"EHDSImagingReport","EHDSImagingReport.header.version","EHDSImagingReport.header.version","","","",1,1,"","","","string {[]} {[]}
","Version of the document.","Version of the document.","","","","","","","","","",,,,,"",,,,"EHDSDocument.header.version",1,1,"",""
"EHDSImagingReport","EHDSImagingReport.header.attestation","EHDSImagingReport.header.attestation","","","",0,*,"","","","Base {[]} {[]}
","Document attestation details.","Document attestation details.","","","","","","","","","",,,,,"",,,,"EHDSDocument.header.attestation",0,*,"",""
"EHDSImagingReport","EHDSImagingReport.header.attestation.attester[x]","EHDSImagingReport.header.attestation.attester[x]","","","",1,1,"","","","http://ehds.eu/fhir/models/StructureDefinition/EHDSHealthProfessional {[]} {[]}
http://ehds.eu/fhir/models/StructureDefinition/EHDSDevice {[]} {[]}","Attester who validated the document.","Attester who validated the document.","","","","","","","","","",,,,,"",,,,"EHDSDocument.header.attestation.attester[x]",1,1,"",""
"EHDSImagingReport","EHDSImagingReport.header.attestation.dateTime","EHDSImagingReport.header.attestation.dateTime","","","",1,1,"","","","dateTime {[]} {[]}
","Date and time of the approval of the document by the attester.","Date and time of the approval of the document by the attester.","","","","","","","","","",,,,,"",,,,"EHDSDocument.header.attestation.dateTime",1,1,"",""
"EHDSImagingReport","EHDSImagingReport.header.legalAuthentication","EHDSImagingReport.header.legalAuthentication","","","",0,*,"","","","Base {[]} {[]}
","Document legal authentication details.","Document legal authentication details.","","","","","","","","","",,,,,"",,,,"EHDSDocument.header.legalAuthentication",0,*,"",""
"EHDSImagingReport","EHDSImagingReport.header.legalAuthentication.legalAuthenticator[x]","EHDSImagingReport.header.legalAuthentication.legalAuthenticator[x]","","","",1,1,"","","","http://ehds.eu/fhir/models/StructureDefinition/EHDSHealthProfessional {[]} {[]}
http://ehds.eu/fhir/models/StructureDefinition/EHDSOrganisation {[]} {[]}","The person or organisation taking responsibility for the content of the document.","The person or organisation taking responsibility for the content of the document.","","","","","","","","","",,,,,"",,,,"EHDSDocument.header.legalAuthentication.legalAuthenticator[x]",1,1,"",""
"EHDSImagingReport","EHDSImagingReport.header.legalAuthentication.dateTime","EHDSImagingReport.header.legalAuthentication.dateTime","","","",1,1,"","","","dateTime {[]} {[]}
","Date and time when the document was authenticated.","Date and time when the document was authenticated.","","","","","","","","","",,,,,"",,,,"EHDSDocument.header.legalAuthentication.dateTime",1,1,"",""
"EHDSImagingReport","EHDSImagingReport.header.eventCategory","EHDSImagingReport.header.eventCategory","","","",0,*,"","","","CodeableConcept {[]} {[]}
","Categorisation of the event covered by the document (e.g. imaging study types, body regions, modality, etc.). Selection of such tags or labels depends on the use case and agreement between data sharing parties. This meta-data element serves primarily for searching and filtering purposes.","Categorisation of the event covered by the document (e.g. imaging study types, body regions, modality, etc.). Selection of such tags or labels depends on the use case and agreement between data sharing parties. This meta-data element serves primarily for searching and filtering purposes.","","","","","","","","","",,"required","DICOM CID 33 Modality (preferred), SNOMED CT","","",,,,"EHDSDocument.header.eventCategory",0,*,"",""
"EHDSImagingReport","EHDSImagingReport.header.serviceSpecialty","EHDSImagingReport.header.serviceSpecialty","","","",0,*,"","","","CodeableConcept {[]} {[]}
","Additional details about where the content was created (e.g. clinical specialty).","Additional details about where the content was created (e.g. clinical specialty).","","","","","","","","","",,"required","SNOMED CT","","",,,,"EHDSDocument.header.serviceSpecialty",0,*,"",""
"EHDSImagingReport","EHDSImagingReport.header.custodian","EHDSImagingReport.header.custodian","","","",0,1,"","","","http://ehds.eu/fhir/models/StructureDefinition/EHDSOrganisation {[]} {[]}
","Organisation that is in charge of maintaining the document.","Organisation that is in charge of maintaining the document.","","","","","","","","","",,,,,"",,,,"EHDSDocument.header.custodian",0,1,"",""
"EHDSImagingReport","EHDSImagingReport.header.countryOfOrigin","EHDSImagingReport.header.countryOfOrigin","","","",0,1,"","","","CodeableConcept {[]} {[]}
","Country of origin of the document.","Country of origin of the document.","","","","","","","","","",,"required","ISO 3166-1 alpha-2","","",,,,"EHDSDocument.header.countryOfOrigin",0,1,"",""
"EHDSImagingReport","EHDSImagingReport.header.accessionNumber","EHDSImagingReport.header.accessionNumber","","","",0,*,"","","","Identifier {[]} {[]}
","Accession number - an identifier, managed by the RIS at the local level, which usually uniquely identifies an imaging procedure request, and links it to imaging study and related imaging report.","Accession number - an identifier, managed by the RIS at the local level, which usually uniquely identifies an imaging procedure request, and links it to imaging study and related imaging report.","","","","","","","","","",,,,,"",,,,"EHDSImagingReport.header.accessionNumber",0,*,"",""
"EHDSImagingReport","EHDSImagingReport.header.intendedRecipient[x]","EHDSImagingReport.header.intendedRecipient[x]","","","",0,*,"","","","http://ehds.eu/fhir/models/StructureDefinition/EHDSPatient {[]} {[]}
http://ehds.eu/fhir/models/StructureDefinition/EHDSRelatedPerson {[]} {[]}http://ehds.eu/fhir/models/StructureDefinition/EHDSHealthProfessional {[]} {[]}http://ehds.eu/fhir/models/StructureDefinition/EHDSOrganisation {[]} {[]}","Information recipient (intended recipient of the report, additional recipients might be identified by the ordering party, e.g. GP, other specialist), if applicable.","Information recipient (intended recipient of the report, additional recipients might be identified by the ordering party, e.g. GP, other specialist), if applicable.","","","","","","","","","",,,,,"",,,,"EHDSImagingReport.header.intendedRecipient[x]",0,*,"",""
"EHDSImagingReport","EHDSImagingReport.presentedForm","EHDSImagingReport.presentedForm","","","",0,*,"","","","http://ehds.eu/fhir/models/StructureDefinition/EHDSAttachment {[]} {[]}
","A narrative easy-to-read representation of the full data set, e.g. PDF-version of a document.","A narrative easy-to-read representation of the full data set, e.g. PDF-version of a document.","","","","","","","","","",,,,,"",,,,"EHDSDocument.presentedForm",0,*,"",""
"EHDSImagingReport","EHDSImagingReport.body","EHDSImagingReport.body","","","",0,1,"","","","Base {[]} {[]}
","Imaging report structured body.","Imaging report structured body.","","","","","","","","","",,,,,"",,,,"EHDSImagingReport.body",0,1,"",""
"EHDSImagingReport","EHDSImagingReport.body.orderInformation","EHDSImagingReport.body.orderInformation","","","",0,*,"","","","Base {[]} {[]}
","Order to which this imaging report is linked.","Order to which this imaging report is linked.","","","","","","","","","",,,,,"",,,,"EHDSImagingReport.body.orderInformation",0,*,"",""
"EHDSImagingReport","EHDSImagingReport.body.orderInformation.orderId","EHDSImagingReport.body.orderInformation.orderId","","","",1,*,"","","","Identifier {[]} {[]}
","Identifier of the imaging service order.","Identifier of the imaging service order.","","","","","","","","","",,,,,"",,,,"EHDSImagingReport.body.orderInformation.orderId",1,*,"",""
"EHDSImagingReport","EHDSImagingReport.body.orderInformation.orderDateAndTime","EHDSImagingReport.body.orderInformation.orderDateAndTime","","","",0,1,"","","","dateTime {[]} {[]}
","Date and time of the order placement.","Date and time of the order placement.","","","","","","","","","",,,,,"",,,,"EHDSImagingReport.body.orderInformation.orderDateAndTime",0,1,"",""
"EHDSImagingReport","EHDSImagingReport.body.orderInformation.orderPlacer[x]","EHDSImagingReport.body.orderInformation.orderPlacer[x]","","","",0,1,"","","","http://ehds.eu/fhir/models/StructureDefinition/EHDSHealthProfessional {[]} {[]}
http://ehds.eu/fhir/models/StructureDefinition/EHDSOrganisation {[]} {[]}http://ehds.eu/fhir/models/StructureDefinition/EHDSPatient {[]} {[]}","The person/organisation authorised to place the order.","The person/organisation authorised to place the order.","","","","","","","","","",,,,,"",,,,"EHDSImagingReport.body.orderInformation.orderPlacer[x]",0,1,"",""
"EHDSImagingReport","EHDSImagingReport.body.orderInformation.orderReason[x]","EHDSImagingReport.body.orderInformation.orderReason[x]","","","",0,*,"","","","CodeableConcept {[]} {[]}
http://ehds.eu/fhir/models/StructureDefinition/EHDSCondition {[]} {[]}http://ehds.eu/fhir/models/StructureDefinition/EHDSObservation {[]} {[]}string {[]} {[]}","An explanation or justification for why this service is being requested.","An explanation or justification for why this service is being requested.","","","","","","","","","",,"required","SNOMED CT (preferred), ICD-10","","",,,,"EHDSImagingReport.body.orderInformation.orderReason[x]",0,*,"",""
"EHDSImagingReport","EHDSImagingReport.body.orderInformation.clinicalQuestion","EHDSImagingReport.body.orderInformation.clinicalQuestion","","","",0,1,"","","","string {[]} {[]}
","Specification of clinical question (goal of the investigation) to be answered by the imaging investigation.","Specification of clinical question (goal of the investigation) to be answered by the imaging investigation.","","","","","","","","","",,,,,"",,,,"EHDSImagingReport.body.orderInformation.clinicalQuestion",0,1,"",""
"EHDSImagingReport","EHDSImagingReport.body.supportingInformation","EHDSImagingReport.body.supportingInformation","","","",0,1,"","","","Base {[]} {[]}
","Additional clinical information about the patient or specimen that may affect service delivery or interpretation (additional types of information may be allowed in implementations).","This information includes diagnosis, clinical findings and other observations. This includes observations explicitly requested by the producer (filler) to provide context or supporting information needed to complete the order. For example, reporting the metal implants present in patient's body.","","","","","","","","","",,,,,"",,,,"EHDSImagingReport.body.supportingInformation",0,1,"",""
"EHDSImagingReport","EHDSImagingReport.body.supportingInformation.observation","EHDSImagingReport.body.supportingInformation.observation","","","",0,*,"","","","http://ehds.eu/fhir/models/StructureDefinition/EHDSObservation {[]} {[]}
","Clinical findings and other observations (e.g., height and weight of the patient).","Clinical findings and other observations (e.g., height and weight of the patient).","","","","","","","","","",,,,,"",,,,"EHDSImagingReport.body.supportingInformation.observation",0,*,"",""
"EHDSImagingReport","EHDSImagingReport.body.supportingInformation.condition","EHDSImagingReport.body.supportingInformation.condition","","","",0,*,"","","","http://ehds.eu/fhir/models/StructureDefinition/EHDSCondition {[]} {[]}
","Condition that may influence the service or result interpretation.","Condition that may influence the service or result interpretation.","","","","","","","","","",,,,,"",,,,"EHDSImagingReport.body.supportingInformation.condition",0,*,"",""
"EHDSImagingReport","EHDSImagingReport.body.supportingInformation.priorMedicationAdministration","EHDSImagingReport.body.supportingInformation.priorMedicationAdministration","","","",0,*,"","","","http://ehds.eu/fhir/models/StructureDefinition/EHDSMedicationUse {[]} {[]}
","Medication administered before ordering the service that may influence the service or result interpretation.","Medication administered before ordering the service that may influence the service or result interpretation.","","","","","","","","","",,,,,"",,,,"EHDSImagingReport.body.supportingInformation.priorMedicationAdministration",0,*,"",""
"EHDSImagingReport","EHDSImagingReport.body.supportingInformation.device","EHDSImagingReport.body.supportingInformation.device","","","",0,*,"","","","http://ehds.eu/fhir/models/StructureDefinition/EHDSDeviceUse {[]} {[]}
","List of implants or devices that affect the course of the examination or its interpretation (e.g. metal implants).","List of implants or devices that affect the course of the examination or its interpretation (e.g. metal implants).","","","","","","","","","",,,,,"",,,,"EHDSImagingReport.body.supportingInformation.device",0,*,"",""
"EHDSImagingReport","EHDSImagingReport.body.supportingInformation.pregnancyStatus","EHDSImagingReport.body.supportingInformation.pregnancyStatus","","","",0,1,"","","","http://ehds.eu/fhir/models/StructureDefinition/EHDSCurrentPregnancyStatus {[]} {[]}
","Pregnancy status when the imaging examination was performed (e.g., pregnant, not pregnant, unknown).","Pregnancy status when the imaging examination was performed (e.g., pregnant, not pregnant, unknown).","","","","","","","","","",,,,,"",,,,"EHDSImagingReport.body.supportingInformation.pregnancyStatus",0,1,"",""
"EHDSImagingReport","EHDSImagingReport.body.specimen","EHDSImagingReport.body.specimen","","","",0,*,"","","","http://ehds.eu/fhir/models/StructureDefinition/EHDSSpecimen {[]} {[]}
","Specimen information.","Specimen information.","A specimen (not attached to a body) can be used for diagnostic, forensic and medical research purposes.","","","","","","","","",,,,,"",,,,"EHDSImagingReport.body.specimen",0,*,"",""
"EHDSImagingReport","EHDSImagingReport.body.exposureInformation","EHDSImagingReport.body.exposureInformation","","","",0,1,"","","","Base {[]} {[]}
","Information on total exposure during the imaging investigation to ionising radiation.","Information on total exposure during the imaging investigation to ionising radiation.","This information is required by regulations in several EU countries.","","","","","","","","",,,,,"",,,,"EHDSImagingReport.body.exposureInformation",0,1,"",""
"EHDSImagingReport","EHDSImagingReport.body.exposureInformation.summary","EHDSImagingReport.body.exposureInformation.summary","","","",0,1,"","","","string {[]} {[]}
","Summary information about the exposure to ionising radiation.","Summary information about the exposure to ionising radiation.","","","","","","","","","",,,,,"",,,,"EHDSImagingReport.body.exposureInformation.summary",0,1,"",""
"EHDSImagingReport","EHDSImagingReport.body.exposureInformation.structuredDose","EHDSImagingReport.body.exposureInformation.structuredDose","","","",0,*,"","","","Base {[]} {[]}
","Structured representation of the exposure.","Structured representation of the exposure.","","","","","","","","","",,,,,"",,,,"EHDSImagingReport.body.exposureInformation.structuredDose",0,*,"",""
"EHDSImagingReport","EHDSImagingReport.body.exposureInformation.structuredDose.doseQuantity","EHDSImagingReport.body.exposureInformation.structuredDose.doseQuantity","","","",0,1,"","","","Quantity {[]} {[]}
","Ionised radiation received during the imaging investigation.","Ionised radiation received during the imaging investigation.","","","","","","","","","",,,,,"",,,,"EHDSImagingReport.body.exposureInformation.structuredDose.doseQuantity",0,1,"",""
"EHDSImagingReport","EHDSImagingReport.body.exposureInformation.structuredDose.doseModality","EHDSImagingReport.body.exposureInformation.structuredDose.doseModality","","","",0,1,"","","","CodeableConcept {[]} {[]}
","Imaging modality used during imaging investigation (DICOM CID029).","Imaging modality used during imaging investigation (DICOM CID029).","","","","","","","","","",,"required","DICOM Modality","","",,,,"EHDSImagingReport.body.exposureInformation.structuredDose.doseModality",0,1,"",""
"EHDSImagingReport","EHDSImagingReport.body.exposureInformation.structuredDose.bodySite","EHDSImagingReport.body.exposureInformation.structuredDose.bodySite","","","",0,1,"","","","http://ehds.eu/fhir/models/StructureDefinition/EHDSBodyStructure {[]} {[]}
","Body part investigated.","Body part investigated.","","","","","","","","","",,,,,"",,,,"EHDSImagingReport.body.exposureInformation.structuredDose.bodySite",0,1,"",""
"EHDSImagingReport","EHDSImagingReport.body.exposureInformation.structuredDose.numberOfSeries","EHDSImagingReport.body.exposureInformation.structuredDose.numberOfSeries","","","",0,1,"","","","integer {[]} {[]}
","Number of series in the study.","Number of series in the study.","","","","","","","","","",,,,,"",,,,"EHDSImagingReport.body.exposureInformation.structuredDose.numberOfSeries",0,1,"",""
"EHDSImagingReport","EHDSImagingReport.body.examinationReport","EHDSImagingReport.body.examinationReport","","","",1,1,"","","","Base {[]} {[]}
","Examination report content.","Examination report content.","","","","","","","","","",,,,,"",,,,"EHDSImagingReport.body.examinationReport",1,1,"",""
"EHDSImagingReport","EHDSImagingReport.body.examinationReport.modality","EHDSImagingReport.body.examinationReport.modality","","","",1,*,"","","","CodeableConcept {[]} {[]}
","Imaging modality used during imaging investigation (DICOM CID029).","Imaging modality used during imaging investigation (DICOM CID029).","","","","","","","","","",,"required","DICOM Modality","","",,,,"EHDSImagingReport.body.examinationReport.modality",1,*,"",""
"EHDSImagingReport","EHDSImagingReport.body.examinationReport.bodySite","EHDSImagingReport.body.examinationReport.bodySite","","","",0,*,"","","","http://ehds.eu/fhir/models/StructureDefinition/EHDSBodyStructure {[]} {[]}
","Body part investigated.","Body part investigated.","","","","","","","","","",,,,,"",,,,"EHDSImagingReport.body.examinationReport.bodySite",0,*,"",""
"EHDSImagingReport","EHDSImagingReport.body.examinationReport.imagingProcedure","EHDSImagingReport.body.examinationReport.imagingProcedure","","","",0,*,"","","","http://ehds.eu/fhir/models/StructureDefinition/EHDSProcedure {[]} {[]}
","Imaging procedure performed during imaging study.","Imaging procedure performed during imaging study.","","","","","","","","","",,,,,"",,,,"EHDSImagingReport.body.examinationReport.imagingProcedure",0,*,"",""
"EHDSImagingReport","EHDSImagingReport.body.examinationReport.medicationAdministration","EHDSImagingReport.body.examinationReport.medicationAdministration","","","",0,*,"","","","http://ehds.eu/fhir/models/StructureDefinition/EHDSMedicationAdministration {[]} {[]}
","Information about medications administered (contrast, sedation, stress agents, etc) to enable the imaging investigation or during it.","Information about medications administered (contrast, sedation, stress agents, etc) to enable the imaging investigation or during it.","","","","","","","","","",,,,,"",,,,"EHDSImagingReport.body.examinationReport.medicationAdministration",0,*,"",""
"EHDSImagingReport","EHDSImagingReport.body.examinationReport.adverseReaction","EHDSImagingReport.body.examinationReport.adverseReaction","","","",0,*,"","","","http://ehds.eu/fhir/models/StructureDefinition/EHDSAllergyIntolerance {[]} {[]}
","Adverse reaction manifested during imaging investigation.","Adverse reaction manifested during imaging investigation.","","","","","","","","","",,,,,"",,,,"EHDSImagingReport.body.examinationReport.adverseReaction",0,*,"",""
"EHDSImagingReport","EHDSImagingReport.body.examinationReport.result[x]","EHDSImagingReport.body.examinationReport.result[x]","","","",0,*,"","","","http://ehds.eu/fhir/models/StructureDefinition/EHDSObservation {[]} {[]}
string {[]} {[]}","Imaging report result data.","Imaging report result data.","","","","","","","","","",,,,,"",,,,"EHDSImagingReport.body.examinationReport.result[x]",0,*,"",""
"EHDSImagingReport","EHDSImagingReport.body.examinationReport.conclusion","EHDSImagingReport.body.examinationReport.conclusion","","","",0,1,"","","","Base {[]} {[]}
","A concise and clinically contextualised summary including interpretation/impression of the diagnostic report.","A concise and clinically contextualised summary including interpretation/impression of the diagnostic report.","","","","","","","","","",,,,,"",,,,"EHDSImagingReport.body.examinationReport.conclusion",0,1,"",""
"EHDSImagingReport","EHDSImagingReport.body.examinationReport.conclusion.impression","EHDSImagingReport.body.examinationReport.conclusion.impression","","","",1,1,"","","","string {[]} {[]}
","Narrative description of the clinical conclusion (impression).","Narrative description of the clinical conclusion (impression).","","","","","","","","","",,,,,"",,,,"EHDSImagingReport.body.examinationReport.conclusion.impression",1,1,"",""
"EHDSImagingReport","EHDSImagingReport.body.examinationReport.conclusion.conditionOrFinding[x]","EHDSImagingReport.body.examinationReport.conclusion.conditionOrFinding[x]","","","",0,*,"","","","http://ehds.eu/fhir/models/StructureDefinition/EHDSCondition {[]} {[]}
http://ehds.eu/fhir/models/StructureDefinition/EHDSObservation {[]} {[]}","Condition or finding from imaging investigation.","Condition or finding from imaging investigation.","","","","","","","","","",,,,,"",,,,"EHDSImagingReport.body.examinationReport.conclusion.conditionOrFinding[x]",0,*,"",""
"EHDSImagingReport","EHDSImagingReport.body.recommendation","EHDSImagingReport.body.recommendation","","","",0,1,"","","","Base {[]} {[]}
","Recommendation section for additional imaging investigations or other actions.","Recommendation section for additional imaging investigations or other actions.","","","","","","","","","",,,,,"",,,,"EHDSImagingReport.body.recommendation",0,1,"",""
"EHDSImagingReport","EHDSImagingReport.body.recommendation.description","EHDSImagingReport.body.recommendation.description","","","",1,1,"","","","string {[]} {[]}
","Narrative description of the recommended activities including additional investigation, medication etc.","Narrative description of the recommended activities including additional investigation, medication etc.","","","","","","","","","",,,,,"",,,,"EHDSImagingReport.body.recommendation.description",1,1,"",""
"EHDSImagingReport","EHDSImagingReport.body.recommendation.carePlan","EHDSImagingReport.body.recommendation.carePlan","","","",0,*,"","","","http://ehds.eu/fhir/models/StructureDefinition/EHDSCarePlan {[]} {[]}
","A complex and structured information about recommended goals, activities and objectives in the form of one or more formal care plan.","A complex and structured information about recommended goals, activities and objectives in the form of one or more formal care plan.","","","","","","","","","",,,,,"",,,,"EHDSImagingReport.body.recommendation.carePlan",0,*,"",""
"EHDSImagingReport","EHDSImagingReport.body.comparisonStudy","EHDSImagingReport.body.comparisonStudy","","","",0,*,"","","","http://ehds.eu/fhir/models/StructureDefinition/EHDSImagingReport {[]} {[]}
","Documentation (reference) of a prior Imaging Report to which the current images were compared.","Documentation (reference) of a prior Imaging Report to which the current images were compared.","","","","","","","","","",,,,,"",,,,"EHDSImagingReport.body.comparisonStudy",0,*,"",""
"EHDSImagingReport","EHDSImagingReport.dicomStudyMetadata","EHDSImagingReport.dicomStudyMetadata","","","",0,*,"","","","http://ehds.eu/fhir/models/StructureDefinition/EHDSImagingStudy {[]} {[]}
","Metadata of the DICOM study. A study comprises a set of series, each of which includes a set of Service-Object Pair Instances (SOP Instances - images or other data) acquired or produced in a common context. A series is of only one modality (e.g. X-ray, CT, MR, ultrasound), but a study may have multiple series of different modalities.","Metadata of the DICOM study. A study comprises a set of series, each of which includes a set of Service-Object Pair Instances (SOP Instances - images or other data) acquired or produced in a common context. A series is of only one modality (e.g. X-ray, CT, MR, ultrasound), but a study may have multiple series of different modalities.","","","","","","","","","",,,,,"",,,,"EHDSImagingReport.dicomStudyMetadata",0,*,"",""
"EHDSImagingReport","EHDSImagingReport.attachments","EHDSImagingReport.attachments","","","",0,*,"","","","http://ehds.eu/fhir/models/StructureDefinition/EHDSAttachment {[]} {[]}
","Report attachments","Report attachments","","","","","","","","","",,,,,"",,,,"EHDSImagingReport.attachments",0,*,"",""
"EHDSImagingStudy","EHDSImagingStudy","EHDSImagingStudy","","","",0,*,"","","","null {[]} {[]}
","Imaging study model","EHDSImagingStudy means the structured set of data elements for facilitating the exchange of imaging studies. Its goal is to enable the exchange of imaging studies regardless of whether the corresponding imaging report is available. It contains metadata that includes the endpoint where the imaging study is located. EHDSImagingStudy may be represented using DICOM KOS and/or HL7 FHIR, depending on the implementation guide.","","","","","","","","","",,,,,"",,,,"Base",0,*,"",""
"EHDSImagingStudy","EHDSImagingStudy.header","EHDSImagingStudy.header","","","",1,1,"","","","Base {[]} {[]}
","Basic metadata for this information.","Basic metadata for this information.","","","","","","","","","",,,,,"",,,,"EHDSDataSet.header",1,1,"",""
"EHDSImagingStudy","EHDSImagingStudy.header.subject","EHDSImagingStudy.header.subject","","","",1,1,"","","","http://ehds.eu/fhir/models/StructureDefinition/EHDSPatient {[]} {[]}
","Patient/subject information.","Patient/subject information.","","","","","","","","","",,,,,"",,,,"EHDSDataSet.header.subject",1,1,"",""
"EHDSImagingStudy","EHDSImagingStudy.header.identifier","EHDSImagingStudy.header.identifier","","","",1,*,"","","","Identifier {[]} {[]}
","Business identifier assigned to the resource or document (not a patient ID and not the technical resource ID).","Identifiers for the imaging study such as DICOM Study Instance UID. If one or more series elements are present in the imaging study, then there shall be one DICOM Study UID identifier.","Business identifier is unique within the system that assigns them. The same entity may have different unique identifiers assigned by different systems. Therefore, the identifier is always expected to be a pair of a system and a value.","","","","","","","","",,,,,"",,,,"EHDSDataSet.header.identifier",0,*,"",""
"EHDSImagingStudy","EHDSImagingStudy.header.author[x]","EHDSImagingStudy.header.author[x]","","","",1,*,"","","","http://ehds.eu/fhir/models/StructureDefinition/EHDSHealthProfessional {[]} {[]}
http://ehds.eu/fhir/models/StructureDefinition/EHDSOrganisation {[]} {[]}http://ehds.eu/fhir/models/StructureDefinition/EHDSDevice {[]} {[]}","Author of the resource.","Author of the resource.","Author(s) responsible for the provided information. The exact role of the responsible author varies across use cases and is specific to individual models.","","","","","","","","",,,,,"",,,,"EHDSDataSet.header.author[x]",0,*,"",""
"EHDSImagingStudy","EHDSImagingStudy.header.patientInsertedData","EHDSImagingStudy.header.patientInsertedData","","","",0,0,"","","","boolean {[]} {[]}
","Indicator that states, when included with value ‘true’, that the contents of this resource represent information inserted by the natural person or their representative. In this case, the contents shall not be considered as verified by a health professional or a healthcare provider, even if digitally signed by them as part of a bigger data set. Details of the person who inserted the information may be provided in the author[x] element.","Indicator that states, when included with value ‘true’, that the contents of this resource represent information inserted by the natural person or their representative. In this case, the contents shall not be considered as verified by a health professional or a healthcare provider, even if digitally signed by them as part of a bigger data set. Details of the person who inserted the information may be provided in the author[x] element.","","","","","","","","","",,,,,"",,,,"EHDSDataSet.header.patientInsertedData",0,1,"",""
"EHDSImagingStudy","EHDSImagingStudy.header.date","EHDSImagingStudy.header.date","","","",1,1,"","","","dateTime {[]} {[]}
","Date and optionally time of authoring/issuing.","Date and optionally time of authoring/issuing.","","","","","","","","","",,,,,"",,,,"EHDSDataSet.header.date",0,1,"",""
"EHDSImagingStudy","EHDSImagingStudy.header.status","EHDSImagingStudy.header.status","","","",1,1,"","","","CodeableConcept {[]} {[]}
","Status of the resource.","Status of the resource.","","","","","","","","","",,"required","HL7 Imaging Study Status","","",,,,"EHDSDataSet.header.status",1,1,"",""
"EHDSImagingStudy","EHDSImagingStudy.header.language","EHDSImagingStudy.header.language","","","",0,1,"","","","CodeableConcept {[]} {[]}
","Language in which the resource is written. Language is expressed by the IETF language tag.","Language in which the resource is written. Language is expressed by the IETF language tag.","","","","","","","","","",,"required","BCP 47","","",,,,"EHDSDataSet.header.language",0,1,"",""
"EHDSImagingStudy","EHDSImagingStudy.presentedForm","EHDSImagingStudy.presentedForm","","","",0,*,"","","","http://ehds.eu/fhir/models/StructureDefinition/EHDSAttachment {[]} {[]}
","PDF version of the imaging study to be used where DICOM version is not available.","PDF version of the imaging study to be used where DICOM version is not available.","","","","","","","","","",,,,,"",,,,"EHDSImagingStudy.presentedForm",0,*,"",""
"EHDSImagingStudy","EHDSImagingStudy.modality","EHDSImagingStudy.modality","","","",0,*,"","","","CodeableConcept {[]} {[]}
","All of the distinct values for series' modalities","All of the distinct values for series' modalities","","","","","","","","","",,"required","DICOM CID 33 Modality","","",,,,"EHDSImagingStudy.modality",0,*,"",""
"EHDSImagingStudy","EHDSImagingStudy.bodySite","EHDSImagingStudy.bodySite","","","",0,*,"","","","http://ehds.eu/fhir/models/StructureDefinition/EHDSBodyStructure {[]} {[]}
","All of the distinct values for series' examined body parts.","All of the distinct values for series' examined body parts.","","","","","","","","","",,,,,"",,,,"EHDSImagingStudy.bodySite",0,*,"",""
"EHDSImagingStudy","EHDSImagingStudy.encounter","EHDSImagingStudy.encounter","","","",0,1,"","","","http://ehds.eu/fhir/models/StructureDefinition/EHDSEncounter {[]} {[]}
","Reference to the encounter with which this imaging study is associated.","Reference to the encounter with which this imaging study is associated.","","","","","","","","","",,,,,"",,,,"EHDSImagingStudy.encounter",0,1,"",""
"EHDSImagingStudy","EHDSImagingStudy.started","EHDSImagingStudy.started","","","",0,1,"","","","dateTime {[]} {[]}
","Date and time the study started.","Date and time the study started.","","","","","","","","","",,,,,"",,,,"EHDSImagingStudy.started",0,1,"",""
"EHDSImagingStudy","EHDSImagingStudy.basedOn","EHDSImagingStudy.basedOn","","","",0,*,"","","","http://ehds.eu/fhir/models/StructureDefinition/EHDSServiceRequest {[]} {[]}
","Reference to the diagnostic request that resulted in this imaging study being performed.","Reference to the diagnostic request that resulted in this imaging study being performed.","","","","","","","","","",,,,,"",,,,"EHDSImagingStudy.basedOn",0,*,"",""
"EHDSImagingStudy","EHDSImagingStudy.numberOfSeries","EHDSImagingStudy.numberOfSeries","","","",0,1,"","","","integer {[]} {[]}
","Number of series in the study.","Number of series in the study.","","","","","","","","","",,,,,"",,,,"EHDSImagingStudy.numberOfSeries",0,1,"",""
"EHDSImagingStudy","EHDSImagingStudy.numberOfInstances","EHDSImagingStudy.numberOfInstances","","","",0,1,"","","","integer {[]} {[]}
","Number of service-object pair (SOP) instances in the study. This value given may be larger than the number of instance elements this resource contains due to resource availability, security, or other factors. This element should be present if any instance elements are present.","Number of service-object pair (SOP) instances in the study. This value given may be larger than the number of instance elements this resource contains due to resource availability, security, or other factors. This element should be present if any instance elements are present.","","","","","","","","","",,,,,"",,,,"EHDSImagingStudy.numberOfInstances",0,1,"",""
"EHDSImagingStudy","EHDSImagingStudy.description","EHDSImagingStudy.description","","","",0,1,"","","","string {[]} {[]}
","The imaging manager description of the study. Institution-generated description or classification of the study (component) performed.","The imaging manager description of the study. Institution-generated description or classification of the study (component) performed.","","","","","","","","","",,,,,"",,,,"EHDSImagingStudy.description",0,1,"",""
"EHDSImagingStudy","EHDSImagingStudy.studyCustodian","EHDSImagingStudy.studyCustodian","","","",0,1,"","","","http://ehds.eu/fhir/models/StructureDefinition/EHDSOrganisation {[]} {[]}
","Organisation name, address, contact information.","Organisation name, address, contact information.","","","","","","","","","",,,,,"",,,,"EHDSImagingStudy.studyCustodian",0,1,"",""
"EHDSImagingStudy","EHDSImagingStudy.studyEndpoint","EHDSImagingStudy.studyEndpoint","","","",0,*,"","","","http://ehds.eu/fhir/models/StructureDefinition/EHDSEndpoint {[]} {[]}
","Study endpoint describing the technical details of a location that can be connected to for the delivery/retrieval of information. Sufficient information is required to ensure that a connection can be made securely, and appropriate data transmitted as defined by the endpoint owner. These may be locally hosted services, regional services, or national service.","Study endpoint describing the technical details of a location that can be connected to for the delivery/retrieval of information. Sufficient information is required to ensure that a connection can be made securely, and appropriate data transmitted as defined by the endpoint owner. These may be locally hosted services, regional services, or national service.","","","","","","","","","",,,,,"",,,,"EHDSImagingStudy.studyEndpoint",0,*,"",""
"EHDSImagingStudy","EHDSImagingStudy.series","EHDSImagingStudy.series","","","",0,*,"","","","Base {[]} {[]}
","Series. Each study has one or more series of instances, but they may be absent when no series information needs to be conveyed.","Series. Each study has one or more series of instances, but they may be absent when no series information needs to be conveyed.","","","","","","","","","",,,,,"",,,,"EHDSImagingStudy.series",0,*,"",""
"EHDSImagingStudy","EHDSImagingStudy.series.seriesUid","EHDSImagingStudy.series.seriesUid","","","",1,1,"","","","Identifier {[]} {[]}
","DICOM Series Instance UID for the series.","DICOM Series Instance UID for the series.","","","","","","","","","",,,,,"",,,,"EHDSImagingStudy.series.seriesUid",1,1,"",""
"EHDSImagingStudy","EHDSImagingStudy.series.number","EHDSImagingStudy.series.number","","","",0,1,"","","","integer {[]} {[]}
","Numeric identifier of this series.","Numeric identifier of this series.","","","","","","","","","",,,,,"",,,,"EHDSImagingStudy.series.number",0,1,"",""
"EHDSImagingStudy","EHDSImagingStudy.series.seriesModality","EHDSImagingStudy.series.seriesModality","","","",1,1,"","","","CodeableConcept {[]} {[]}
","Acquisition modality used for this series.","Acquisition modality used for this series.","","","","","","","","","",,"required","DICOM CID 29 Acquisition Modality","","",,,,"EHDSImagingStudy.series.seriesModality",1,1,"",""
"EHDSImagingStudy","EHDSImagingStudy.series.description","EHDSImagingStudy.series.description","","","",0,1,"","","","string {[]} {[]}
","A short human readable summary of the series.","A short human readable summary of the series.","","","","","","","","","",,,,,"",,,,"EHDSImagingStudy.series.description",0,1,"",""
"EHDSImagingStudy","EHDSImagingStudy.series.numberOfInstances","EHDSImagingStudy.series.numberOfInstances","","","",0,1,"","","","integer {[]} {[]}
","Number of series related instances.","Number of series related instances.","","","","","","","","","",,,,,"",,,,"EHDSImagingStudy.series.numberOfInstances",0,1,"",""
"EHDSImagingStudy","EHDSImagingStudy.series.seriesEndpoint","EHDSImagingStudy.series.seriesEndpoint","","","",0,*,"","","","http://ehds.eu/fhir/models/StructureDefinition/EHDSEndpoint {[]} {[]}
","Series endpoint describing the technical details of a location that can be connected to for the delivery/retrieval of information. Sufficient information is required to ensure that a connection can be made securely, and appropriate data transmitted as defined by the endpoint owner. These may be locally hosted services, regional services, or national service.","Series endpoint describing the technical details of a location that can be connected to for the delivery/retrieval of information. Sufficient information is required to ensure that a connection can be made securely, and appropriate data transmitted as defined by the endpoint owner. These may be locally hosted services, regional services, or national service.","","","","","","","","","",,,,,"",,,,"EHDSImagingStudy.series.seriesEndpoint",0,*,"",""
"EHDSImagingStudy","EHDSImagingStudy.series.bodySite","EHDSImagingStudy.series.bodySite","","","",0,1,"","","","http://ehds.eu/fhir/models/StructureDefinition/EHDSBodyStructure {[]} {[]}
","Body part examined.","Body part examined.","","","","","","","","","",,,,,"",,,,"EHDSImagingStudy.series.bodySite",0,1,"",""
"EHDSImagingStudy","EHDSImagingStudy.series.specimen","EHDSImagingStudy.series.specimen","","","",0,*,"","","","http://ehds.eu/fhir/models/StructureDefinition/EHDSSpecimen {[]} {[]}
","Specimen imaged.","Specimen imaged.","","","","","","","","","",,,,,"",,,,"EHDSImagingStudy.series.specimen",0,*,"",""
"EHDSImagingStudy","EHDSImagingStudy.series.started","EHDSImagingStudy.series.started","","","",0,1,"","","","dateTime {[]} {[]}
","Date and time when the series started.","Date and time when the series started.","","","","","","","","","",,,,,"",,,,"EHDSImagingStudy.series.started",0,1,"",""
"EHDSImagingStudy","EHDSImagingStudy.series.instanceInTheSeries","EHDSImagingStudy.series.instanceInTheSeries","","","",0,*,"","","","Base {[]} {[]}
","Instance that is part of the series.","Instance that is part of the series.","","","","","","","","","",,,,,"",,,,"EHDSImagingStudy.series.instanceInTheSeries",0,*,"",""
"EHDSImagingStudy","EHDSImagingStudy.series.instanceInTheSeries.instanceTitle","EHDSImagingStudy.series.instanceInTheSeries.instanceTitle","","","",0,1,"","","","string {[]} {[]}
","Instance title that is the description of the instance.","Instance title that is the description of the instance.","","","","","","","","","",,,,,"",,,,"EHDSImagingStudy.series.instanceInTheSeries.instanceTitle",0,1,"",""
"EHDSImagingStudy","EHDSImagingStudy.series.instanceInTheSeries.instanceUid","EHDSImagingStudy.series.instanceInTheSeries.instanceUid","","","",1,1,"","","","Identifier {[]} {[]}
","DICOM SOP Instance UID","DICOM SOP Instance UID","","","","","","","","","",,,,,"",,,,"EHDSImagingStudy.series.instanceInTheSeries.instanceUid",1,1,"",""
"EHDSImagingStudy","EHDSImagingStudy.series.instanceInTheSeries.sopClass","EHDSImagingStudy.series.instanceInTheSeries.sopClass","","","",1,1,"","","","uri {[]} {[]}
","SOP class - DICOM class type.","SOP class - DICOM class type.","","","","","","","","","",,,,,"",,,,"EHDSImagingStudy.series.instanceInTheSeries.sopClass",1,1,"",""
"EHDSImagingStudy","EHDSImagingStudy.series.instanceInTheSeries.instanceNumber","EHDSImagingStudy.series.instanceInTheSeries.instanceNumber","","","",0,1,"","","","integer {[]} {[]}
","The number of this instance in the series.","The number of this instance in the series.","","","","","","","","","",,,,,"",,,,"EHDSImagingStudy.series.instanceInTheSeries.instanceNumber",0,1,"",""
"EHDSImagingStudy","EHDSImagingStudy.series.instanceInTheSeries.numberOfFrames","EHDSImagingStudy.series.instanceInTheSeries.numberOfFrames","","","",0,1,"","","","integer {[]} {[]}
","The number of frames in a multiframe instance.","The number of frames in a multiframe instance.","","","","","","","","","",,,,,"",,,,"EHDSImagingStudy.series.instanceInTheSeries.numberOfFrames",0,1,"",""
"EHDSImagingStudy","EHDSImagingStudy.series.instanceInTheSeries.keyImage","EHDSImagingStudy.series.instanceInTheSeries.keyImage","","","",0,*,"","","","Base {[]} {[]}
","List of key image flags with a reason why this image is selected as a key image, and reference to the Key Image Note that flags the image as significant within the Imaging Study Manifest.","List of key image flags with a reason why this image is selected as a key image, and reference to the Key Image Note that flags the image as significant within the Imaging Study Manifest.","","","","","","","","","",,,,,"",,,,"EHDSImagingStudy.series.instanceInTheSeries.keyImage",0,*,"",""
"EHDSImagingStudy","EHDSImagingStudy.series.instanceInTheSeries.keyImage.flag","EHDSImagingStudy.series.instanceInTheSeries.keyImage.flag","","","",1,1,"","","","CodeableConcept {[]} {[]}
","Reason for flagging the image as significant.","Reason for flagging the image as significant.","","","","","","","","","",,"required","DICOM PS3.16","","",,,,"EHDSImagingStudy.series.instanceInTheSeries.keyImage.flag",1,1,"",""
"EHDSImagingStudy","EHDSImagingStudy.series.instanceInTheSeries.keyImage.reason","EHDSImagingStudy.series.instanceInTheSeries.keyImage.reason","","","",0,1,"","","","string {[]} {[]}
","Textual reason for flagging the image as significant.","Textual reason for flagging the image as significant.","","","","","","","","","",,,,,"",,,,"EHDSImagingStudy.series.instanceInTheSeries.keyImage.reason",0,1,"",""
"EHDSImagingStudy","EHDSImagingStudy.series.instanceInTheSeries.keyImage.seriesUID","EHDSImagingStudy.series.instanceInTheSeries.keyImage.seriesUID","","","",1,*,"","","","Identifier {[]} {[]}
","Series instance UID for the series that contains the instances flagged as significant.","Series instance UID for the series that contains the instances flagged as significant.","","","","","","","","","",,,,,"",,,,"EHDSImagingStudy.series.instanceInTheSeries.keyImage.seriesUID",1,*,"",""
"EHDSImagingStudy","EHDSImagingStudy.series.instanceInTheSeries.keyImage.instanceUID","EHDSImagingStudy.series.instanceInTheSeries.keyImage.instanceUID","","","",1,*,"","","","Identifier {[]} {[]}
","SOP Instance UID for the instances flagged as significant by the Key Image Note object (DICOM KOS) that flags this image.","SOP Instance UID for the instances flagged as significant by the Key Image Note object (DICOM KOS) that flags this image.","","","","","","","","","",,,,,"",,,,"EHDSImagingStudy.series.instanceInTheSeries.keyImage.instanceUID",1,*,"",""
"EHDSImmunisation","EHDSImmunisation","EHDSImmunisation","","","",0,*,"","","","null {[]} {[]}
","Immunisation model","EHDSImmunisation means a structured set of data elements describing the administration of a vaccine or immunoglobulin, but excluding natural immunity, immunisation outcomes, refusals, and administration planning.","","","","","","","","","",,,,,"",,,,"Base",0,*,"",""
"EHDSImmunisation","EHDSImmunisation.header","EHDSImmunisation.header","","","",1,1,"","","","Base {[]} {[]}
","Basic metadata for this information.","Basic metadata for this information.","","","","","","","","","",,,,,"",,,,"EHDSDataSet.header",1,1,"",""
"EHDSImmunisation","EHDSImmunisation.header.subject","EHDSImmunisation.header.subject","","","",1,1,"","","","http://ehds.eu/fhir/models/StructureDefinition/EHDSPatient {[]} {[]}
","Patient/subject information.","Patient/subject information.","","","","","","","","","",,,,,"",,,,"EHDSDataSet.header.subject",1,1,"",""
"EHDSImmunisation","EHDSImmunisation.header.identifier","EHDSImmunisation.header.identifier","","","",0,*,"","","","Identifier {[]} {[]}
","Business identifier assigned to the resource or document (not a patient ID and not the technical resource ID).","Business identifier assigned to the resource or document (not a patient ID and not the technical resource ID).","Business identifier is unique within the system that assigns them. The same entity may have different unique identifiers assigned by different systems. Therefore, the identifier is always expected to be a pair of a system and a value.","","","","","","","","",,,,,"",,,,"EHDSDataSet.header.identifier",0,*,"",""
"EHDSImmunisation","EHDSImmunisation.header.author[x]","EHDSImmunisation.header.author[x]","","","",0,*,"","","","http://ehds.eu/fhir/models/StructureDefinition/EHDSHealthProfessional {[]} {[]}
http://ehds.eu/fhir/models/StructureDefinition/EHDSOrganisation {[]} {[]}http://ehds.eu/fhir/models/StructureDefinition/EHDSDevice {[]} {[]}http://ehds.eu/fhir/models/StructureDefinition/EHDSPatient {[]} {[]}http://ehds.eu/fhir/models/StructureDefinition/EHDSRelatedPerson {[]} {[]}","Author of the resource.","The author of the immunisation statement.","Author(s) responsible for the provided information. The exact role of the responsible author varies across use cases and is specific to individual models.","","","","","","","","",,,,,"",,,,"EHDSDataSet.header.author[x]",0,*,"",""
"EHDSImmunisation","EHDSImmunisation.header.patientInsertedData","EHDSImmunisation.header.patientInsertedData","","","",0,1,"","","","boolean {[]} {[]}
","Indicator that states, when included with value ‘true’, that the contents of this resource represent information inserted by the natural person or their representative. In this case, the contents shall not be considered as verified by a health professional or a healthcare provider, even if digitally signed by them as part of a bigger data set. Details of the person who inserted the information may be provided in the author[x] element.","Indicator that states, when included with value ‘true’, that the contents of this resource represent information inserted by the natural person or their representative. In this case, the contents shall not be considered as verified by a health professional or a healthcare provider, even if digitally signed by them as part of a bigger data set. Details of the person who inserted the information may be provided in the author[x] element.","","","","","","","","","",,,,,"",,,,"EHDSDataSet.header.patientInsertedData",0,1,"",""
"EHDSImmunisation","EHDSImmunisation.header.date","EHDSImmunisation.header.date","","","",0,1,"","","","dateTime {[]} {[]}
","Date and optionally time of authoring/issuing.","Date and optionally time of authoring/issuing.","","","","","","","","","",,,,,"",,,,"EHDSDataSet.header.date",0,1,"",""
"EHDSImmunisation","EHDSImmunisation.header.status","EHDSImmunisation.header.status","","","",1,1,"","","","CodeableConcept {[]} {[]}
","Status of the immunisation event (completed, not-done).","Status of the immunisation event (completed, not-done).","","","","","","","","","",,"required","HL7 Immunization Status Codes","","",,,,"EHDSDataSet.header.status",1,1,"",""
"EHDSImmunisation","EHDSImmunisation.header.language","EHDSImmunisation.header.language","","","",0,1,"","","","CodeableConcept {[]} {[]}
","Language in which the resource is written. Language is expressed by the IETF language tag.","Language in which the resource is written. Language is expressed by the IETF language tag.","","","","","","","","","",,"required","BCP 47","","",,,,"EHDSDataSet.header.language",0,1,"",""
"EHDSImmunisation","EHDSImmunisation.diseaseOrAgentTargeted","EHDSImmunisation.diseaseOrAgentTargeted","","","",0,*,"","","","CodeableConcept {[]} {[]}
","Disease or agent that the vaccination provides protection against.","Disease or agent that the vaccination provides protection against (e.g. 76902006 Tetanus).","","","","","","","","","",,"required","SNOMED CT (preferred), ICD-10","","",,,,"EHDSImmunisation.diseaseOrAgentTargeted",0,*,"",""
"EHDSImmunisation","EHDSImmunisation.vaccine","EHDSImmunisation.vaccine","","","",1,1,"","","","CodeableConcept {[]} {[]}
","Type of immunisation.","Type of immunisation, e.g. J07AM01 Tetanus toxoid; or 871803007 Hepatitis A and Hepatitis B virus antigens only vaccine product.","","","","","","","","","",,"required","ATC (preferred), SNOMED CT","","",,,,"EHDSImmunisation.vaccine",1,1,"",""
"EHDSImmunisation","EHDSImmunisation.administeredProduct","EHDSImmunisation.administeredProduct","","","",0,1,"","","","http://ehds.eu/fhir/models/StructureDefinition/EHDSMedication {[]} {[]}
","Administered medicinal product, including batch/lot details when necessary.","Administered medicinal product (e.g. TETAVAX suspension for injection), including batch/lot details when necessary.","","","","","","","","","",,,,,"",,,,"EHDSImmunisation.administeredProduct",0,1,"",""
"EHDSImmunisation","EHDSImmunisation.administrationTime","EHDSImmunisation.administrationTime","","","",1,1,"","","","dateTime {[]} {[]}
","The date and optionally the exact time when the vaccination was administered.","The date and optionally the exact time when the vaccination was administered.","","","","","","","","","",,,,,"",,,,"EHDSImmunisation.administrationTime",1,1,"",""
"EHDSImmunisation","EHDSImmunisation.administeringCentre","EHDSImmunisation.administeringCentre","","","",0,1,"","","","http://ehds.eu/fhir/models/StructureDefinition/EHDSOrganisation {[]} {[]}
","Administering centre or a health authority responsible for the vaccination event","Administering centre or a health authority responsible for the vaccination event","","","","","","","","","",,,,,"",,,,"EHDSImmunisation.administeringCentre",0,1,"",""
"EHDSImmunisation","EHDSImmunisation.administrator","EHDSImmunisation.administrator","","","",0,1,"","","","http://ehds.eu/fhir/models/StructureDefinition/EHDSHealthProfessional {[]} {[]}
","Health professional responsible for administering the immunisation product.","Health professional responsible for administering the immunisation product.","","","","","","","","","",,,,,"",,,,"EHDSImmunisation.administrator",0,1,"",""
"EHDSImmunisation","EHDSImmunisation.note","EHDSImmunisation.note","","","",0,1,"","","","string {[]} {[]}
","Free text notes by the health professional.","Free text notes by the health professional.","","","","","","","","","",,,,,"",,,,"EHDSImmunisation.note",0,1,"",""
"EHDSLaboratoryObservation","EHDSLaboratoryObservation","EHDSLaboratoryObservation","","","",0,*,"","","","null {[]} {[]}
","Laboratory observation model","Model for observation performed by laboratory","","","","","","","","","",,,,,"",,,,"Base",0,*,"",""
"EHDSLaboratoryObservation","EHDSLaboratoryObservation.header","EHDSLaboratoryObservation.header","","","",1,1,"","","","Base {[]} {[]}
","Basic metadata for this information.","Basic metadata for this information.","","","","","","","","","",,,,,"",,,,"EHDSDataSet.header",1,1,"",""
"EHDSLaboratoryObservation","EHDSLaboratoryObservation.header.subject","EHDSLaboratoryObservation.header.subject","","","",1,1,"","","","http://ehds.eu/fhir/models/StructureDefinition/EHDSPatient {[]} {[]}
","Patient/subject information.","Patient who is receiving health care. This patient might be different from the direct subject of the observation.","","","","","","","","","",,,,,"",,,,"EHDSDataSet.header.subject",1,1,"",""
"EHDSLaboratoryObservation","EHDSLaboratoryObservation.header.identifier","EHDSLaboratoryObservation.header.identifier","","","",0,*,"","","","Identifier {[]} {[]}
","Business identifier assigned to the resource or document (not a patient ID and not the technical resource ID).","Business identifier assigned to the resource or document (not a patient ID and not the technical resource ID).","Business identifier is unique within the system that assigns them. The same entity may have different unique identifiers assigned by different systems. Therefore, the identifier is always expected to be a pair of a system and a value.","","","","","","","","",,,,,"",,,,"EHDSDataSet.header.identifier",0,*,"",""
"EHDSLaboratoryObservation","EHDSLaboratoryObservation.header.author[x]","EHDSLaboratoryObservation.header.author[x]","","","",0,*,"","","","http://ehds.eu/fhir/models/StructureDefinition/EHDSHealthProfessional {[]} {[]}
http://ehds.eu/fhir/models/StructureDefinition/EHDSOrganisation {[]} {[]}http://ehds.eu/fhir/models/StructureDefinition/EHDSDevice {[]} {[]}http://ehds.eu/fhir/models/StructureDefinition/EHDSPatient {[]} {[]}http://ehds.eu/fhir/models/StructureDefinition/EHDSRelatedPerson {[]} {[]}","Author of the resource.","The author of this observation.","Author(s) responsible for the provided information. The exact role of the responsible author varies across use cases and is specific to individual models.","","","","","","","","",,,,,"",,,,"EHDSDataSet.header.author[x]",0,*,"",""
"EHDSLaboratoryObservation","EHDSLaboratoryObservation.header.patientInsertedData","EHDSLaboratoryObservation.header.patientInsertedData","","","",0,1,"","","","boolean {[]} {[]}
","Indicator that states, when included with value ‘true’, that the contents of this resource represent information inserted by the natural person or their representative. In this case, the contents shall not be considered as verified by a health professional or a healthcare provider, even if digitally signed by them as part of a bigger data set. Details of the person who inserted the information may be provided in the author[x] element.","Indicator that states, when included with value ‘true’, that the contents of this resource represent information inserted by the natural person or their representative. In this case, the contents shall not be considered as verified by a health professional or a healthcare provider, even if digitally signed by them as part of a bigger data set. Details of the person who inserted the information may be provided in the author[x] element.","","","","","","","","","",,,,,"",,,,"EHDSDataSet.header.patientInsertedData",0,1,"",""
"EHDSLaboratoryObservation","EHDSLaboratoryObservation.header.date","EHDSLaboratoryObservation.header.date","","","",0,1,"","","","dateTime {[]} {[]}
","Date and optionally time of authoring/issuing.","Date and optionally time of authoring/issuing.","","","","","","","","","",,,,,"",,,,"EHDSDataSet.header.date",0,1,"",""
"EHDSLaboratoryObservation","EHDSLaboratoryObservation.header.status","EHDSLaboratoryObservation.header.status","","","",1,1,"","","","CodeableConcept {[]} {[]}
","Status of the resource.","Status of the resource.","","","","","","","","","",,"required","HL7 Observation Status","","",,,,"EHDSDataSet.header.status",1,1,"",""
"EHDSLaboratoryObservation","EHDSLaboratoryObservation.header.language","EHDSLaboratoryObservation.header.language","","","",0,1,"","","","CodeableConcept {[]} {[]}
","Language in which the resource is written. Language is expressed by the IETF language tag.","Language in which the resource is written. Language is expressed by the IETF language tag.","","","","","","","","","",,"required","BCP 47","","",,,,"EHDSDataSet.header.language",0,1,"",""
"EHDSLaboratoryObservation","EHDSLaboratoryObservation.header.directSubject[x]","EHDSLaboratoryObservation.header.directSubject[x]","","","",0,1,"","","","http://ehds.eu/fhir/models/StructureDefinition/EHDSPatient {[]} {[]}
http://ehds.eu/fhir/models/StructureDefinition/EHDSLocation {[]} {[]}http://ehds.eu/fhir/models/StructureDefinition/EHDSDevice {[]} {[]}string {[]} {[]}","The direct subject of the observation if different from the patient (subject of care), e.g. an observation of an implanted device. Additional types of subject may be allowed in implementations.","The direct subject of the observation if different from the patient (subject of care), e.g. an observation of an implanted device. Additional types of subject may be allowed in implementations.","","","","","","","","","",,,,,"",,,,"EHDSObservation.header.directSubject[x]",0,1,"",""
"EHDSLaboratoryObservation","EHDSLaboratoryObservation.observationDate[x]","EHDSLaboratoryObservation.observationDate[x]","","","",1,1,"","","","dateTime {[]} {[]}
Period {[]} {[]}","Clinically relevant time or time period for the observation.","Clinically relevant time or time period for the observation.","","","","","","","","","",,,,,"",,,,"EHDSObservation.observationDate[x]",1,1,"",""
"EHDSLaboratoryObservation","EHDSLaboratoryObservation.type","EHDSLaboratoryObservation.type","","","",1,1,"","","","CodeableConcept {[]} {[]}
","Observation type that indicates what was observed.","Observation type that indicates what was observed.","","","","","","","","","",,"required","SNOMED CT (preferred), LOINC, NPU","","",,,,"EHDSObservation.type",1,1,"",""
"EHDSLaboratoryObservation","EHDSLaboratoryObservation.originalName","EHDSLaboratoryObservation.originalName","","","",0,1,"","","","string {[]} {[]}
","Original (conventional) name of the observation as used in the local laboratory or clinical system.","Original (conventional) name of the observation as used in the local laboratory or clinical system.","","","","","","","","","",,,,,"",,,,"EHDSObservation.originalName",0,1,"",""
"EHDSLaboratoryObservation","EHDSLaboratoryObservation.method","EHDSLaboratoryObservation.method","","","",0,1,"","","","CodeableConcept {[]} {[]}
","Observation method","Observation method (measurement principle) to obtain the result.","","","","","","","","","",,"required","SNOMED CT","","",,,,"EHDSObservation.method",0,1,"",""
"EHDSLaboratoryObservation","EHDSLaboratoryObservation.specimen","EHDSLaboratoryObservation.specimen","","","",0,1,"","","","http://ehds.eu/fhir/models/StructureDefinition/EHDSSpecimen {[]} {[]}
","Specimen used for this observation.","Specimen used for this observation.","","","","","","","","","",,,,,"",,,,"EHDSObservation.specimen",0,1,"",""
"EHDSLaboratoryObservation","EHDSLaboratoryObservation.order","EHDSLaboratoryObservation.order","","","",0,1,"","","","http://ehds.eu/fhir/models/StructureDefinition/EHDSServiceRequest {[]} {[]}
","Identifies order and order placer this observation belongs to.","Identifies order and order placer this observation belongs to.","","","","","","","","","",,,,,"",,,,"EHDSObservation.order",0,1,"",""
"EHDSLaboratoryObservation","EHDSLaboratoryObservation.performer[x]","EHDSLaboratoryObservation.performer[x]","","","",0,*,"","","","http://ehds.eu/fhir/models/StructureDefinition/EHDSOrganisation {[]} {[]}
http://ehds.eu/fhir/models/StructureDefinition/EHDSHealthProfessional {[]} {[]}http://ehds.eu/fhir/models/StructureDefinition/EHDSPatient {[]} {[]}http://ehds.eu/fhir/models/StructureDefinition/EHDSRelatedPerson {[]} {[]}","Performer of the observation.","Performer of the observation.","","","","","","","","","",,,,,"",,,,"EHDSObservation.performer[x]",0,*,"",""
"EHDSLaboratoryObservation","EHDSLaboratoryObservation.bodySite","EHDSLaboratoryObservation.bodySite","","","",0,1,"","","","http://ehds.eu/fhir/models/StructureDefinition/EHDSBodyStructure {[]} {[]}
","Anatomic location and laterality where the observation was performed.","Anatomic location and laterality where the observation was performed.","","","","","","","","","",,,,,"",,,,"EHDSObservation.bodySite",0,1,"",""
"EHDSLaboratoryObservation","EHDSLaboratoryObservation.result","EHDSLaboratoryObservation.result","","","",1,1,"","","","Base {[]} {[]}
","Result of the observation including text, numeric, coded, and other types of results of the measurement and measurement uncertainty. Content of the observation result will vary according to the type of the observation.","Result of the observation including text, numeric, coded, and other types of results of the measurement and measurement uncertainty. Content of the observation result will vary according to the type of the observation.","","","","","","","","","",,,,,"",,,,"EHDSObservation.result",1,1,"",""
"EHDSLaboratoryObservation","EHDSLaboratoryObservation.result.value[x]","EHDSLaboratoryObservation.result.value[x]","","","",0,1,"","","","string {[]} {[]}
Quantity {[]} {[]}Range {[]} {[]}Ratio {[]} {[]}CodeableConcept {[]} {[]}","Observation result value according to the type of observation.","Observation result value according to the type of observation.","","","","","","","","","",,"required","UCUM for units, SNOMED CT for coded results","","",,,,"EHDSObservation.result.value[x]",0,1,"",""
"EHDSLaboratoryObservation","EHDSLaboratoryObservation.result.certainty","EHDSLaboratoryObservation.result.certainty","","","",0,1,"","","","Base {[]} {[]}
","Measurement certainty information type and interval if needed about the observation result.","Measurement certainty information type and interval if needed about the observation result.","","","","","","","","","",,,,,"",,,,"EHDSObservation.result.certainty",0,1,"",""
"EHDSLaboratoryObservation","EHDSLaboratoryObservation.result.certainty.value","EHDSLaboratoryObservation.result.certainty.value","","","",1,1,"","","","decimal {[]} {[]}
","The numerical value of the measurement certainty.","The numerical value of the measurement certainty.","","","","","","","","","",,,,,"",,,,"EHDSObservation.result.certainty.value",1,1,"",""
"EHDSLaboratoryObservation","EHDSLaboratoryObservation.result.certainty.type","EHDSLaboratoryObservation.result.certainty.type","","","",0,1,"","","","CodeableConcept {[]} {[]}
","Probability Distribution Type for certainty.","Probability Distribution Type for certainty.","","","","","","","","","",,"required","HL7 Probability Distribution Type","","",,,,"EHDSObservation.result.certainty.type",0,1,"",""
"EHDSLaboratoryObservation","EHDSLaboratoryObservation.result.dataAbsentReason","EHDSLaboratoryObservation.result.dataAbsentReason","","","",0,1,"","","","CodeableConcept {[]} {[]}
","Provides a reason why the expected value in the element Observation.result.value[x] is missing.","Provides a reason why the expected value in the element Observation.result.value[x] is missing.","","","","","","","","","",,"required","HL7 Data absent reason","","",,,,"EHDSObservation.result.dataAbsentReason",0,1,"",""
"EHDSLaboratoryObservation","EHDSLaboratoryObservation.referenceRange","EHDSLaboratoryObservation.referenceRange","","","",0,*,"","","","Base {[]} {[]}
","Reference range, multiple reference ranges of different types could be provided. Provides guide for interpretation of the result.","Reference range, multiple reference ranges of different types could be provided. Provides guide for interpretation of the result.","","","","","","","","","",,,,,"",,,,"EHDSObservation.referenceRange",0,*,"",""
"EHDSLaboratoryObservation","EHDSLaboratoryObservation.referenceRange.low","EHDSLaboratoryObservation.referenceRange.low","","","",0,1,"","","","Quantity {[]} {[]}
","Low limit of the reference range.","Low limit of the reference range.","","","","","","","","","",,"required","UCUM","","",,,,"EHDSObservation.referenceRange.low",0,1,"",""
"EHDSLaboratoryObservation","EHDSLaboratoryObservation.referenceRange.high","EHDSLaboratoryObservation.referenceRange.high","","","",0,1,"","","","Quantity {[]} {[]}
","High limit of the reference range.","High limit of the reference range.","","","","","","","","","",,"required","UCUM","","",,,,"EHDSObservation.referenceRange.high",0,1,"",""
"EHDSLaboratoryObservation","EHDSLaboratoryObservation.referenceRange.normalValue","EHDSLaboratoryObservation.referenceRange.normalValue","","","",0,1,"","","","CodeableConcept {[]} {[]}
","Normal value, if relevant for the reference range.","Normal value, if relevant for the reference range.","","","","","","","","","",,"required","SNOMED CT","","",,,,"EHDSObservation.referenceRange.normalValue",0,1,"",""
"EHDSLaboratoryObservation","EHDSLaboratoryObservation.referenceRange.type","EHDSLaboratoryObservation.referenceRange.type","","","",0,1,"","","","CodeableConcept {[]} {[]}
","Type of reference range.","Type of reference range.","","","","","","","","","",,"required","HL7 Observation Reference Range Meaning Codes","","",,,,"EHDSObservation.referenceRange.type",0,1,"",""
"EHDSLaboratoryObservation","EHDSLaboratoryObservation.referenceRange.appliesTo","EHDSLaboratoryObservation.referenceRange.appliesTo","","","",0,*,"","","","CodeableConcept {[]} {[]}
","Codes to indicate the target population this reference range applies to.","Codes to indicate the target population this reference range applies to.","","","","","","","","","",,"required","SNOMED CT","","",,,,"EHDSObservation.referenceRange.appliesTo",0,*,"",""
"EHDSLaboratoryObservation","EHDSLaboratoryObservation.referenceRange.age","EHDSLaboratoryObservation.referenceRange.age","","","",0,1,"","","","Range {[]} {[]}
","Age range to which this reference range applies if applicable.","Age range to which this reference range applies if applicable.","","","","","","","","","",,"required","UCUM","","",,,,"EHDSObservation.referenceRange.age",0,1,"",""
"EHDSLaboratoryObservation","EHDSLaboratoryObservation.referenceRange.text","EHDSLaboratoryObservation.referenceRange.text","","","",0,1,"","","","string {[]} {[]}
","Text based reference range.","Text based reference range.","","","","","","","","","",,,,,"",,,,"EHDSObservation.referenceRange.text",0,1,"",""
"EHDSLaboratoryObservation","EHDSLaboratoryObservation.interpretation","EHDSLaboratoryObservation.interpretation","","","",0,*,"","","","CodeableConcept {[]} {[]}
","Result interpretation, e.g. in comparison with reference ranges.","Result interpretation, e.g. in comparison with reference ranges.","","","","","","","","","",,"required","SNOMED CT","","",,,,"EHDSObservation.interpretation",0,*,"",""
"EHDSLaboratoryObservation","EHDSLaboratoryObservation.note","EHDSLaboratoryObservation.note","","","",0,1,"","","","string {[]} {[]}
","Free text notes by the health professional.","Free text notes by the health professional.","","","","","","","","","",,,,,"",,,,"EHDSObservation.note",0,1,"",""
"EHDSLaboratoryObservation","EHDSLaboratoryObservation.component","EHDSLaboratoryObservation.component","","","",0,*,"","","","Base {[]} {[]}
","Component in case the observation consists of multiple sub-observations (e.g. blood pressure).","Component in case the observation consists of multiple sub-observations (e.g. blood pressure).","","","","","","","","","",,,,,"",,,,"EHDSObservation.component",0,*,"",""
"EHDSLaboratoryObservation","EHDSLaboratoryObservation.component.code","EHDSLaboratoryObservation.component.code","","","",1,1,"","","","CodeableConcept {[]} {[]}
","Type of the component observation.","Type of the component observation.","","","","","","","","","",,"required","SNOMED CT (preferred), LOINC, NPU","","",,,,"EHDSObservation.component.code",1,1,"",""
"EHDSLaboratoryObservation","EHDSLaboratoryObservation.component.originalName","EHDSLaboratoryObservation.component.originalName","","","",0,1,"","","","string {[]} {[]}
","Original (user-friendly) name of the observation as used in the local laboratory or clinical system.","Original (user-friendly) name of the observation as used in the local laboratory or clinical system.","","","","","","","","","",,,,,"",,,,"EHDSObservation.component.originalName",0,1,"",""
"EHDSLaboratoryObservation","EHDSLaboratoryObservation.component.result","EHDSLaboratoryObservation.component.result","","","",1,1,"","","","Base {[]} {[]}
","Result of the observation including text, numeric, coded, and other types of results of the measurement and measurement uncertainty. Content of the observation result will vary according to the type of the observation.","Result of the observation including text, numeric, coded, and other types of results of the measurement and measurement uncertainty. Content of the observation result will vary according to the type of the observation.","","","","","","","","","",,,,,"",,,,"EHDSObservation.component.result",1,1,"",""
"EHDSLaboratoryObservation","EHDSLaboratoryObservation.component.result.value[x]","EHDSLaboratoryObservation.component.result.value[x]","","","",0,1,"","","","string {[]} {[]}
Quantity {[]} {[]}Range {[]} {[]}Ratio {[]} {[]}CodeableConcept {[]} {[]}","Observation result value according to the type of observation.","Observation result value according to the type of observation.","","","","","","","","","",,"required","UCUM for units, SNOMED CT for coded results","","",,,,"EHDSObservation.component.result.value[x]",0,1,"",""
"EHDSLaboratoryObservation","EHDSLaboratoryObservation.component.result.certainty","EHDSLaboratoryObservation.component.result.certainty","","","",0,1,"","","","Base {[]} {[]}
","Measurement certainty information type and interval if needed about the observation result.","Measurement certainty information type and interval if needed about the observation result.","","","","","","","","","",,,,,"",,,,"EHDSObservation.component.result.certainty",0,1,"",""
"EHDSLaboratoryObservation","EHDSLaboratoryObservation.component.result.certainty.value","EHDSLaboratoryObservation.component.result.certainty.value","","","",1,1,"","","","decimal {[]} {[]}
","The numerical value of the measurement certainty.","The numerical value of the measurement certainty.","","","","","","","","","",,,,,"",,,,"EHDSObservation.component.result.certainty.value",1,1,"",""
"EHDSLaboratoryObservation","EHDSLaboratoryObservation.component.result.certainty.type","EHDSLaboratoryObservation.component.result.certainty.type","","","",0,1,"","","","CodeableConcept {[]} {[]}
","Probability distribution type for certainty.","Probability distribution type for certainty.","","","","","","","","","",,"required","HL7 Probability Distribution Type","","",,,,"EHDSObservation.component.result.certainty.type",0,1,"",""
"EHDSLaboratoryObservation","EHDSLaboratoryObservation.component.result.dataAbsentReason","EHDSLaboratoryObservation.component.result.dataAbsentReason","","","",0,1,"","","","CodeableConcept {[]} {[]}
","Provides a reason why the expected value in the element component.result.value[x] is missing.","Provides a reason why the expected value in the element component.result.value[x] is missing.","","","","","","","","","",,"required","HL7 Data Absent Reason","","",,,,"EHDSObservation.component.result.dataAbsentReason",0,1,"",""
"EHDSLaboratoryObservation","EHDSLaboratoryObservation.component.referenceRange","EHDSLaboratoryObservation.component.referenceRange","","","",0,*,"","","","Base {[]} {[]}
","Reference range, multiple reference ranges of different types could be provided. Provides guide for interpretation of the result.","Reference range, multiple reference ranges of different types could be provided. Provides guide for interpretation of the result.","","","","","","","","","",,,,,"",,,,"EHDSObservation.component.referenceRange",0,*,"",""
"EHDSLaboratoryObservation","EHDSLaboratoryObservation.component.referenceRange.low","EHDSLaboratoryObservation.component.referenceRange.low","","","",0,1,"","","","Quantity {[]} {[]}
","Low limit of the reference range.","Low limit of the reference range.","","","","","","","","","",,"required","UCUM","","",,,,"EHDSObservation.component.referenceRange.low",0,1,"",""
"EHDSLaboratoryObservation","EHDSLaboratoryObservation.component.referenceRange.high","EHDSLaboratoryObservation.component.referenceRange.high","","","",0,1,"","","","Quantity {[]} {[]}
","High limit of the reference range.","High limit of the reference range.","","","","","","","","","",,"required","UCUM","","",,,,"EHDSObservation.component.referenceRange.high",0,1,"",""
"EHDSLaboratoryObservation","EHDSLaboratoryObservation.component.referenceRange.normalValue","EHDSLaboratoryObservation.component.referenceRange.normalValue","","","",0,1,"","","","CodeableConcept {[]} {[]}
","Normal value, if relevant for the reference range.","Normal value, if relevant for the reference range.","","","","","","","","","",,"required","SNOMED CT","","",,,,"EHDSObservation.component.referenceRange.normalValue",0,1,"",""
"EHDSLaboratoryObservation","EHDSLaboratoryObservation.component.referenceRange.type","EHDSLaboratoryObservation.component.referenceRange.type","","","",0,1,"","","","CodeableConcept {[]} {[]}
","Type of reference range.","Type of reference range.","","","","","","","","","",,"required","HL7 Observation Reference Range Meaning Codes","","",,,,"EHDSObservation.component.referenceRange.type",0,1,"",""
"EHDSLaboratoryObservation","EHDSLaboratoryObservation.component.referenceRange.appliesTo","EHDSLaboratoryObservation.component.referenceRange.appliesTo","","","",0,*,"","","","CodeableConcept {[]} {[]}
","Codes to indicate the target population this reference range applies to.","Codes to indicate the target population this reference range applies to.","","","","","","","","","",,"required","SNOMED CT","","",,,,"EHDSObservation.component.referenceRange.appliesTo",0,*,"",""
"EHDSLaboratoryObservation","EHDSLaboratoryObservation.component.referenceRange.age","EHDSLaboratoryObservation.component.referenceRange.age","","","",0,1,"","","","Range {[]} {[]}
","Age range to which this reference range applies if applicable.","Age range to which this reference range applies if applicable.","","","","","","","","","",,"required","UCUM","","",,,,"EHDSObservation.component.referenceRange.age",0,1,"",""
"EHDSLaboratoryObservation","EHDSLaboratoryObservation.component.referenceRange.text","EHDSLaboratoryObservation.component.referenceRange.text","","","",0,1,"","","","string {[]} {[]}
","Text based reference range.","Text based reference range.","","","","","","","","","",,,,,"",,,,"EHDSObservation.component.referenceRange.text",0,1,"",""
"EHDSLaboratoryObservation","EHDSLaboratoryObservation.component.interpretation","EHDSLaboratoryObservation.component.interpretation","","","",0,*,"","","","CodeableConcept {[]} {[]}
","Result interpretation, e.g. in comparison with reference ranges.","Result interpretation, e.g. in comparison with reference ranges.","","","","","","","","","",,"required","SNOMED CT, HL7 ObservationInterpretation","","",,,,"EHDSObservation.component.interpretation",0,*,"",""
"EHDSLaboratoryObservation","EHDSLaboratoryObservation.derivedFrom[x]","EHDSLaboratoryObservation.derivedFrom[x]","","","",0,*,"","","","http://ehds.eu/fhir/models/StructureDefinition/EHDSObservation {[]} {[]}
http://ehds.eu/fhir/models/StructureDefinition/EHDSLaboratoryObservation {[]} {[]}http://ehds.eu/fhir/models/StructureDefinition/EHDSImagingStudy {[]} {[]}","Reference to the related resource from which the observation has been made. For example, a calculated anion gap or a fetal measurement based on an ultrasound image.","Reference to the related resource from which the observation has been made. For example, a calculated anion gap or a fetal measurement based on an ultrasound image.","","","","","","","","","",,,,,"",,,,"EHDSObservation.derivedFrom[x]",0,*,"",""
"EHDSLaboratoryObservation","EHDSLaboratoryObservation.hasMember[x]","EHDSLaboratoryObservation.hasMember[x]","","","",0,*,"","","","http://ehds.eu/fhir/models/StructureDefinition/EHDSLaboratoryObservation {[]} {[]}
http://ehds.eu/fhir/models/StructureDefinition/EHDSObservation {[]} {[]}","Member of the observation group that this observation forms (e.g. in case of a battery, a panel of tests, a set of vital sign measurements).","Member of the observation group that this observation forms (e.g. in case of a battery, a panel of tests, a set of vital sign measurements).","","","","","","","","","",,,,,"",,,,"EHDSObservation.hasMember[x]",0,*,"",""
"EHDSLaboratoryObservation","EHDSLaboratoryObservation.triggeredBy[x]","EHDSLaboratoryObservation.triggeredBy[x]","","","",0,*,"","","","http://ehds.eu/fhir/models/StructureDefinition/EHDSLaboratoryObservation {[]} {[]}
http://ehds.eu/fhir/models/StructureDefinition/EHDSObservation {[]} {[]}","References to the observation(s) that triggered the performance of this observation.","References to the observation(s) that triggered the performance of this observation.","","","","","","","","","",,,,,"",,,,"EHDSLaboratoryObservation.triggeredBy[x]",0,*,"",""
"EHDSLaboratoryObservation","EHDSLaboratoryObservation.testKit","EHDSLaboratoryObservation.testKit","","","",0,1,"","","","http://ehds.eu/fhir/models/StructureDefinition/EHDSDevice {[]} {[]}
","Laboratory test kit used during measurement.","Laboratory test kit used during measurement.","","","","","","","","","",,,,,"",,,,"EHDSLaboratoryObservation.testKit",0,1,"",""
"EHDSLaboratoryObservation","EHDSLaboratoryObservation.calibrator","EHDSLaboratoryObservation.calibrator","","","",0,1,"","","","Identifier {[]} {[]}
","Information about which reference material or calibrator of higher order the laboratory has been used for the measurement to indicate the metrological traceability chain.","Information about which reference material or calibrator of higher order the laboratory has been used for the measurement to indicate the metrological traceability chain.","","","","","","","","","",,,,,"",,,,"EHDSLaboratoryObservation.calibrator",0,1,"",""
"EHDSLaboratoryObservation","EHDSLaboratoryObservation.accreditationStatus","EHDSLaboratoryObservation.accreditationStatus","","","",0,1,"","","","boolean {[]} {[]}
","Accreditation status of the laboratory for the observation.","Accreditation status of the laboratory for the observation.","","","","","","","","","",,,,,"",,,,"EHDSLaboratoryObservation.accreditationStatus",0,1,"",""
"EHDSLaboratoryObservation","EHDSLaboratoryObservation.previousResults","EHDSLaboratoryObservation.previousResults","","","",0,*,"","","","http://ehds.eu/fhir/models/StructureDefinition/EHDSLaboratoryObservation {[]} {[]}
","Previous results of the same observation.","Previous results of the same observation.","","","","","","","","","",,,,,"",,,,"EHDSLaboratoryObservation.previousResults",0,*,"",""
"EHDSLaboratoryObservation","EHDSLaboratoryObservation.pointOfCareTest","EHDSLaboratoryObservation.pointOfCareTest","","","",0,1,"","","","boolean {[]} {[]}
","Examination performed near or at the site of a patient.","Examination performed near or at the site of a patient.","","","","","","","","","",,,,,"",,,,"EHDSLaboratoryObservation.pointOfCareTest",0,1,"",""
"EHDSLocation","EHDSLocation","EHDSLocation","","","",0,*,"","","","null {[]} {[]}
","Location model","EHDSLocation means a structured set of data elements describing a place where health services are provided or resources and participants are accommodated.","","","","","","","","","",,,,,"",,,,"Base",0,*,"",""
"EHDSLocation","EHDSLocation.identifier","EHDSLocation.identifier","","","",0,*,"","","","Identifier {[]} {[]}
","Location identifier.","Location identifier.","","","","","","","","","",,,,,"",,,,"EHDSLocation.identifier",0,*,"",""
"EHDSLocation","EHDSLocation.name","EHDSLocation.name","","","",0,1,"","","","string {[]} {[]}
","Human-readable name of the location.","Human-readable name of the location.","","","","","","","","","",,,,,"",,,,"EHDSLocation.name",0,1,"",""
"EHDSLocation","EHDSLocation.description","EHDSLocation.description","","","",0,1,"","","","string {[]} {[]}
","Additional details about the location that could be displayed as further information to identify the location beyond its name.","Additional details about the location that could be displayed as further information to identify the location beyond its name.","","","","","","","","","",,,,,"",,,,"EHDSLocation.description",0,1,"",""
"EHDSLocation","EHDSLocation.address","EHDSLocation.address","","","",0,1,"","","","http://ehds.eu/fhir/models/StructureDefinition/EHDSAddress {[]} {[]}
","Physical location address.","Physical location address.","","","","","","","","","",,,,,"",,,,"EHDSLocation.address",0,1,"",""
"EHDSLocation","EHDSLocation.managingOrganisation","EHDSLocation.managingOrganisation","","","",0,1,"","","","http://ehds.eu/fhir/models/StructureDefinition/EHDSOrganisation {[]} {[]}
","The organisation responsible for the provisioning and upkeep of the location.","The organisation responsible for the provisioning and upkeep of the location.","","","","","","","","","",,,,,"",,,,"EHDSLocation.managingOrganisation",0,1,"",""
"EHDSMedicalTestResultAndReport","EHDSMedicalTestResultAndReport","EHDSMedicalTestResultAndReport","","","",0,*,"","","","null {[]} {[]}
","Medical test result and report model","Medical test result and report model.","","","","","","","","","",,,,,"",,,,"Base",0,*,"",""
"EHDSMedicalTestResultAndReport","EHDSMedicalTestResultAndReport.header","EHDSMedicalTestResultAndReport.header","","","",1,1,"","","","Base {[]} {[]}
","Document header.","Basic metadata for this information.","","","","","","","","","",,,,,"",,,,"EHDSDataSet.header",1,1,"",""
"EHDSMedicalTestResultAndReport","EHDSMedicalTestResultAndReport.header.subject","EHDSMedicalTestResultAndReport.header.subject","","","",1,1,"","","","http://ehds.eu/fhir/models/StructureDefinition/EHDSPatient {[]} {[]}
","Patient/subject information.","Patient/subject information.","","","","","","","","","",,,,,"",,,,"EHDSDataSet.header.subject",1,1,"",""
"EHDSMedicalTestResultAndReport","EHDSMedicalTestResultAndReport.header.identifier","EHDSMedicalTestResultAndReport.header.identifier","","","",1,*,"","","","Identifier {[]} {[]}
","Unique identifier of the document.","Unique identifier of the document.","Business identifier is unique within the system that assigns them. The same entity may have different unique identifiers assigned by different systems. Therefore, the identifier is always expected to be a pair of a system and a value.","","","","","","","","",,,,,"",,,,"EHDSDataSet.header.identifier",0,*,"",""
"EHDSMedicalTestResultAndReport","EHDSMedicalTestResultAndReport.header.author[x]","EHDSMedicalTestResultAndReport.header.author[x]","","","",1,*,"","","","http://ehds.eu/fhir/models/StructureDefinition/EHDSHealthProfessional {[]} {[]}
http://ehds.eu/fhir/models/StructureDefinition/EHDSOrganisation {[]} {[]}http://ehds.eu/fhir/models/StructureDefinition/EHDSDevice {[]} {[]}http://ehds.eu/fhir/models/StructureDefinition/EHDSPatient {[]} {[]}http://ehds.eu/fhir/models/StructureDefinition/EHDSRelatedPerson {[]} {[]}","Author of the document.","Author of the document.","Author(s) responsible for the provided information. The exact role of the responsible author varies across use cases and is specific to individual models.","","","","","","","","",,,,,"",,,,"EHDSDataSet.header.author[x]",0,*,"",""
"EHDSMedicalTestResultAndReport","EHDSMedicalTestResultAndReport.header.patientInsertedData","EHDSMedicalTestResultAndReport.header.patientInsertedData","","","",0,1,"","","","boolean {[]} {[]}
","Indicator that states, when included with value ‘true’, that the contents of this resource represent information inserted by the natural person or their representative. In this case, the contents shall not be considered as verified by a health professional or a healthcare provider, even if digitally signed by them as part of a bigger data set. Details of the person who inserted the information may be provided in the author[x] element.","Indicator that states, when included with value ‘true’, that the contents of this resource represent information inserted by the natural person or their representative. In this case, the contents shall not be considered as verified by a health professional or a healthcare provider, even if digitally signed by them as part of a bigger data set. Details of the person who inserted the information may be provided in the author[x] element.","","","","","","","","","",,,,,"",,,,"EHDSDataSet.header.patientInsertedData",0,1,"",""
"EHDSMedicalTestResultAndReport","EHDSMedicalTestResultAndReport.header.date","EHDSMedicalTestResultAndReport.header.date","","","",1,1,"","","","dateTime {[]} {[]}
","Date of finalising/issuing the document.","Date of finalising/issuing the document.","","","","","","","","","",,,,,"",,,,"EHDSDataSet.header.date",0,1,"",""
"EHDSMedicalTestResultAndReport","EHDSMedicalTestResultAndReport.header.status","EHDSMedicalTestResultAndReport.header.status","","","",1,1,"","","","CodeableConcept {[]} {[]}
","Status of the document.","Status of the document.","","","","","","","","","",,"required","HL7 Composition Status","","",,,,"EHDSDataSet.header.status",1,1,"",""
"EHDSMedicalTestResultAndReport","EHDSMedicalTestResultAndReport.header.language","EHDSMedicalTestResultAndReport.header.language","","","",0,1,"","","","CodeableConcept {[]} {[]}
","Language in which the document is written. Language is expressed by the IETF language tag.","Language in which the document is written. Language is expressed by the IETF language tag.","","","","","","","","","",,"required","BCP 47","","",,,,"EHDSDataSet.header.language",0,1,"",""
"EHDSMedicalTestResultAndReport","EHDSMedicalTestResultAndReport.header.documentType","EHDSMedicalTestResultAndReport.header.documentType","","","",1,1,"","","","CodeableConcept {[]} {[]}
","Type of document (e.g. 60591-5 Patient summary document).","Type of document (e.g. 60591-5 Patient summary document).","","","","","","","","","",,"required","LOINC","","",,,,"EHDSDocument.header.documentType",1,1,"",""
"EHDSMedicalTestResultAndReport","EHDSMedicalTestResultAndReport.header.documentTitle","EHDSMedicalTestResultAndReport.header.documentTitle","","","",1,1,"","","","string {[]} {[]}
","Human readable document title that can be displayed in search results, etc. This can be documentType's display name, or it can be assembled from multiple elements. Examples: 'Laboratory Result Report', 'Patient Summary of Jane Green 10.12.2024'.","Human readable document title that can be displayed in search results, etc. This can be documentType's display name, or it can be assembled from multiple elements. Examples: 'Laboratory Result Report', 'Patient Summary of Jane Green 10.12.2024'.","","","","","","","","","",,,,,"",,,,"EHDSDocument.header.documentTitle",1,1,"",""
"EHDSMedicalTestResultAndReport","EHDSMedicalTestResultAndReport.header.period","EHDSMedicalTestResultAndReport.header.period","","","",0,1,"","","","Period {[]} {[]}
","Time of service that is being documented.","Time of service that is being documented.","","","","","","","","","",,,,,"",,,,"EHDSDocument.header.period",0,1,"",""
"EHDSMedicalTestResultAndReport","EHDSMedicalTestResultAndReport.header.version","EHDSMedicalTestResultAndReport.header.version","","","",1,1,"","","","string {[]} {[]}
","Version of the document.","Version of the document.","","","","","","","","","",,,,,"",,,,"EHDSDocument.header.version",1,1,"",""
"EHDSMedicalTestResultAndReport","EHDSMedicalTestResultAndReport.header.attestation","EHDSMedicalTestResultAndReport.header.attestation","","","",0,*,"","","","Base {[]} {[]}
","Document attestation details.","Document attestation details.","","","","","","","","","",,,,,"",,,,"EHDSDocument.header.attestation",0,*,"",""
"EHDSMedicalTestResultAndReport","EHDSMedicalTestResultAndReport.header.attestation.attester[x]","EHDSMedicalTestResultAndReport.header.attestation.attester[x]","","","",1,1,"","","","http://ehds.eu/fhir/models/StructureDefinition/EHDSHealthProfessional {[]} {[]}
http://ehds.eu/fhir/models/StructureDefinition/EHDSDevice {[]} {[]}","Attester who validated the document.","Attester who validated the document.","","","","","","","","","",,,,,"",,,,"EHDSDocument.header.attestation.attester[x]",1,1,"",""
"EHDSMedicalTestResultAndReport","EHDSMedicalTestResultAndReport.header.attestation.dateTime","EHDSMedicalTestResultAndReport.header.attestation.dateTime","","","",1,1,"","","","dateTime {[]} {[]}
","Date and time of the approval of the document by the attester.","Date and time of the approval of the document by the attester.","","","","","","","","","",,,,,"",,,,"EHDSDocument.header.attestation.dateTime",1,1,"",""
"EHDSMedicalTestResultAndReport","EHDSMedicalTestResultAndReport.header.legalAuthentication","EHDSMedicalTestResultAndReport.header.legalAuthentication","","","",0,*,"","","","Base {[]} {[]}
","Document legal authentication details.","Document legal authentication details.","","","","","","","","","",,,,,"",,,,"EHDSDocument.header.legalAuthentication",0,*,"",""
"EHDSMedicalTestResultAndReport","EHDSMedicalTestResultAndReport.header.legalAuthentication.legalAuthenticator[x]","EHDSMedicalTestResultAndReport.header.legalAuthentication.legalAuthenticator[x]","","","",1,1,"","","","http://ehds.eu/fhir/models/StructureDefinition/EHDSHealthProfessional {[]} {[]}
http://ehds.eu/fhir/models/StructureDefinition/EHDSOrganisation {[]} {[]}","The person or organisation taking responsibility for the content of the document.","The person or organisation taking responsibility for the content of the document.","","","","","","","","","",,,,,"",,,,"EHDSDocument.header.legalAuthentication.legalAuthenticator[x]",1,1,"",""
"EHDSMedicalTestResultAndReport","EHDSMedicalTestResultAndReport.header.legalAuthentication.dateTime","EHDSMedicalTestResultAndReport.header.legalAuthentication.dateTime","","","",1,1,"","","","dateTime {[]} {[]}
","Date and time when the document was authenticated.","Date and time when the document was authenticated.","","","","","","","","","",,,,,"",,,,"EHDSDocument.header.legalAuthentication.dateTime",1,1,"",""
"EHDSMedicalTestResultAndReport","EHDSMedicalTestResultAndReport.header.eventCategory","EHDSMedicalTestResultAndReport.header.eventCategory","","","",0,*,"","","","CodeableConcept {[]} {[]}
","Categorisation of the event covered by the document (e.g. medical study types etc.). Selection of such tags or labels depends on the use case and agreement between data sharing parties. This meta-data element serves primarily for searching and filtering purposes.","Categorisation of the event covered by the document (e.g. medical study types etc.). Selection of such tags or labels depends on the use case and agreement between data sharing parties. This meta-data element serves primarily for searching and filtering purposes.","","","","","","","","","",,"required","LOINC (preferred), SNOMED CT","","",,,,"EHDSDocument.header.eventCategory",0,*,"",""
"EHDSMedicalTestResultAndReport","EHDSMedicalTestResultAndReport.header.serviceSpecialty","EHDSMedicalTestResultAndReport.header.serviceSpecialty","","","",0,*,"","","","CodeableConcept {[]} {[]}
","Additional details about where the content was created (e.g. clinical specialty).","Additional details about where the content was created (e.g. clinical specialty).","","","","","","","","","",,"required","SNOMED CT","","",,,,"EHDSDocument.header.serviceSpecialty",0,*,"",""
"EHDSMedicalTestResultAndReport","EHDSMedicalTestResultAndReport.header.custodian","EHDSMedicalTestResultAndReport.header.custodian","","","",0,1,"","","","http://ehds.eu/fhir/models/StructureDefinition/EHDSOrganisation {[]} {[]}
","Organisation that is in charge of maintaining the document.","Organisation that is in charge of maintaining the document.","","","","","","","","","",,,,,"",,,,"EHDSDocument.header.custodian",0,1,"",""
"EHDSMedicalTestResultAndReport","EHDSMedicalTestResultAndReport.header.countryOfOrigin","EHDSMedicalTestResultAndReport.header.countryOfOrigin","","","",0,1,"","","","CodeableConcept {[]} {[]}
","Country of origin of the document.","Country of origin of the document.","","","","","","","","","",,"required","ISO 3166-1 alpha-2","","",,,,"EHDSDocument.header.countryOfOrigin",0,1,"",""
"EHDSMedicalTestResultAndReport","EHDSMedicalTestResultAndReport.header.intendedRecipient[x]","EHDSMedicalTestResultAndReport.header.intendedRecipient[x]","","","",0,*,"","","","http://ehds.eu/fhir/models/StructureDefinition/EHDSPatient {[]} {[]}
http://ehds.eu/fhir/models/StructureDefinition/EHDSRelatedPerson {[]} {[]}http://ehds.eu/fhir/models/StructureDefinition/EHDSHealthProfessional {[]} {[]}http://ehds.eu/fhir/models/StructureDefinition/EHDSOrganisation {[]} {[]}","Information recipient of the information, i.e. a person or organisation that should be notified or be aware of the content. This element is used to indicate explicit communication intent and does not represent routine storage or passive availability of information (e.g. in portals). ","Information recipient of the information, i.e. a person or organisation that should be notified or be aware of the content. This element is used to indicate explicit communication intent and does not represent routine storage or passive availability of information (e.g. in portals).","","","","","","","","","",,,,,"",,,,"EHDSMedicalTestResultAndReport.header.intendedRecipient[x]",0,*,"",""
"EHDSMedicalTestResultAndReport","EHDSMedicalTestResultAndReport.presentedForm","EHDSMedicalTestResultAndReport.presentedForm","","","",0,*,"","","","http://ehds.eu/fhir/models/StructureDefinition/EHDSAttachment {[]} {[]}
","A narrative easy-to-read representation of the full data set, e.g. PDF-version of a document.","A narrative easy-to-read representation of the full data set, e.g. PDF-version of a document.","","","","","","","","","",,,,,"",,,,"EHDSDocument.presentedForm",0,*,"",""
"EHDSMedicalTestResultAndReport","EHDSMedicalTestResultAndReport.body","EHDSMedicalTestResultAndReport.body","","","",0,1,"","","","Base {[]} {[]}
","Medical test result and report structured body.","Medical test result and report structured body.","","","","","","","","","",,,,,"",,,,"EHDSMedicalTestResultAndReport.body",0,1,"",""
"EHDSMedicalTestResultAndReport","EHDSMedicalTestResultAndReport.body.orderInformation","EHDSMedicalTestResultAndReport.body.orderInformation","","","",0,*,"","","","Base {[]} {[]}
","Order Information (Laboratory Result Report could respond to multiple test orders).","Order Information (Laboratory Result Report could respond to multiple test orders).","","","","","","","","","",,,,,"",,,,"EHDSMedicalTestResultAndReport.body.orderInformation",0,*,"",""
"EHDSMedicalTestResultAndReport","EHDSMedicalTestResultAndReport.body.orderInformation.orderId","EHDSMedicalTestResultAndReport.body.orderInformation.orderId","","","",1,*,"","","","Identifier {[]} {[]}
","An identifier of the laboratory test order. Laboratory Result Report may respond to multiple orders.","An identifier of the laboratory test order. Laboratory Result Report may respond to multiple orders.","","","","","","","","","",,,,,"",,,,"EHDSMedicalTestResultAndReport.body.orderInformation.orderId",1,*,"",""
"EHDSMedicalTestResultAndReport","EHDSMedicalTestResultAndReport.body.orderInformation.orderDateAndTime","EHDSMedicalTestResultAndReport.body.orderInformation.orderDateAndTime","","","",0,1,"","","","dateTime {[]} {[]}
","Date and time of the order placement.","Date and time of the order placement.","","","","","","","","","",,,,,"",,,,"EHDSMedicalTestResultAndReport.body.orderInformation.orderDateAndTime",0,1,"",""
"EHDSMedicalTestResultAndReport","EHDSMedicalTestResultAndReport.body.orderInformation.orderPlacer[x]","EHDSMedicalTestResultAndReport.body.orderInformation.orderPlacer[x]","","","",0,1,"","","","http://ehds.eu/fhir/models/StructureDefinition/EHDSHealthProfessional {[]} {[]}
http://ehds.eu/fhir/models/StructureDefinition/EHDSOrganisation {[]} {[]}http://ehds.eu/fhir/models/StructureDefinition/EHDSPatient {[]} {[]}","The person/organisation ""authorised"" to place the order. Order placer could be either a health professional, health professional organisation or the patient himself.","The person/organisation ""authorised"" to place the order. Order placer could be either a health professional, health professional organisation or the patient himself.","","","","","","","","","",,,,,"",,,,"EHDSMedicalTestResultAndReport.body.orderInformation.orderPlacer[x]",0,1,"",""
"EHDSMedicalTestResultAndReport","EHDSMedicalTestResultAndReport.body.orderInformation.orderReason[x]","EHDSMedicalTestResultAndReport.body.orderInformation.orderReason[x]","","","",0,*,"","","","CodeableConcept {[]} {[]}
http://ehds.eu/fhir/models/StructureDefinition/EHDSCondition {[]} {[]}http://ehds.eu/fhir/models/StructureDefinition/EHDSObservation {[]} {[]}string {[]} {[]}","An explanation or justification for why this service is being requested in coded form.","An explanation or justification for why this service is being requested in coded form.","","","","","","","","","",,"required","SNOMED CT (preferred), ICD-10","","",,,,"EHDSMedicalTestResultAndReport.body.orderInformation.orderReason[x]",0,*,"",""
"EHDSMedicalTestResultAndReport","EHDSMedicalTestResultAndReport.body.orderInformation.clinicalQuestion","EHDSMedicalTestResultAndReport.body.orderInformation.clinicalQuestion","","","",0,1,"","","","string {[]} {[]}
","Specification of clinical question (goal of the investigation) to be answered by the laboratory investigation.","Specification of clinical question (goal of the investigation) to be answered by the laboratory investigation.","","","","","","","","","",,,,,"",,,,"EHDSMedicalTestResultAndReport.body.orderInformation.clinicalQuestion",0,1,"",""
"EHDSMedicalTestResultAndReport","EHDSMedicalTestResultAndReport.body.supportingInformation","EHDSMedicalTestResultAndReport.body.supportingInformation","","","",0,1,"","","","Base {[]} {[]}
","Additional clinical information about the patient or specimen that may influence the services or their interpretations. This information includes diagnosis, clinical findings and other observations. In laboratory ordering these are typically referred to as 'ask at order entry questions (AOEs).' This includes observations explicitly requested by the producer (filler) to provide context or supporting information needed to complete the order. For example, reporting the amount of inspired oxygen for blood gas measurements.","Additional clinical information about the patient or specimen that may influence the services or their interpretations. This information includes diagnosis, clinical findings and other observations. In laboratory ordering these are typically referred to as 'ask at order entry questions (AOEs).' This includes observations explicitly requested by the producer (filler) to provide context or supporting information needed to complete the order. For example, reporting the amount of inspired oxygen for blood gas measurements.","","","","","","","","","",,,,,"",,,,"EHDSMedicalTestResultAndReport.body.supportingInformation",0,1,"",""
"EHDSMedicalTestResultAndReport","EHDSMedicalTestResultAndReport.body.supportingInformation.observation","EHDSMedicalTestResultAndReport.body.supportingInformation.observation","","","",0,*,"","","","http://ehds.eu/fhir/models/StructureDefinition/EHDSObservation {[]} {[]}
","Clinical findings and other observations.","Clinical findings and other observations.","","","","","","","","","",,,,,"",,,,"EHDSMedicalTestResultAndReport.body.supportingInformation.observation",0,*,"",""
"EHDSMedicalTestResultAndReport","EHDSMedicalTestResultAndReport.body.supportingInformation.condition","EHDSMedicalTestResultAndReport.body.supportingInformation.condition","","","",0,*,"","","","http://ehds.eu/fhir/models/StructureDefinition/EHDSCondition {[]} {[]}
","Condition that may influence the service or result interpretation.","Condition that may influence the service or result interpretation.","","","","","","","","","",,,,,"",,,,"EHDSMedicalTestResultAndReport.body.supportingInformation.condition",0,*,"",""
"EHDSMedicalTestResultAndReport","EHDSMedicalTestResultAndReport.body.supportingInformation.medicationAdministration","EHDSMedicalTestResultAndReport.body.supportingInformation.medicationAdministration","","","",0,*,"","","","http://ehds.eu/fhir/models/StructureDefinition/EHDSMedicationAdministration {[]} {[]}
","Medication administered before ordering the service that may influence the service or result interpretation.","Medication administered before ordering the service that may influence the service or result interpretation.","","","","","","","","","",,,,,"",,,,"EHDSMedicalTestResultAndReport.body.supportingInformation.medicationAdministration",0,*,"",""
"EHDSMedicalTestResultAndReport","EHDSMedicalTestResultAndReport.body.supportingInformation.immunisation","EHDSMedicalTestResultAndReport.body.supportingInformation.immunisation","","","",0,*,"","","","http://ehds.eu/fhir/models/StructureDefinition/EHDSImmunisation {[]} {[]}
","Immunisation history that may influence the service or result interpretation.","Immunisation history that may influence the service or result interpretation.","","","","","","","","","",,,,,"",,,,"EHDSMedicalTestResultAndReport.body.supportingInformation.immunisation",0,*,"",""
"EHDSMedicalTestResultAndReport","EHDSMedicalTestResultAndReport.body.supportingInformation.otherSupportingInformation","EHDSMedicalTestResultAndReport.body.supportingInformation.otherSupportingInformation","","","",0,*,"","","","Resource {[]} {[]}
","Any other type of relevant supporting information.","Any other type of relevant supporting information.","","","","","","","","","",,,,,"",,,,"EHDSMedicalTestResultAndReport.body.supportingInformation.otherSupportingInformation",0,*,"",""
"EHDSMedicalTestResultAndReport","EHDSMedicalTestResultAndReport.body.specimen","EHDSMedicalTestResultAndReport.body.specimen","","","",0,*,"","","","http://ehds.eu/fhir/models/StructureDefinition/EHDSSpecimen {[]} {[]}
","Specimen information.","Specimen information.","","","","","","","","","",,,,,"",,,,"EHDSMedicalTestResultAndReport.body.specimen",0,*,"",""
"EHDSMedicalTestResultAndReport","EHDSMedicalTestResultAndReport.body.resultData","EHDSMedicalTestResultAndReport.body.resultData","","","",1,1,"","","","Base {[]} {[]}
","Medical test result data.","Medical test result data.","","","","","","","","","",,,,,"",,,,"EHDSMedicalTestResultAndReport.body.resultData",1,1,"",""
"EHDSMedicalTestResultAndReport","EHDSMedicalTestResultAndReport.body.resultData.comment","EHDSMedicalTestResultAndReport.body.resultData.comment","","","",0,1,"","","","Narrative {[]} {[]}
","Narrative, potentially formatted, such as a textual interpretation or advice accompanying the result report.","Narrative, potentially formatted, such as a textual interpretation or advice accompanying the result report.","","","","","","","","","",,,,,"",,,,"EHDSMedicalTestResultAndReport.body.resultData.comment",0,1,"",""
"EHDSMedicalTestResultAndReport","EHDSMedicalTestResultAndReport.body.resultData.medicalTestResult[x]","EHDSMedicalTestResultAndReport.body.resultData.medicalTestResult[x]","","","",0,*,"","","","http://ehds.eu/fhir/models/StructureDefinition/EHDSObservation {[]} {[]}
http://ehds.eu/fhir/models/StructureDefinition/EHDSLaboratoryObservation {[]} {[]}","Observation details. The content of this element is expected to be the main result data of the report, such as blood glucose level, haemoglobin value, etc. In some cases, it may also include other types of observations that are relevant for the interpretation of the results, such as blood pressure or body temperature at the time of specimen collection.","Observation details. The content of this element is expected to be the main result data of the report, such as blood glucose level, haemoglobin value, etc. In some cases, it may also include other types of observations that are relevant for the interpretation of the results, such as blood pressure or body temperature at the time of specimen collection.","","","","","","","","","",,,,,"",,,,"EHDSMedicalTestResultAndReport.body.resultData.medicalTestResult[x]",0,*,"",""
"EHDSMedicalTestResultAndReport","EHDSMedicalTestResultAndReport.attachments","EHDSMedicalTestResultAndReport.attachments","","","",0,*,"","","","http://ehds.eu/fhir/models/StructureDefinition/EHDSAttachment {[]} {[]}
","Report attachments.","Report attachments.","","","","","","","","","",,,,,"",,,,"EHDSMedicalTestResultAndReport.attachments",0,*,"",""
"EHDSMedication","EHDSMedication","EHDSMedication","","","",0,*,"","","","null {[]} {[]}
","Medication model","EHDSMedication means a structured set of data elements describing a medicinal product.","","","","","","","","","",,,,,"",,,,"Base",0,*,"",""
"EHDSMedication","EHDSMedication.identifyingCode[x]","EHDSMedication.identifyingCode[x]","","","",0,*,"","","","CodeableConcept {[]} {[]}
Identifier {[]} {[]}","An identifier or a code for the product (virtual product, branded product, or package). If several identifiers are specified, they shall not have conflicting meanings or very different granularities. An identifier might not exist e.g. for substance-based prescriptions.","An identifier or a code for the product (virtual product, branded product, or package). If several identifiers are specified, they shall not have conflicting meanings or very different granularities. An identifier might not exist e.g. for substance-based prescriptions.","","","","","","","","","",,"required","SNOMED CT, EMA SPOR PMS, or a national coding system or register.","","",,,,"EHDSMedication.identifyingCode[x]",0,*,"",""
"EHDSMedication","EHDSMedication.classification","EHDSMedication.classification","","","",0,*,"","","","CodeableConcept {[]} {[]}
","Anatomical therapeutic chemical classification or another classification (e.g. narcotic/psychotropic; orphan drug).","Anatomical therapeutic chemical classification or another classification (e.g. narcotic/psychotropic; orphan drug).","","","","","","","","","",,"required","WHO ATC, non-binding code-systems for other classifications","","",,,,"EHDSMedication.classification",0,*,"",""
"EHDSMedication","EHDSMedication.productName","EHDSMedication.productName","","","",0,1,"","","","string {[]} {[]}
","Current trade name (authorised name) of the product. When medication is specified by a CodeableConcept, the name may be omitted when available as the display name of the concept.","Current trade name (authorised name) of the product. When medication is specified by a CodeableConcept, the name may be omitted when available as the display name of the concept.","","","","","","","","","",,,,,"",,,,"EHDSMedication.productName",0,1,"",""
"EHDSMedication","EHDSMedication.marketingAuthorisationHolder","EHDSMedication.marketingAuthorisationHolder","","","",0,1,"","","","Base {[]} {[]}
","Marketing authorisation holder of the medicinal product. Relevant for identifying the exact product. If the product does not have a marketing authorisation, the manufacturer information may be used.","Marketing authorisation holder of the medicinal product. Relevant for identifying the exact product. If the product does not have a marketing authorisation, the manufacturer information may be used.","","","","","","","","","",,,,,"",,,,"EHDSMedication.marketingAuthorisationHolder",0,1,"",""
"EHDSMedication","EHDSMedication.marketingAuthorisationHolder.organisationName","EHDSMedication.marketingAuthorisationHolder.organisationName","","","",0,1,"","","","string {[]} {[]}
","Name of the organisation holding the authorisation for marketing/manufacturing.","Name of the organisation holding the authorisation for marketing/manufacturing.","","","","","","","","","",,,,,"",,,,"EHDSMedication.marketingAuthorisationHolder.organisationName",0,1,"",""
"EHDSMedication","EHDSMedication.marketingAuthorisationHolder.organisationIdentifier","EHDSMedication.marketingAuthorisationHolder.organisationIdentifier","","","",0,*,"","","","Identifier {[]} {[]}
","Identifier of the organisation and/or its physical location.","Identifier of the organisation and/or its physical location.","","","","","","","","","",,,,,"",,,,"EHDSMedication.marketingAuthorisationHolder.organisationIdentifier",0,*,"",""
"EHDSMedication","EHDSMedication.doseForm","EHDSMedication.doseForm","","","",0,1,"","","","CodeableConcept {[]} {[]}
","Dose form at the package level (e.g. authorised dose form), corresponding to IDMP Combined Pharmaceutical Dose Form (this includes terms from EDQM Combination Pack or Combined Dose Form lists). Dose form for a single package item is defined in item.doseForm.","Dose form at the package level (e.g. authorised dose form), corresponding to IDMP Combined Pharmaceutical Dose Form (this includes terms from EDQM Combination Pack or Combined Dose Form lists). Dose form for a single package item is defined in item.doseForm.","","","","","","","","","",,"required","EDQM Standard Terms","","",,,,"EHDSMedication.doseForm",0,1,"",""
"EHDSMedication","EHDSMedication.description","EHDSMedication.description","","","",0,1,"","","","string {[]} {[]}
","Textual description of the product, e.g. including package description.","Textual description of the product, e.g. including package description.","","","","","","","","","",,,,,"",,,,"EHDSMedication.description",0,1,"",""
"EHDSMedication","EHDSMedication.item","EHDSMedication.item","","","",0,*,"","","","Base {[]} {[]}
","A medication item. For combination packs, this can be multiple manufactured items with each item having its own dose form and ingredients+strengths defined.","A medication item. For combination packs, this can be multiple manufactured items with each item having its own dose form and ingredients+strengths defined.","","","","","","","","","",,,,,"",,,,"EHDSMedication.item",0,*,"",""
"EHDSMedication","EHDSMedication.item.doseForm","EHDSMedication.item.doseForm","","","",0,1,"","","","CodeableConcept {[]} {[]}
","Administrable or manufactured item dose form, depending on the type of medication definition. This should not include combined dose forms.","Administrable or manufactured item dose form, depending on the type of medication definition. This should not include combined dose forms.","","","","","","","","","",,"required","EDQM Standard Terms","","",,,,"EHDSMedication.item.doseForm",0,1,"",""
"EHDSMedication","EHDSMedication.item.ingredient","EHDSMedication.item.ingredient","","","",0,*,"","","","Base {[]} {[]}
","Ingredients.","Ingredients.","","","","","","","","","",,,,,"",,,,"EHDSMedication.item.ingredient",0,*,"",""
"EHDSMedication","EHDSMedication.item.ingredient.isActive","EHDSMedication.item.ingredient.isActive","","","",0,1,"","","","boolean {[]} {[]}
","Marks whether the ingredient is considered an active ingredient. Excipients are typically not needed, and by default only active ingredients are expected.","Marks whether the ingredient is considered an active ingredient. Excipients are typically not needed, and by default only active ingredients are expected.","","","","","","","","","",,,,,"",,,,"EHDSMedication.item.ingredient.isActive",0,1,"",""
"EHDSMedication","EHDSMedication.item.ingredient.substance","EHDSMedication.item.ingredient.substance","","","",1,1,"","","","CodeableConcept {[]} {[]}
","Substance.","Substance.","","","","","","","","","",,"required","EMA SPOR SMS","","",,,,"EHDSMedication.item.ingredient.substance",1,1,"",""
"EHDSMedication","EHDSMedication.item.ingredient.strengthInfo","EHDSMedication.item.ingredient.strengthInfo","","","",0,1,"","","","Base {[]} {[]}
","Strength of the product - amount of substance per unit.","Strength of the product - amount of substance per unit.","","","","","","","","","",,,,,"",,,,"EHDSMedication.item.ingredient.strengthInfo",0,1,"",""
"EHDSMedication","EHDSMedication.item.ingredient.strengthInfo.strength[x]","EHDSMedication.item.ingredient.strengthInfo.strength[x]","","","",1,1,"","","","Ratio {[]} {[]}
string {[]} {[]}","Concentration or presentation strength, e.g '100 mg/1 ml' or '500 mg per 1 tablet'.","Concentration or presentation strength, e.g '100 mg/1 ml' or '500 mg per 1 tablet'.","","","","","","","","","",,,,,"",,,,"EHDSMedication.item.ingredient.strengthInfo.strength[x]",1,1,"",""
"EHDSMedication","EHDSMedication.item.ingredient.strengthInfo.basisOfStrengthSubstance","EHDSMedication.item.ingredient.strengthInfo.basisOfStrengthSubstance","","","",0,1,"","","","CodeableConcept {[]} {[]}
","Substance that the strength refers to, especially when different from .item.strength.substance.","Substance that the strength refers to, especially when different from .item.strength.substance.","","","","","","","","","",,"required","EMA SPOR SMS","","",,,,"EHDSMedication.item.ingredient.strengthInfo.basisOfStrengthSubstance",0,1,"",""
"EHDSMedication","EHDSMedication.item.unitOfPresentation","EHDSMedication.item.unitOfPresentation","","","",0,1,"","","","CodeableConcept {[]} {[]}
","Unit of presentation for the manufactured item (tablet, vial, tube). Typically, the smallest countable object in the package.","Unit of presentation for the manufactured item (tablet, vial, tube). Typically, the smallest countable object in the package.","","","","","","","","","",,"required","EDQM Standard Terms","","",,,,"EHDSMedication.item.unitOfPresentation",0,1,"",""
"EHDSMedication","EHDSMedication.item.containedQuantity","EHDSMedication.item.containedQuantity","","","",0,1,"","","","Ratio {[]} {[]}
","Manufactured item quantity per one item (3 ml / 1 vial).","Manufactured item quantity per one item (3 ml / 1 vial).","","","","","","","","","",,"required","UCUM for units of measure. EDQM Standard Terms for units of presentation.","","",,,,"EHDSMedication.item.containedQuantity",0,1,"",""
"EHDSMedication","EHDSMedication.item.amount","EHDSMedication.item.amount","","","",0,1,"","","","Quantity {[]} {[]}
","Number of such items in this product (5 vials). The combined amount of all items will be considered to be the total package size.","Number of such items in this product (5 vials). The combined amount of all items will be considered to be the total package size.","","","","","","","","","",,"required","UCUM for units of measure. EDQM Standard Terms for units of presentation.","","",,,,"EHDSMedication.item.amount",0,1,"",""
"EHDSMedication","EHDSMedication.item.packageType","EHDSMedication.item.packageType","","","",0,1,"","","","CodeableConcept {[]} {[]}
","Type of package of the medication item.","Type of package of the medication item.","","","","","","","","","",,"required","EDQM Standard Terms for packaging.","","",,,,"EHDSMedication.item.packageType",0,1,"",""
"EHDSMedication","EHDSMedication.device","EHDSMedication.device","","","",0,*,"","","","Base {[]} {[]}
","Administration device included in the product. Devices that are not inside the medication package are excluded.","Administration device included in the product. Devices that are not inside the medication package are excluded.","","","","","","","","","",,,,,"",,,,"EHDSMedication.device",0,*,"",""
"EHDSMedication","EHDSMedication.device.deviceQuantity","EHDSMedication.device.deviceQuantity","","","",1,1,"","","","Quantity {[]} {[]}
","Number of devices.","Number of devices.","","","","","","","","","",,,,,"",,,,"EHDSMedication.device.deviceQuantity",1,1,"",""
"EHDSMedication","EHDSMedication.device.device[x]","EHDSMedication.device.device[x]","","","",1,1,"","","","CodeableConcept {[]} {[]}
http://ehds.eu/fhir/models/StructureDefinition/EHDSDevice {[]} {[]}","Device coded.","Device coded.","","","","","","","","","",,"required","EDQM Standard Terms","","",,,,"EHDSMedication.device.device[x]",1,1,"",""
"EHDSMedication","EHDSMedication.characteristic","EHDSMedication.characteristic","","","",0,*,"","","","Base {[]} {[]}
","Additional features of the product (e.g. reimbursable, sugar-free, easy-open cap, score-lined). It is expected that implementers will define a valueset supporting their use cases.","Additional features of the product (e.g. reimbursable, sugar-free, easy-open cap, score-lined). It is expected that implementers will define a valueset supporting their use cases.","","","","","","","","","",,,,,"",,,,"EHDSMedication.characteristic",0,*,"",""
"EHDSMedication","EHDSMedication.characteristic.type","EHDSMedication.characteristic.type","","","",1,1,"","","","CodeableConcept {[]} {[]}
","A code expressing the type of characteristic.","A code expressing the type of characteristic.","","","","","","","","","",,"required","Not defined","","",,,,"EHDSMedication.characteristic.type",1,1,"",""
"EHDSMedication","EHDSMedication.characteristic.value[x]","EHDSMedication.characteristic.value[x]","","","",0,1,"","","","boolean {[]} {[]}
CodeableConcept {[]} {[]}string {[]} {[]}Quantity {[]} {[]}dateTime {[]} {[]}integer {[]} {[]}decimal {[]} {[]}Ratio {[]} {[]}","Description of the characteristic value.","Description of the characteristic value.","","","","","","","","","",,"required","UCUM for units of measure","","",,,,"EHDSMedication.characteristic.value[x]",0,1,"",""
"EHDSMedication","EHDSMedication.batch","EHDSMedication.batch","","","",0,1,"","","","Base {[]} {[]}
","Batch information of a medicinal product. Typically recorded during dispense or administration, rarely known or relevant for a prescription/request.","Batch information of a medicinal product. Typically recorded during dispense or administration, rarely known or relevant for a prescription/request.","","","","","","","","","",,,,,"",,,,"EHDSMedication.batch",0,1,"",""
"EHDSMedication","EHDSMedication.batch.lotNumber","EHDSMedication.batch.lotNumber","","","",0,1,"","","","string {[]} {[]}
","Batch identifier of the medicinal product.","Batch identifier of the medicinal product.","","","","","","","","","",,,,,"",,,,"EHDSMedication.batch.lotNumber",0,1,"",""
"EHDSMedication","EHDSMedication.batch.expirationDate","EHDSMedication.batch.expirationDate","","","",0,1,"","","","dateTime {[]} {[]}
","Batch expiration date of the medicinal product.","Batch expiration date of the medicinal product.","","","","","","","","","",,,,,"",,,,"EHDSMedication.batch.expirationDate",0,1,"",""
"EHDSMedicationAdministration","EHDSMedicationAdministration","EHDSMedicationAdministration","","","",0,*,"","","","null {[]} {[]}
","Medication administration model","EHDSMedicationAdministration means a structured set of data elements describing a single instance of the administration of a medicinal product in the context of an imaging or laboratory procedure.","","","","","","","","","",,,,,"",,,,"Base",0,*,"",""
"EHDSMedicationAdministration","EHDSMedicationAdministration.header","EHDSMedicationAdministration.header","","","",1,1,"","","","Base {[]} {[]}
","Basic metadata for this information.","Basic metadata for this information.","","","","","","","","","",,,,,"",,,,"EHDSDataSet.header",1,1,"",""
"EHDSMedicationAdministration","EHDSMedicationAdministration.header.subject","EHDSMedicationAdministration.header.subject","","","",1,1,"","","","http://ehds.eu/fhir/models/StructureDefinition/EHDSPatient {[]} {[]}
","Patient/subject information.","Patient/subject information.","","","","","","","","","",,,,,"",,,,"EHDSDataSet.header.subject",1,1,"",""
"EHDSMedicationAdministration","EHDSMedicationAdministration.header.identifier","EHDSMedicationAdministration.header.identifier","","","",0,*,"","","","Identifier {[]} {[]}
","Business identifier assigned to the resource or document (not a patient ID and not the technical resource ID).","Business identifier assigned to the resource or document (not a patient ID and not the technical resource ID).","Business identifier is unique within the system that assigns them. The same entity may have different unique identifiers assigned by different systems. Therefore, the identifier is always expected to be a pair of a system and a value.","","","","","","","","",,,,,"",,,,"EHDSDataSet.header.identifier",0,*,"",""
"EHDSMedicationAdministration","EHDSMedicationAdministration.header.author[x]","EHDSMedicationAdministration.header.author[x]","","","",0,*,"","","","http://ehds.eu/fhir/models/StructureDefinition/EHDSHealthProfessional {[]} {[]}
http://ehds.eu/fhir/models/StructureDefinition/EHDSOrganisation {[]} {[]}http://ehds.eu/fhir/models/StructureDefinition/EHDSDevice {[]} {[]}http://ehds.eu/fhir/models/StructureDefinition/EHDSPatient {[]} {[]}http://ehds.eu/fhir/models/StructureDefinition/EHDSRelatedPerson {[]} {[]}","Author of the resource.","Responsible person for recording the administration (this may be the performer).","Author(s) responsible for the provided information. The exact role of the responsible author varies across use cases and is specific to individual models.","","","","","","","","",,,,,"",,,,"EHDSDataSet.header.author[x]",0,*,"",""
"EHDSMedicationAdministration","EHDSMedicationAdministration.header.patientInsertedData","EHDSMedicationAdministration.header.patientInsertedData","","","",0,1,"","","","boolean {[]} {[]}
","Indicator that states, when included with value ‘true’, that the contents of this resource represent information inserted by the natural person or their representative. In this case, the contents shall not be considered as verified by a health professional or a healthcare provider, even if digitally signed by them as part of a bigger data set. Details of the person who inserted the information may be provided in the author[x] element.","Indicator that states, when included with value ‘true’, that the contents of this resource represent information inserted by the natural person or their representative. In this case, the contents shall not be considered as verified by a health professional or a healthcare provider, even if digitally signed by them as part of a bigger data set. Details of the person who inserted the information may be provided in the author[x] element.","","","","","","","","","",,,,,"",,,,"EHDSDataSet.header.patientInsertedData",0,1,"",""
"EHDSMedicationAdministration","EHDSMedicationAdministration.header.date","EHDSMedicationAdministration.header.date","","","",0,1,"","","","dateTime {[]} {[]}
","Date and optionally time of authoring/issuing.","Date and optionally time of authoring/issuing.","","","","","","","","","",,,,,"",,,,"EHDSDataSet.header.date",0,1,"",""
"EHDSMedicationAdministration","EHDSMedicationAdministration.header.status","EHDSMedicationAdministration.header.status","","","",1,1,"","","","CodeableConcept {[]} {[]}
","Status of the resource.","Status of the administration (e.g. completed, on-hold).","","","","","","","","","",,"required","HL7 MedicationAdministration Status Codes","","",,,,"EHDSDataSet.header.status",1,1,"",""
"EHDSMedicationAdministration","EHDSMedicationAdministration.header.language","EHDSMedicationAdministration.header.language","","","",0,1,"","","","CodeableConcept {[]} {[]}
","Language in which the resource is written. Language is expressed by the IETF language tag.","Language in which the resource is written. Language is expressed by the IETF language tag.","","","","","","","","","",,"required","BCP 47","","",,,,"EHDSDataSet.header.language",0,1,"",""
"EHDSMedicationAdministration","EHDSMedicationAdministration.medication","EHDSMedicationAdministration.medication","","","",1,1,"","","","http://ehds.eu/fhir/models/StructureDefinition/EHDSMedication {[]} {[]}
","Administered medication.","Administered medication.","","","","","","","","","",,,,,"",,,,"EHDSMedicationAdministration.medication",1,1,"",""
"EHDSMedicationAdministration","EHDSMedicationAdministration.occurrence[x]","EHDSMedicationAdministration.occurrence[x]","","","",1,1,"","","","dateTime {[]} {[]}
Period {[]} {[]}","Specific date/time or interval of time during which the administration took place (or did not take place).","Specific date/time or interval of time during which the administration took place (or did not take place).","","","","","","","","","",,,,,"",,,,"EHDSMedicationAdministration.occurrence[x]",1,1,"",""
"EHDSMedicationAdministration","EHDSMedicationAdministration.reason[x]","EHDSMedicationAdministration.reason[x]","","","",0,*,"","","","CodeableConcept {[]} {[]}
http://ehds.eu/fhir/models/StructureDefinition/EHDSCondition {[]} {[]}http://ehds.eu/fhir/models/StructureDefinition/EHDSObservation {[]} {[]}","Condition or observation that supports why the medication was administered.","Condition or observation that supports why the medication was administered.","","","","","","","","","",,"required","SNOMED CT (preferred), ICD-10, Orphacode","","",,,,"EHDSMedicationAdministration.reason[x]",0,*,"",""
"EHDSMedicationAdministration","EHDSMedicationAdministration.dosage","EHDSMedicationAdministration.dosage","","","",0,1,"","","","http://ehds.eu/fhir/models/StructureDefinition/EHDSAdministeredDosage {[]} {[]}
","Details of how medication was taken/administered.","Details of how medication was taken/administered.","","","","","","","","","",,,,,"",,,,"EHDSMedicationAdministration.dosage",0,1,"",""
"EHDSMedicationAdministration","EHDSMedicationAdministration.note","EHDSMedicationAdministration.note","","","",0,1,"","","","string {[]} {[]}
","Textual information about the administration.","Textual information about the administration.","","","","","","","","","",,,,,"",,,,"EHDSMedicationAdministration.note",0,1,"",""
"EHDSMedicationDispense","EHDSMedicationDispense","EHDSMedicationDispense","","","",0,*,"","","","null {[]} {[]}
","Medication dispense model","Logical model for medication dispensation (based on a request and dispensed in a pharmacy). Implementers should take into account, if allowed and needed, the calculation of remaining dispensable product based on this information.","","","","","","","","","",,,,,"",,,,"Base",0,*,"",""
"EHDSMedicationDispense","EHDSMedicationDispense.header","EHDSMedicationDispense.header","","","",1,1,"","","","Base {[]} {[]}
","Dispensation header.","Dispensation header.","","","","","","","","","",,,,,"",,,,"EHDSDataSet.header",1,1,"",""
"EHDSMedicationDispense","EHDSMedicationDispense.header.subject","EHDSMedicationDispense.header.subject","","","",1,1,"","","","http://ehds.eu/fhir/models/StructureDefinition/EHDSPatient {[]} {[]}
","Patient/subject information.","The person for whom the medication is prescribed.","","","","","","","","","",,,,,"",,,,"EHDSDataSet.header.subject",1,1,"",""
"EHDSMedicationDispense","EHDSMedicationDispense.header.identifier","EHDSMedicationDispense.header.identifier","","","",1,*,"","","","Identifier {[]} {[]}
","Business identifier for the dispensation.","Business identifier(s) for the dispense record.","Business identifier is unique within the system that assigns them. The same entity may have different unique identifiers assigned by different systems. Therefore, the identifier is always expected to be a pair of a system and a value.","","","","","","","","",,,,,"",,,,"EHDSDataSet.header.identifier",0,*,"",""
"EHDSMedicationDispense","EHDSMedicationDispense.header.author[x]","EHDSMedicationDispense.header.author[x]","","","",1,*,"","","","http://ehds.eu/fhir/models/StructureDefinition/EHDSHealthProfessional {[]} {[]}
http://ehds.eu/fhir/models/StructureDefinition/EHDSOrganisation {[]} {[]}http://ehds.eu/fhir/models/StructureDefinition/EHDSDevice {[]} {[]}","Author of the document.","The actor who issued the dispense record. Responsibility for the dispense should be traceable from this information.","Author(s) responsible for the provided information. The exact role of the responsible author varies across use cases and is specific to individual models.","","","","","","","","",,,,,"",,,,"EHDSDataSet.header.author[x]",0,*,"",""
"EHDSMedicationDispense","EHDSMedicationDispense.header.patientInsertedData","EHDSMedicationDispense.header.patientInsertedData","","","",0,0,"","","","boolean {[]} {[]}
","Indicator that states, when included with value ‘true’, that the contents of this resource represent information inserted by the natural person or their representative. In this case, the contents shall not be considered as verified by a health professional or a healthcare provider, even if digitally signed by them as part of a bigger data set. Details of the person who inserted the information may be provided in the author[x] element.","Indicator that states, when included with value ‘true’, that the contents of this resource represent information inserted by the natural person or their representative. In this case, the contents shall not be considered as verified by a health professional or a healthcare provider, even if digitally signed by them as part of a bigger data set. Details of the person who inserted the information may be provided in the author[x] element.","","","","","","","","","",,,,,"",,,,"EHDSDataSet.header.patientInsertedData",0,1,"",""
"EHDSMedicationDispense","EHDSMedicationDispense.header.date","EHDSMedicationDispense.header.date","","","",1,1,"","","","dateTime {[]} {[]}
","Date and time of issuing the dispense record.","Date and time of issuing the dispense record.","","","","","","","","","",,,,,"",,,,"EHDSDataSet.header.date",0,1,"",""
"EHDSMedicationDispense","EHDSMedicationDispense.header.status","EHDSMedicationDispense.header.status","","","",1,1,"","","","CodeableConcept {[]} {[]}
","The status of the dispense, e.g. completed, declined, entered-in-error.","The status of the dispense, e.g. completed, declined, entered-in-error.","","","","","","","","","",,"required","HL7 MedicationDispense Status Codes","","",,,,"EHDSDataSet.header.status",1,1,"",""
"EHDSMedicationDispense","EHDSMedicationDispense.header.language","EHDSMedicationDispense.header.language","","","",0,1,"","","","CodeableConcept {[]} {[]}
","Language in which the resource is written. Language is expressed by the IETF language tag.","Language in which the resource is written. Language is expressed by the IETF language tag.","","","","","","","","","",,"required","BCP 47","","",,,,"EHDSDataSet.header.language",0,1,"",""
"EHDSMedicationDispense","EHDSMedicationDispense.dispenseLocation","EHDSMedicationDispense.dispenseLocation","","","",0,1,"","","","http://ehds.eu/fhir/models/StructureDefinition/EHDSOrganisation {[]} {[]}
","Location of dispense.","Location of dispense.","","","","","","","","","",,,,,"",,,,"EHDSMedicationDispense.dispenseLocation",0,1,"",""
"EHDSMedicationDispense","EHDSMedicationDispense.receiver[x]","EHDSMedicationDispense.receiver[x]","","","",0,1,"","","","http://ehds.eu/fhir/models/StructureDefinition/EHDSPatient {[]} {[]}
http://ehds.eu/fhir/models/StructureDefinition/EHDSHealthProfessional {[]} {[]}http://ehds.eu/fhir/models/StructureDefinition/EHDSRelatedPerson {[]} {[]}","Identification of the person who received the dispensed medication, especially when it was not the patient. When not present, it is assumed that the patient is the receiver.","Identification of the person who received the dispensed medication, especially when it was not the patient. When not present, it is assumed that the patient is the receiver.","","","","","","","","","",,,,,"",,,,"EHDSMedicationDispense.receiver[x]",0,1,"",""
"EHDSMedicationDispense","EHDSMedicationDispense.relatedRequest","EHDSMedicationDispense.relatedRequest","","","",1,*,"","","","Identifier {[]} {[]}
","Identifier of the prescription item the dispense is related to. ","Identifier of the prescription item the dispense is related to.","","","","","","","","","",,,,,"",,,,"EHDSMedicationDispense.relatedRequest",1,*,"",""
"EHDSMedicationDispense","EHDSMedicationDispense.medication","EHDSMedicationDispense.medication","","","",1,1,"","","","http://ehds.eu/fhir/models/StructureDefinition/EHDSMedication {[]} {[]}
","Exact dispensed product. If multiple medications are dispensed together, multiple dispense records should be created.","Exact dispensed product. If multiple medications are dispensed together, multiple dispense records should be created.","","","","","","","","","",,,,,"",,,,"EHDSMedicationDispense.medication",1,1,"",""
"EHDSMedicationDispense","EHDSMedicationDispense.dispensedQuantity","EHDSMedicationDispense.dispensedQuantity","","","",1,1,"","","","Quantity {[]} {[]}
","Number of dispensed packages if the package size is known, or number of smaller items/units, according to the medication dispensed. A unit shall be provided.","Number of dispensed packages if the package size is known, or number of smaller items/units, according to the medication dispensed. A unit shall be provided.","","","","","","","","","",,"required","UCUM (preferred), EDQM Standard Terms","","",,,,"EHDSMedicationDispense.dispensedQuantity",1,1,"",""
"EHDSMedicationDispense","EHDSMedicationDispense.substitutionOccurred","EHDSMedicationDispense.substitutionOccurred","","","",0,1,"","","","boolean {[]} {[]}
","Whether substitution was made by the dispenser. Definition of substitution is specific to the jurisdiction.","Whether substitution was made by the dispenser. Definition of substitution is specific to the jurisdiction.","","","","","","","","","",,,,,"",,,,"EHDSMedicationDispense.substitutionOccurred",0,1,"",""
"EHDSMedicationDispense","EHDSMedicationDispense.dosageInstructions","EHDSMedicationDispense.dosageInstructions","","","",0,1,"","","","http://ehds.eu/fhir/models/StructureDefinition/EHDSDosage {[]} {[]}
","Dosage and administration instructions for the dispensed medicinal product. These instructions may deviate from the instructions included in the prescription.","Dosage and administration instructions for the dispensed medicinal product. These instructions may deviate from the instructions included in the prescription.","","","","","","","","","",,,,,"",,,,"EHDSMedicationDispense.dosageInstructions",0,1,"",""
"EHDSMedicationDispense","EHDSMedicationDispense.note","EHDSMedicationDispense.note","","","",0,1,"","","","string {[]} {[]}
","Additional information or comments.","Additional information or comments.","","","","","","","","","",,,,,"",,,,"EHDSMedicationDispense.note",0,1,"",""
"EHDSMedicationPrescription","EHDSMedicationPrescription","EHDSMedicationPrescription","","","",0,*,"","","","null {[]} {[]}
","Medication prescription model","Logical model for medication prescription. A prescription contains one or more prescription items (medications).","","","","","","","","","",,,,,"",,,,"Base",0,*,"",""
"EHDSMedicationPrescription","EHDSMedicationPrescription.header","EHDSMedicationPrescription.header","","","",1,1,"","","","Base {[]} {[]}
","Prescription header","Prescription header","","","","","","","","","",,,,,"",,,,"EHDSDataSet.header",1,1,"",""
"EHDSMedicationPrescription","EHDSMedicationPrescription.header.subject","EHDSMedicationPrescription.header.subject","","","",1,1,"","","","http://ehds.eu/fhir/models/StructureDefinition/EHDSPatient {[]} {[]}
","The person for whom a medicinal product is prescribed/ordered.","The person for whom the medicinal product is prescribed/ordered.","","","","","","","","","",,,,,"",,,,"EHDSDataSet.header.subject",1,1,"",""
"EHDSMedicationPrescription","EHDSMedicationPrescription.header.identifier","EHDSMedicationPrescription.header.identifier","","","",1,*,"","","","Identifier {[]} {[]}
","Business identifier(s) for the prescription.","Business identifier(s) for the prescription.","Business identifier is unique within the system that assigns them. The same entity may have different unique identifiers assigned by different systems. Therefore, the identifier is always expected to be a pair of a system and a value.","","","","","","","","",,,,,"",,,,"EHDSDataSet.header.identifier",0,*,"",""
"EHDSMedicationPrescription","EHDSMedicationPrescription.header.author[x]","EHDSMedicationPrescription.header.author[x]","","","",1,*,"","","","http://ehds.eu/fhir/models/StructureDefinition/EHDSHealthProfessional {[]} {[]}
","Author of the resource.","The prescriber, the person who made the prescription, and who takes the responsibility for the treatment.","Author(s) responsible for the provided information. The exact role of the responsible author varies across use cases and is specific to individual models.","","","","","","","","",,,,,"",,,,"EHDSDataSet.header.author[x]",0,*,"",""
"EHDSMedicationPrescription","EHDSMedicationPrescription.header.patientInsertedData","EHDSMedicationPrescription.header.patientInsertedData","","","",0,0,"","","","boolean {[]} {[]}
","Indicator that states, when included with value ‘true’, that the contents of this resource represent information inserted by the natural person or their representative. In this case, the contents shall not be considered as verified by a health professional or a healthcare provider, even if digitally signed by them as part of a bigger data set. Details of the person who inserted the information may be provided in the author[x] element.","Indicator that states, when included with value ‘true’, that the contents of this resource represent information inserted by the natural person or their representative. In this case, the contents shall not be considered as verified by a health professional or a healthcare provider, even if digitally signed by them as part of a bigger data set. Details of the person who inserted the information may be provided in the author[x] element.","","","","","","","","","",,,,,"",,,,"EHDSDataSet.header.patientInsertedData",0,1,"",""
"EHDSMedicationPrescription","EHDSMedicationPrescription.header.date","EHDSMedicationPrescription.header.date","","","",1,1,"","","","dateTime {[]} {[]}
","Time of issuing (signing) the prescription by health care professional.","Time of issuing (signing) the prescription by health care professional.","","","","","","","","","",,,,,"",,,,"EHDSDataSet.header.date",0,1,"",""
"EHDSMedicationPrescription","EHDSMedicationPrescription.header.status","EHDSMedicationPrescription.header.status","","","",1,1,"","","","CodeableConcept {[]} {[]}
","Status of authorisation for dispensing the prescription items. This should not be the status of treatment. For a multiple-item prescription, this conveys the aggregate status of the entire prescription. In case of a single-item prescription, prescriptionItem.status shall be the same as EHDSMedicationPrescription.header.status.","Status of authorisation for dispensing the prescription items. For a multiple-item prescription, this conveys the aggregate status of the entire prescription. In case of a single-item prescription, prescriptionItem.status shall be the same as EHDSMedicationPrescription.header.status.","","","","","","","","","",,"required","HL7 Medication Request Status","","",,,,"EHDSDataSet.header.status",1,1,"",""
"EHDSMedicationPrescription","EHDSMedicationPrescription.header.language","EHDSMedicationPrescription.header.language","","","",0,1,"","","","CodeableConcept {[]} {[]}
","Language in which the resource is written. Language is expressed by the IETF language tag.","Language in which the resource is written. Language is expressed by the IETF language tag.","","","","","","","","","",,"required","BCP 47","","",,,,"EHDSDataSet.header.language",0,1,"",""
"EHDSMedicationPrescription","EHDSMedicationPrescription.header.statusReason[x]","EHDSMedicationPrescription.header.statusReason[x]","","","",0,1,"","","","CodeableConcept {[]} {[]}
string {[]} {[]}","Reason for the current status of prescription, for example the reason why the prescription was cancelled or changed from a previous state.","Reason for the current status of prescription, for example the reason why the prescription was cancelled or changed from a previous state.","","","","","","","","","",,"required","HL7 Medication Request Status Reason Codes","","",,,,"EHDSMedicationPrescription.header.statusReason[x]",0,1,"",""
"EHDSMedicationPrescription","EHDSMedicationPrescription.presentedForm","EHDSMedicationPrescription.presentedForm","","","",0,*,"","","","http://ehds.eu/fhir/models/StructureDefinition/EHDSAttachment {[]} {[]}
","A narrative easy-to-read representation of the full data set, e.g. PDF-version of a document.","A narrative easy-to-read representation of the full data set, e.g. PDF-version of a document.","","","","","","","","","",,,,,"",,,,"EHDSMedicationPrescription.presentedForm",0,*,"",""
"EHDSMedicationPrescription","EHDSMedicationPrescription.prescriptionItem","EHDSMedicationPrescription.prescriptionItem","","","",1,*,"","","","Base {[]} {[]}
","Prescription line for one medication. In case multiple medications are prescribed on one prescription, all items need to be authored together.","Prescription line for one medication. In case multiple medications are prescribed on one prescription, all items need to be authored together.","","","","","","","","","",,,,,"",,,,"EHDSMedicationPrescription.prescriptionItem",1,*,"",""
"EHDSMedicationPrescription","EHDSMedicationPrescription.prescriptionItem.identifier","EHDSMedicationPrescription.prescriptionItem.identifier","","","",1,*,"","","","Identifier {[]} {[]}
","Identifier for a single item on the prescription. In case of a single-item prescription, this identifier is typically the same as prescription identifier.","Identifier for a single item on the prescription. In case of a single-item prescription, this identifier is typically the same as prescription identifier.","","","","","","","","","",,,,,"",,,,"EHDSMedicationPrescription.prescriptionItem.identifier",1,*,"",""
"EHDSMedicationPrescription","EHDSMedicationPrescription.prescriptionItem.status","EHDSMedicationPrescription.prescriptionItem.status","","","",1,1,"","","","CodeableConcept {[]} {[]}
","Status of a single item on prescription. In case of a single-item prescription, the status of the prescription has the same meaning as the status of the item.","Status of a single item on prescription. In case of a single-item prescription, the status of the prescription has the same meaning as the status of the item.","","","","","","","","","",,"required","HL7 Medication Request Status","","",,,,"EHDSMedicationPrescription.prescriptionItem.status",1,1,"",""
"EHDSMedicationPrescription","EHDSMedicationPrescription.prescriptionItem.statusReason[x]","EHDSMedicationPrescription.prescriptionItem.statusReason[x]","","","",0,1,"","","","CodeableConcept {[]} {[]}
string {[]} {[]}","Reason for the current status of prescription, for example the reason why the prescription was cancelled or why the prescription was changed from previous.","Reason for the current status of prescription, for example the reason why the prescription was cancelled or why the prescription was changed from previous.","","","","","","","","","",,"required","HL7 Medication Request Status Reason Codes","","",,,,"EHDSMedicationPrescription.prescriptionItem.statusReason[x]",0,1,"",""
"EHDSMedicationPrescription","EHDSMedicationPrescription.prescriptionItem.medication","EHDSMedicationPrescription.prescriptionItem.medication","","","",1,1,"","","","http://ehds.eu/fhir/models/StructureDefinition/EHDSMedication {[]} {[]}
","Prescribed medicinal product.","Prescribed medicinal product, which could be branded, generic, virtual, extemporal, etc.","","","","","","","","","",,,,,"",,,,"EHDSMedicationPrescription.prescriptionItem.medication",1,1,"",""
"EHDSMedicationPrescription","EHDSMedicationPrescription.prescriptionItem.indication[x]","EHDSMedicationPrescription.prescriptionItem.indication[x]","","","",0,*,"","","","CodeableConcept {[]} {[]}
string {[]} {[]}","Reason for the prescription (typically diagnosis, or a procedure).","Reason for the prescription (typically diagnosis, or a procedure).","","","","","","","","","",,"required","SNOMED CT (preferred), ICD-10, Orphacode","","",,,,"EHDSMedicationPrescription.prescriptionItem.indication[x]",0,*,"",""
"EHDSMedicationPrescription","EHDSMedicationPrescription.prescriptionItem.intendedUseType","EHDSMedicationPrescription.prescriptionItem.intendedUseType","","","",0,1,"","","","CodeableConcept {[]} {[]}
","Intent of the prescription - prophylaxis, treatment, anaesthesia, etc.","Intent of the prescription - prophylaxis, treatment, anaesthesia, etc.","","","","","","","","","",,"required","HL7 MedicationRequest Intent","","",,,,"EHDSMedicationPrescription.prescriptionItem.intendedUseType",0,1,"",""
"EHDSMedicationPrescription","EHDSMedicationPrescription.prescriptionItem.periodOfUse","EHDSMedicationPrescription.prescriptionItem.periodOfUse","","","",0,1,"","","","Period {[]} {[]}
","Period over which the medication is to be taken (in case of multiple dosage schemes, this shall be the overall period of all dosages).","Period over which the medication is to be taken (in case of multiple dosage schemes, this shall be the overall period of all dosages).","","","","","","","","","",,,,,"",,,,"EHDSMedicationPrescription.prescriptionItem.periodOfUse",0,1,"",""
"EHDSMedicationPrescription","EHDSMedicationPrescription.prescriptionItem.quantityPrescribed","EHDSMedicationPrescription.prescriptionItem.quantityPrescribed","","","",1,1,"","","","Quantity {[]} {[]}
","Overall quantity of prescribed medicinal product (e.g number of packages or number of tablets). In case of multiple items, this should indicate the overall quantity for the whole prescription. Where the total quantity cannot be determined unambiguously at issuance, the prescriber may express it on the basis of dosage instructions, validity period and number of repeats.","Overall quantity of prescribed medicinal product (e.g number of packages or number of tablets). In case of multiple items, this should indicate the overall quantity for the whole prescription. Where the total quantity cannot be determined unambiguously at issuance, the prescriber may express it on the basis of dosage instructions, validity period and number of repeats.","","","","","","","","","",,"required","UCUM for units of measure, EDQM Standard Terms for units of presentation","","",,,,"EHDSMedicationPrescription.prescriptionItem.quantityPrescribed",1,1,"",""
"EHDSMedicationPrescription","EHDSMedicationPrescription.prescriptionItem.dosageInstructions","EHDSMedicationPrescription.prescriptionItem.dosageInstructions","","","",0,1,"","","","http://ehds.eu/fhir/models/StructureDefinition/EHDSDosage {[]} {[]}
","Dosage and administration instructions.","Dosage and administration instructions.","","","","","","","","","",,,,,"",,,,"EHDSMedicationPrescription.prescriptionItem.dosageInstructions",0,1,"",""
"EHDSMedicationPrescription","EHDSMedicationPrescription.prescriptionItem.validityPeriod","EHDSMedicationPrescription.prescriptionItem.validityPeriod","","","",0,1,"","","","Period {[]} {[]}
","The period over which the prescription is considered valid and dispensable. validityPeriod.start is, if missing, assumed to be the date of issuing the prescription.","The period over which the prescription is considered valid and dispensable. validityPeriod.start is, if missing, assumed to be the date of issuing the prescription.","","","","","","","","","",,,,,"",,,,"EHDSMedicationPrescription.prescriptionItem.validityPeriod",0,1,"",""
"EHDSMedicationPrescription","EHDSMedicationPrescription.prescriptionItem.substitution","EHDSMedicationPrescription.prescriptionItem.substitution","","","",0,1,"","","","Base {[]} {[]}
","Whether and which type of substitution is allowed, as indicated by the prescriber, for this prescription. The legislation in the country of dispense applies for performing the substitution.","Whether and which type of substitution is allowed, as indicated by the prescriber, for this prescription. The legislation in the country of dispense applies for performing the substitution.","","","","","","","","","",,,,,"",,,,"EHDSMedicationPrescription.prescriptionItem.substitution",0,1,"",""
"EHDSMedicationPrescription","EHDSMedicationPrescription.prescriptionItem.substitution.allowed[x]","EHDSMedicationPrescription.prescriptionItem.substitution.allowed[x]","","","",0,1,"","","","boolean {[]} {[]}
CodeableConcept {[]} {[]}","Whether and to what extent substitution is allowed.","Whether and to what extent substitution is allowed.","","","","","","","","","",,"required","HL7 Substance Admin Substitution","","",,,,"EHDSMedicationPrescription.prescriptionItem.substitution.allowed[x]",0,1,"",""
"EHDSMedicationPrescription","EHDSMedicationPrescription.prescriptionItem.substitution.reason[x]","EHDSMedicationPrescription.prescriptionItem.substitution.reason[x]","","","",0,1,"","","","CodeableConcept {[]} {[]}
string {[]} {[]}","Reason for the substitution requirement (e.g. Biological product, Patient allergic to an excipient in alternative products, etc).","Reason for the substitution requirement (e.g. Biological product, Patient allergic to an excipient in alternative products, etc).","","","","","","","","","",,"required","SNOMED CT","","",,,,"EHDSMedicationPrescription.prescriptionItem.substitution.reason[x]",0,1,"",""
"EHDSMedicationPrescription","EHDSMedicationPrescription.prescriptionItem.numberOfRepeats","EHDSMedicationPrescription.prescriptionItem.numberOfRepeats","","","",0,1,"","","","integer {[]} {[]}
","Number of refills authorised - how many times the prescription item can be dispensed in addition to the original dispense. The default value is 0.","Number of refills authorised - how many times the prescription item can be dispensed in addition to the original dispense. The default value is 0.","","","","","","","","","",,,,,"",,,,"EHDSMedicationPrescription.prescriptionItem.numberOfRepeats",0,1,"",""
"EHDSMedicationPrescription","EHDSMedicationPrescription.prescriptionItem.minimumDispenseInterval","EHDSMedicationPrescription.prescriptionItem.minimumDispenseInterval","","","",0,1,"","","","Quantity {[]} {[]}
","Minimum dispense interval. If a prescription allows for repeated dispensations, the interval between dispensations shall be stated here.","Minimum dispense interval. If a prescription allows for repeated dispensations, the interval between dispensations shall be stated here.","","","","","","","","","",,,,,"",,,,"EHDSMedicationPrescription.prescriptionItem.minimumDispenseInterval",0,1,"",""
"EHDSMedicationPrescription","EHDSMedicationPrescription.prescriptionItem.offLabel","EHDSMedicationPrescription.prescriptionItem.offLabel","","","",0,1,"","","","Base {[]} {[]}
","Indicates that the prescriber has knowingly prescribed the medication for an indication, age group, dosage, or route of administration that is not approved by the regulatory agencies and is not mentioned in the product information of the medicinal product.","Indicates that the prescriber has knowingly prescribed the medication for an indication, age group, dosage, or route of administration that is not approved by the regulatory agencies and is not mentioned in the product information of the medicinal product.","","","","","","","","","",,,,,"",,,,"EHDSMedicationPrescription.prescriptionItem.offLabel",0,1,"",""
"EHDSMedicationPrescription","EHDSMedicationPrescription.prescriptionItem.offLabel.isOffLabelUse","EHDSMedicationPrescription.prescriptionItem.offLabel.isOffLabelUse","","","",1,1,"","","","boolean {[]} {[]}
","Indicates off-label use. Must be 'true' when .reason is provided.","Indicates off-label use. Must be 'true' when .reason is provided.","","","","","","","","","",,,,,"",,,,"EHDSMedicationPrescription.prescriptionItem.offLabel.isOffLabelUse",1,1,"",""
"EHDSMedicationPrescription","EHDSMedicationPrescription.prescriptionItem.offLabel.reason[x]","EHDSMedicationPrescription.prescriptionItem.offLabel.reason[x]","","","",0,1,"","","","string {[]} {[]}
CodeableConcept {[]} {[]}","Reason or related clarification for off-label use.","Reason or related clarification for off-label use.","","","","","","","","","",,"required","Not defined","","",,,,"EHDSMedicationPrescription.prescriptionItem.offLabel.reason[x]",0,1,"",""
"EHDSMedicationPrescription","EHDSMedicationPrescription.prescriptionItem.note","EHDSMedicationPrescription.prescriptionItem.note","","","",0,1,"","","","string {[]} {[]}
","Additional information or comments, e.g. message to the dispenser.","Additional information or comments, e.g. message to the dispenser.","","","","","","","","","",,"required","SNOMED CT","","",,,,"EHDSMedicationPrescription.prescriptionItem.note",0,1,"",""
"EHDSMedicationUse","EHDSMedicationUse","EHDSMedicationUse","","","",0,*,"","","","null {[]} {[]}
","Medication use model","EHDSMedicationUse means a structured set of data elements describing a use of a single medicinal product as part of a medication summary.","","","","","","","","","",,,,,"",,,,"Base",0,*,"",""
"EHDSMedicationUse","EHDSMedicationUse.header","EHDSMedicationUse.header","","","",1,1,"","","","Base {[]} {[]}
","Basic metadata for this information.","Basic metadata for this information.","","","","","","","","","",,,,,"",,,,"EHDSDataSet.header",1,1,"",""
"EHDSMedicationUse","EHDSMedicationUse.header.subject","EHDSMedicationUse.header.subject","","","",1,1,"","","","http://ehds.eu/fhir/models/StructureDefinition/EHDSPatient {[]} {[]}
","Patient/subject information.","Patient/subject information.","","","","","","","","","",,,,,"",,,,"EHDSDataSet.header.subject",1,1,"",""
"EHDSMedicationUse","EHDSMedicationUse.header.identifier","EHDSMedicationUse.header.identifier","","","",0,*,"","","","Identifier {[]} {[]}
","Business identifier assigned to the resource or document (not a patient ID and not the technical resource ID).","Business identifier assigned to the resource or document (not a patient ID and not the technical resource ID).","Business identifier is unique within the system that assigns them. The same entity may have different unique identifiers assigned by different systems. Therefore, the identifier is always expected to be a pair of a system and a value.","","","","","","","","",,,,,"",,,,"EHDSDataSet.header.identifier",0,*,"",""
"EHDSMedicationUse","EHDSMedicationUse.header.author[x]","EHDSMedicationUse.header.author[x]","","","",0,*,"","","","http://ehds.eu/fhir/models/StructureDefinition/EHDSHealthProfessional {[]} {[]}
http://ehds.eu/fhir/models/StructureDefinition/EHDSOrganisation {[]} {[]}http://ehds.eu/fhir/models/StructureDefinition/EHDSDevice {[]} {[]}http://ehds.eu/fhir/models/StructureDefinition/EHDSPatient {[]} {[]}http://ehds.eu/fhir/models/StructureDefinition/EHDSRelatedPerson {[]} {[]}","Author of the resource.","The author of the medication use statement.","Author(s) responsible for the provided information. The exact role of the responsible author varies across use cases and is specific to individual models.","","","","","","","","",,,,,"",,,,"EHDSDataSet.header.author[x]",0,*,"",""
"EHDSMedicationUse","EHDSMedicationUse.header.patientInsertedData","EHDSMedicationUse.header.patientInsertedData","","","",0,1,"","","","boolean {[]} {[]}
","Indicator that states, when included with value ‘true’, that the contents of this resource represent information inserted by the natural person or their representative. In this case, the contents shall not be considered as verified by a health professional or a healthcare provider, even if digitally signed by them as part of a bigger data set. Details of the person who inserted the information may be provided in the author[x] element.","Indicator that states, when included with value ‘true’, that the contents of this resource represent information inserted by the natural person or their representative. In this case, the contents shall not be considered as verified by a health professional or a healthcare provider, even if digitally signed by them as part of a bigger data set. Details of the person who inserted the information may be provided in the author[x] element.","","","","","","","","","",,,,,"",,,,"EHDSDataSet.header.patientInsertedData",0,1,"",""
"EHDSMedicationUse","EHDSMedicationUse.header.date","EHDSMedicationUse.header.date","","","",0,1,"","","","dateTime {[]} {[]}
","Date and optionally time of authoring/issuing.","Date and optionally time of authoring/issuing.","","","","","","","","","",,,,,"",,,,"EHDSDataSet.header.date",0,1,"",""
"EHDSMedicationUse","EHDSMedicationUse.header.status","EHDSMedicationUse.header.status","","","",1,1,"","","","CodeableConcept {[]} {[]}
","Status of the medication use statement (e.g. recorded).","Status of the medication use statement (e.g. recorded).","","eHN PS Guideline, MyHealth@EU, ISO IPS","","","","","","","",,"required","HL7 Medication Status Codes","","",,,,"EHDSDataSet.header.status",1,1,"",""
"EHDSMedicationUse","EHDSMedicationUse.header.language","EHDSMedicationUse.header.language","","","",0,1,"","","","CodeableConcept {[]} {[]}
","Language in which the resource is written. Language is expressed by the IETF language tag.","Language in which the resource is written. Language is expressed by the IETF language tag.","","","","","","","","","",,"required","BCP 47","","",,,,"EHDSDataSet.header.language",0,1,"",""
"EHDSMedicationUse","EHDSMedicationUse.medication","EHDSMedicationUse.medication","","","",1,1,"","","","http://ehds.eu/fhir/models/StructureDefinition/EHDSMedication {[]} {[]}
","Describes the medicinal product.","Describes the medicinal product.","","","","","","","","","",,,,,"",,,,"EHDSMedicationUse.medication",1,1,"",""
"EHDSMedicationUse","EHDSMedicationUse.reason[x]","EHDSMedicationUse.reason[x]","","","",0,*,"","","","CodeableConcept {[]} {[]}
string {[]} {[]}","Reason for the use of the medication (typically diagnosis, or a procedure).","Reason for the use of the medication (typically diagnosis, or a procedure).","","","","","","","","","",,"required","SNOMED CT (preferred), ICD-10, Orphacode","","",,,,"EHDSMedicationUse.reason[x]",0,*,"",""
"EHDSMedicationUse","EHDSMedicationUse.dosageInstructions","EHDSMedicationUse.dosageInstructions","","","",1,1,"","","","http://ehds.eu/fhir/models/StructureDefinition/EHDSDosage {[]} {[]}
","Details of how medication is/was taken or should be taken.","Details of how medication is/was taken or should be taken.","","","","","","","","","",,,,,"",,,,"EHDSMedicationUse.dosageInstructions",1,1,"",""
"EHDSMedicationUse","EHDSMedicationUse.dateAsserted","EHDSMedicationUse.dateAsserted","","","",0,1,"","","","dateTime {[]} {[]}
","Date and optionally time when the medication use statemenet was asserted.","Date and optionally time when the medication use statemenet was asserted.","","","","","","","","","",,,,,"",,,,"EHDSMedicationUse.dateAsserted",0,1,"",""
"EHDSMedicationUse","EHDSMedicationUse.periodOfUse","EHDSMedicationUse.periodOfUse","","","",0,1,"","","","Period {[]} {[]}
","Period when the patient took, is taking or is expected to take the medication.","Period when the patient took, is taking or is expected to take the medication.","","","","","","","","","",,,,,"",,,,"EHDSMedicationUse.periodOfUse",0,1,"",""
"EHDSMedicationUse","EHDSMedicationUse.derivedFrom[x]","EHDSMedicationUse.derivedFrom[x]","","","",0,*,"","","","http://ehds.eu/fhir/models/StructureDefinition/EHDSMedicationPrescription {[]} {[]}
http://ehds.eu/fhir/models/StructureDefinition/EHDSMedicationDispense {[]} {[]}http://ehds.eu/fhir/models/StructureDefinition/EHDSMedicationAdministration {[]} {[]}","Prescriptions, dispenses or administrations that are the basis of this medication use statement.","Prescriptions, dispenses or administrations that are the basis of this medication use statement.","","","","","","","","","",,,,,"",,,,"EHDSMedicationUse.derivedFrom[x]",0,*,"",""
"EHDSMedicationUse","EHDSMedicationUse.note","EHDSMedicationUse.note","","","",0,1,"","","","string {[]} {[]}
","Additional information about the medication use statement.","Additional information about the medication use statement.","","","","","","","","","",,,,,"",,,,"EHDSMedicationUse.note",0,1,"",""
"EHDSObservation","EHDSObservation","EHDSObservation","","","",0,*,"","","","null {[]} {[]}
","Observation model","EHDSObservation means a structured set of data elements describing a clinical finding or measurement and its results. This includes simple observational findings (e.g., alcohol and tobacco use, blood pressure measurements) and complex medical test results (e.g., cardiopulmonary stress test, Holter monitor), supporting the grouping of related observations and the representation of multi-part results observed under shared or different conditions.","","","","","","","","","",,,,,"",,,,"Base",0,*,"",""
"EHDSObservation","EHDSObservation.header","EHDSObservation.header","","","",1,1,"","","","Base {[]} {[]}
","Basic metadata for this information.","Basic metadata for this information.","","","","","","","","","",,,,,"",,,,"EHDSDataSet.header",1,1,"",""
"EHDSObservation","EHDSObservation.header.subject","EHDSObservation.header.subject","","","",1,1,"","","","http://ehds.eu/fhir/models/StructureDefinition/EHDSPatient {[]} {[]}
","Patient/subject information.","Patient who is receiving health care. This patient might be different from the direct subject of the observation.","","","","","","","","","",,,,,"",,,,"EHDSDataSet.header.subject",1,1,"",""
"EHDSObservation","EHDSObservation.header.identifier","EHDSObservation.header.identifier","","","",0,*,"","","","Identifier {[]} {[]}
","Business identifier assigned to the resource or document (not a patient ID and not the technical resource ID).","Business identifier assigned to the resource or document (not a patient ID and not the technical resource ID).","Business identifier is unique within the system that assigns them. The same entity may have different unique identifiers assigned by different systems. Therefore, the identifier is always expected to be a pair of a system and a value.","","","","","","","","",,,,,"",,,,"EHDSDataSet.header.identifier",0,*,"",""
"EHDSObservation","EHDSObservation.header.author[x]","EHDSObservation.header.author[x]","","","",0,*,"","","","http://ehds.eu/fhir/models/StructureDefinition/EHDSHealthProfessional {[]} {[]}
http://ehds.eu/fhir/models/StructureDefinition/EHDSOrganisation {[]} {[]}http://ehds.eu/fhir/models/StructureDefinition/EHDSDevice {[]} {[]}http://ehds.eu/fhir/models/StructureDefinition/EHDSPatient {[]} {[]}http://ehds.eu/fhir/models/StructureDefinition/EHDSRelatedPerson {[]} {[]}","Author of the resource.","The author of this observation.","Author(s) responsible for the provided information. The exact role of the responsible author varies across use cases and is specific to individual models.","","","","","","","","",,,,,"",,,,"EHDSDataSet.header.author[x]",0,*,"",""
"EHDSObservation","EHDSObservation.header.patientInsertedData","EHDSObservation.header.patientInsertedData","","","",0,1,"","","","boolean {[]} {[]}
","Indicator that states, when included with value ‘true’, that the contents of this resource represent information inserted by the natural person or their representative. In this case, the contents shall not be considered as verified by a health professional or a healthcare provider, even if digitally signed by them as part of a bigger data set. Details of the person who inserted the information may be provided in the author[x] element.","Indicator that states, when included with value ‘true’, that the contents of this resource represent information inserted by the natural person or their representative. In this case, the contents shall not be considered as verified by a health professional or a healthcare provider, even if digitally signed by them as part of a bigger data set. Details of the person who inserted the information may be provided in the author[x] element.","","","","","","","","","",,,,,"",,,,"EHDSDataSet.header.patientInsertedData",0,1,"",""
"EHDSObservation","EHDSObservation.header.date","EHDSObservation.header.date","","","",0,1,"","","","dateTime {[]} {[]}
","Date and optionally time of authoring/issuing.","Date and optionally time of authoring/issuing.","","","","","","","","","",,,,,"",,,,"EHDSDataSet.header.date",0,1,"",""
"EHDSObservation","EHDSObservation.header.status","EHDSObservation.header.status","","","",1,1,"","","","CodeableConcept {[]} {[]}
","Status of the resource.","Status of the resource.","","","","","","","","","",,"required","HL7 Observation Status","","",,,,"EHDSDataSet.header.status",1,1,"",""
"EHDSObservation","EHDSObservation.header.language","EHDSObservation.header.language","","","",0,1,"","","","CodeableConcept {[]} {[]}
","Language in which the resource is written. Language is expressed by the IETF language tag.","Language in which the resource is written. Language is expressed by the IETF language tag.","","","","","","","","","",,"required","BCP 47","","",,,,"EHDSDataSet.header.language",0,1,"",""
"EHDSObservation","EHDSObservation.header.directSubject[x]","EHDSObservation.header.directSubject[x]","","","",0,1,"","","","http://ehds.eu/fhir/models/StructureDefinition/EHDSPatient {[]} {[]}
http://ehds.eu/fhir/models/StructureDefinition/EHDSLocation {[]} {[]}http://ehds.eu/fhir/models/StructureDefinition/EHDSDevice {[]} {[]}string {[]} {[]}","The direct subject of the observation if different from the patient (subject of care), e.g. an observation of an implanted device. Additional types of subject may be allowed in implementations.","The direct subject of the observation if different from the patient (subject of care), e.g. an observation of an implanted device. Additional types of subject may be allowed in implementations.","","","","","","","","","",,,,,"",,,,"EHDSObservation.header.directSubject[x]",0,1,"",""
"EHDSObservation","EHDSObservation.observationDate[x]","EHDSObservation.observationDate[x]","","","",1,1,"","","","dateTime {[]} {[]}
Period {[]} {[]}","Clinically relevant time or time period for the observation.","Clinically relevant time or time period for the observation.","","","","","","","","","",,,,,"",,,,"EHDSObservation.observationDate[x]",1,1,"",""
"EHDSObservation","EHDSObservation.type","EHDSObservation.type","","","",1,1,"","","","CodeableConcept {[]} {[]}
","Observation type that indicates what was observed.","Observation type that indicates what was observed.","","","","","","","","","",,"required","SNOMED CT (preferred), LOINC, NPU","","",,,,"EHDSObservation.type",1,1,"",""
"EHDSObservation","EHDSObservation.originalName","EHDSObservation.originalName","","","",0,1,"","","","string {[]} {[]}
","Original (conventional) name of the observation as used in the local laboratory or clinical system.","Original (conventional) name of the observation as used in the local laboratory or clinical system.","","","","","","","","","",,,,,"",,,,"EHDSObservation.originalName",0,1,"",""
"EHDSObservation","EHDSObservation.method","EHDSObservation.method","","","",0,1,"","","","CodeableConcept {[]} {[]}
","Observation method","Observation method (measurement principle) to obtain the result.","","","","","","","","","",,"required","SNOMED CT","","",,,,"EHDSObservation.method",0,1,"",""
"EHDSObservation","EHDSObservation.specimen","EHDSObservation.specimen","","","",0,1,"","","","http://ehds.eu/fhir/models/StructureDefinition/EHDSSpecimen {[]} {[]}
","Specimen used for this observation.","Specimen used for this observation.","","","","","","","","","",,,,,"",,,,"EHDSObservation.specimen",0,1,"",""
"EHDSObservation","EHDSObservation.order","EHDSObservation.order","","","",0,1,"","","","http://ehds.eu/fhir/models/StructureDefinition/EHDSServiceRequest {[]} {[]}
","Identifies order and order placer this observation belongs to.","Identifies order and order placer this observation belongs to.","","","","","","","","","",,,,,"",,,,"EHDSObservation.order",0,1,"",""
"EHDSObservation","EHDSObservation.performer[x]","EHDSObservation.performer[x]","","","",0,*,"","","","http://ehds.eu/fhir/models/StructureDefinition/EHDSOrganisation {[]} {[]}
http://ehds.eu/fhir/models/StructureDefinition/EHDSHealthProfessional {[]} {[]}http://ehds.eu/fhir/models/StructureDefinition/EHDSPatient {[]} {[]}http://ehds.eu/fhir/models/StructureDefinition/EHDSRelatedPerson {[]} {[]}","Performer of the observation.","Performer of the observation.","","","","","","","","","",,,,,"",,,,"EHDSObservation.performer[x]",0,*,"",""
"EHDSObservation","EHDSObservation.bodySite","EHDSObservation.bodySite","","","",0,1,"","","","http://ehds.eu/fhir/models/StructureDefinition/EHDSBodyStructure {[]} {[]}
","Anatomic location and laterality where the observation was performed.","Anatomic location and laterality where the observation was performed.","","","","","","","","","",,,,,"",,,,"EHDSObservation.bodySite",0,1,"",""
"EHDSObservation","EHDSObservation.result","EHDSObservation.result","","","",1,1,"","","","Base {[]} {[]}
","Result of the observation including text, numeric, coded, and other types of results of the measurement and measurement uncertainty. Content of the observation result will vary according to the type of the observation.","Result of the observation including text, numeric, coded, and other types of results of the measurement and measurement uncertainty. Content of the observation result will vary according to the type of the observation.","","","","","","","","","",,,,,"",,,,"EHDSObservation.result",1,1,"",""
"EHDSObservation","EHDSObservation.result.value[x]","EHDSObservation.result.value[x]","","","",0,1,"","","","string {[]} {[]}
Quantity {[]} {[]}Range {[]} {[]}Ratio {[]} {[]}CodeableConcept {[]} {[]}","Observation result value according to the type of observation.","Observation result value according to the type of observation.","","","","","","","","","",,"required","UCUM for units, SNOMED CT for coded results","","",,,,"EHDSObservation.result.value[x]",0,1,"",""
"EHDSObservation","EHDSObservation.result.certainty","EHDSObservation.result.certainty","","","",0,1,"","","","Base {[]} {[]}
","Measurement certainty information type and interval if needed about the observation result.","Measurement certainty information type and interval if needed about the observation result.","","","","","","","","","",,,,,"",,,,"EHDSObservation.result.certainty",0,1,"",""
"EHDSObservation","EHDSObservation.result.certainty.value","EHDSObservation.result.certainty.value","","","",1,1,"","","","decimal {[]} {[]}
","The numerical value of the measurement certainty.","The numerical value of the measurement certainty.","","","","","","","","","",,,,,"",,,,"EHDSObservation.result.certainty.value",1,1,"",""
"EHDSObservation","EHDSObservation.result.certainty.type","EHDSObservation.result.certainty.type","","","",0,1,"","","","CodeableConcept {[]} {[]}
","Probability Distribution Type for certainty.","Probability Distribution Type for certainty.","","","","","","","","","",,"required","HL7 Probability Distribution Type","","",,,,"EHDSObservation.result.certainty.type",0,1,"",""
"EHDSObservation","EHDSObservation.result.dataAbsentReason","EHDSObservation.result.dataAbsentReason","","","",0,1,"","","","CodeableConcept {[]} {[]}
","Provides a reason why the expected value in the element Observation.result.value[x] is missing.","Provides a reason why the expected value in the element Observation.result.value[x] is missing.","","","","","","","","","",,"required","HL7 Data absent reason","","",,,,"EHDSObservation.result.dataAbsentReason",0,1,"",""
"EHDSObservation","EHDSObservation.referenceRange","EHDSObservation.referenceRange","","","",0,*,"","","","Base {[]} {[]}
","Reference range, multiple reference ranges of different types could be provided. Provides guide for interpretation of the result.","Reference range, multiple reference ranges of different types could be provided. Provides guide for interpretation of the result.","","","","","","","","","",,,,,"",,,,"EHDSObservation.referenceRange",0,*,"",""
"EHDSObservation","EHDSObservation.referenceRange.low","EHDSObservation.referenceRange.low","","","",0,1,"","","","Quantity {[]} {[]}
","Low limit of the reference range.","Low limit of the reference range.","","","","","","","","","",,"required","UCUM","","",,,,"EHDSObservation.referenceRange.low",0,1,"",""
"EHDSObservation","EHDSObservation.referenceRange.high","EHDSObservation.referenceRange.high","","","",0,1,"","","","Quantity {[]} {[]}
","High limit of the reference range.","High limit of the reference range.","","","","","","","","","",,"required","UCUM","","",,,,"EHDSObservation.referenceRange.high",0,1,"",""
"EHDSObservation","EHDSObservation.referenceRange.normalValue","EHDSObservation.referenceRange.normalValue","","","",0,1,"","","","CodeableConcept {[]} {[]}
","Normal value, if relevant for the reference range.","Normal value, if relevant for the reference range.","","","","","","","","","",,"required","SNOMED CT","","",,,,"EHDSObservation.referenceRange.normalValue",0,1,"",""
"EHDSObservation","EHDSObservation.referenceRange.type","EHDSObservation.referenceRange.type","","","",0,1,"","","","CodeableConcept {[]} {[]}
","Type of reference range.","Type of reference range.","","","","","","","","","",,"required","HL7 Observation Reference Range Meaning Codes","","",,,,"EHDSObservation.referenceRange.type",0,1,"",""
"EHDSObservation","EHDSObservation.referenceRange.appliesTo","EHDSObservation.referenceRange.appliesTo","","","",0,*,"","","","CodeableConcept {[]} {[]}
","Codes to indicate the target population this reference range applies to.","Codes to indicate the target population this reference range applies to.","","","","","","","","","",,"required","SNOMED CT","","",,,,"EHDSObservation.referenceRange.appliesTo",0,*,"",""
"EHDSObservation","EHDSObservation.referenceRange.age","EHDSObservation.referenceRange.age","","","",0,1,"","","","Range {[]} {[]}
","Age range to which this reference range applies if applicable.","Age range to which this reference range applies if applicable.","","","","","","","","","",,"required","UCUM","","",,,,"EHDSObservation.referenceRange.age",0,1,"",""
"EHDSObservation","EHDSObservation.referenceRange.text","EHDSObservation.referenceRange.text","","","",0,1,"","","","string {[]} {[]}
","Text based reference range.","Text based reference range.","","","","","","","","","",,,,,"",,,,"EHDSObservation.referenceRange.text",0,1,"",""
"EHDSObservation","EHDSObservation.interpretation","EHDSObservation.interpretation","","","",0,*,"","","","CodeableConcept {[]} {[]}
","Result interpretation, e.g. in comparison with reference ranges.","Result interpretation, e.g. in comparison with reference ranges.","","","","","","","","","",,"required","SNOMED CT","","",,,,"EHDSObservation.interpretation",0,*,"",""
"EHDSObservation","EHDSObservation.note","EHDSObservation.note","","","",0,1,"","","","string {[]} {[]}
","Free text notes by the health professional.","Free text notes by the health professional.","","","","","","","","","",,,,,"",,,,"EHDSObservation.note",0,1,"",""
"EHDSObservation","EHDSObservation.component","EHDSObservation.component","","","",0,*,"","","","Base {[]} {[]}
","Component in case the observation consists of multiple sub-observations (e.g. blood pressure).","Component in case the observation consists of multiple sub-observations (e.g. blood pressure).","","","","","","","","","",,,,,"",,,,"EHDSObservation.component",0,*,"",""
"EHDSObservation","EHDSObservation.component.code","EHDSObservation.component.code","","","",1,1,"","","","CodeableConcept {[]} {[]}
","Type of the component observation.","Type of the component observation.","","","","","","","","","",,"required","SNOMED CT (preferred), LOINC, NPU","","",,,,"EHDSObservation.component.code",1,1,"",""
"EHDSObservation","EHDSObservation.component.originalName","EHDSObservation.component.originalName","","","",0,1,"","","","string {[]} {[]}
","Original (user-friendly) name of the observation as used in the local laboratory or clinical system.","Original (user-friendly) name of the observation as used in the local laboratory or clinical system.","","","","","","","","","",,,,,"",,,,"EHDSObservation.component.originalName",0,1,"",""
"EHDSObservation","EHDSObservation.component.result","EHDSObservation.component.result","","","",1,1,"","","","Base {[]} {[]}
","Result of the observation including text, numeric, coded, and other types of results of the measurement and measurement uncertainty. Content of the observation result will vary according to the type of the observation.","Result of the observation including text, numeric, coded, and other types of results of the measurement and measurement uncertainty. Content of the observation result will vary according to the type of the observation.","","","","","","","","","",,,,,"",,,,"EHDSObservation.component.result",1,1,"",""
"EHDSObservation","EHDSObservation.component.result.value[x]","EHDSObservation.component.result.value[x]","","","",0,1,"","","","string {[]} {[]}
Quantity {[]} {[]}Range {[]} {[]}Ratio {[]} {[]}CodeableConcept {[]} {[]}","Observation result value according to the type of observation.","Observation result value according to the type of observation.","","","","","","","","","",,"required","UCUM for units, SNOMED CT for coded results","","",,,,"EHDSObservation.component.result.value[x]",0,1,"",""
"EHDSObservation","EHDSObservation.component.result.certainty","EHDSObservation.component.result.certainty","","","",0,1,"","","","Base {[]} {[]}
","Measurement certainty information type and interval if needed about the observation result.","Measurement certainty information type and interval if needed about the observation result.","","","","","","","","","",,,,,"",,,,"EHDSObservation.component.result.certainty",0,1,"",""
"EHDSObservation","EHDSObservation.component.result.certainty.value","EHDSObservation.component.result.certainty.value","","","",1,1,"","","","decimal {[]} {[]}
","The numerical value of the measurement certainty.","The numerical value of the measurement certainty.","","","","","","","","","",,,,,"",,,,"EHDSObservation.component.result.certainty.value",1,1,"",""
"EHDSObservation","EHDSObservation.component.result.certainty.type","EHDSObservation.component.result.certainty.type","","","",0,1,"","","","CodeableConcept {[]} {[]}
","Probability distribution type for certainty.","Probability distribution type for certainty.","","","","","","","","","",,"required","HL7 Probability Distribution Type","","",,,,"EHDSObservation.component.result.certainty.type",0,1,"",""
"EHDSObservation","EHDSObservation.component.result.dataAbsentReason","EHDSObservation.component.result.dataAbsentReason","","","",0,1,"","","","CodeableConcept {[]} {[]}
","Provides a reason why the expected value in the element component.result.value[x] is missing.","Provides a reason why the expected value in the element component.result.value[x] is missing.","","","","","","","","","",,"required","HL7 Data Absent Reason","","",,,,"EHDSObservation.component.result.dataAbsentReason",0,1,"",""
"EHDSObservation","EHDSObservation.component.referenceRange","EHDSObservation.component.referenceRange","","","",0,*,"","","","Base {[]} {[]}
","Reference range, multiple reference ranges of different types could be provided. Provides guide for interpretation of the result.","Reference range, multiple reference ranges of different types could be provided. Provides guide for interpretation of the result.","","","","","","","","","",,,,,"",,,,"EHDSObservation.component.referenceRange",0,*,"",""
"EHDSObservation","EHDSObservation.component.referenceRange.low","EHDSObservation.component.referenceRange.low","","","",0,1,"","","","Quantity {[]} {[]}
","Low limit of the reference range.","Low limit of the reference range.","","","","","","","","","",,"required","UCUM","","",,,,"EHDSObservation.component.referenceRange.low",0,1,"",""
"EHDSObservation","EHDSObservation.component.referenceRange.high","EHDSObservation.component.referenceRange.high","","","",0,1,"","","","Quantity {[]} {[]}
","High limit of the reference range.","High limit of the reference range.","","","","","","","","","",,"required","UCUM","","",,,,"EHDSObservation.component.referenceRange.high",0,1,"",""
"EHDSObservation","EHDSObservation.component.referenceRange.normalValue","EHDSObservation.component.referenceRange.normalValue","","","",0,1,"","","","CodeableConcept {[]} {[]}
","Normal value, if relevant for the reference range.","Normal value, if relevant for the reference range.","","","","","","","","","",,"required","SNOMED CT","","",,,,"EHDSObservation.component.referenceRange.normalValue",0,1,"",""
"EHDSObservation","EHDSObservation.component.referenceRange.type","EHDSObservation.component.referenceRange.type","","","",0,1,"","","","CodeableConcept {[]} {[]}
","Type of reference range.","Type of reference range.","","","","","","","","","",,"required","HL7 Observation Reference Range Meaning Codes","","",,,,"EHDSObservation.component.referenceRange.type",0,1,"",""
"EHDSObservation","EHDSObservation.component.referenceRange.appliesTo","EHDSObservation.component.referenceRange.appliesTo","","","",0,*,"","","","CodeableConcept {[]} {[]}
","Codes to indicate the target population this reference range applies to.","Codes to indicate the target population this reference range applies to.","","","","","","","","","",,"required","SNOMED CT","","",,,,"EHDSObservation.component.referenceRange.appliesTo",0,*,"",""
"EHDSObservation","EHDSObservation.component.referenceRange.age","EHDSObservation.component.referenceRange.age","","","",0,1,"","","","Range {[]} {[]}
","Age range to which this reference range applies if applicable.","Age range to which this reference range applies if applicable.","","","","","","","","","",,"required","UCUM","","",,,,"EHDSObservation.component.referenceRange.age",0,1,"",""
"EHDSObservation","EHDSObservation.component.referenceRange.text","EHDSObservation.component.referenceRange.text","","","",0,1,"","","","string {[]} {[]}
","Text based reference range.","Text based reference range.","","","","","","","","","",,,,,"",,,,"EHDSObservation.component.referenceRange.text",0,1,"",""
"EHDSObservation","EHDSObservation.component.interpretation","EHDSObservation.component.interpretation","","","",0,*,"","","","CodeableConcept {[]} {[]}
","Result interpretation, e.g. in comparison with reference ranges.","Result interpretation, e.g. in comparison with reference ranges.","","","","","","","","","",,"required","SNOMED CT, HL7 ObservationInterpretation","","",,,,"EHDSObservation.component.interpretation",0,*,"",""
"EHDSObservation","EHDSObservation.derivedFrom[x]","EHDSObservation.derivedFrom[x]","","","",0,*,"","","","http://ehds.eu/fhir/models/StructureDefinition/EHDSObservation {[]} {[]}
http://ehds.eu/fhir/models/StructureDefinition/EHDSLaboratoryObservation {[]} {[]}http://ehds.eu/fhir/models/StructureDefinition/EHDSImagingStudy {[]} {[]}","Reference to the related resource from which the observation has been made. For example, a calculated anion gap or a fetal measurement based on an ultrasound image.","Reference to the related resource from which the observation has been made. For example, a calculated anion gap or a fetal measurement based on an ultrasound image.","","","","","","","","","",,,,,"",,,,"EHDSObservation.derivedFrom[x]",0,*,"",""
"EHDSObservation","EHDSObservation.hasMember[x]","EHDSObservation.hasMember[x]","","","",0,*,"","","","http://ehds.eu/fhir/models/StructureDefinition/EHDSLaboratoryObservation {[]} {[]}
http://ehds.eu/fhir/models/StructureDefinition/EHDSObservation {[]} {[]}","Member of the observation group that this observation forms (e.g. in case of a battery, a panel of tests, a set of vital sign measurements).","Member of the observation group that this observation forms (e.g. in case of a battery, a panel of tests, a set of vital sign measurements).","","","","","","","","","",,,,,"",,,,"EHDSObservation.hasMember[x]",0,*,"",""
"EHDSOrganisation","EHDSOrganisation","EHDSOrganisation","","","",0,*,"","","","null {[]} {[]}
","Organisation model","EHDSOrganisation means a structured set of data elements describing an organisation.","","","","","","","","","",,,,,"",,,,"Base",0,*,"",""
"EHDSOrganisation","EHDSOrganisation.identifier","EHDSOrganisation.identifier","","","",0,*,"","","","Identifier {[]} {[]}
","Organisation identifier.","Organisation identifier.","","","","","","","","","",,,,,"",,,,"EHDSOrganisation.identifier",0,*,"",""
"EHDSOrganisation","EHDSOrganisation.type","EHDSOrganisation.type","","","",0,*,"","","","CodeableConcept {[]} {[]}
","Kind of organisation.","Kind of organisation.","","","","","","","","","",,"required","HL7 Organisation Type","","",,,,"EHDSOrganisation.type",0,*,"",""
"EHDSOrganisation","EHDSOrganisation.name","EHDSOrganisation.name","","","",0,1,"","","","string {[]} {[]}
","Organisation name.","Organisation name.","","","","","","","","","",,,,,"",,,,"EHDSOrganisation.name",0,1,"",""
"EHDSOrganisation","EHDSOrganisation.address","EHDSOrganisation.address","","","",0,*,"","","","http://ehds.eu/fhir/models/StructureDefinition/EHDSAddress {[]} {[]}
","Mailing or office address.","Mailing or office address.","","","","","","","","","",,,,,"",,,,"EHDSOrganisation.address",0,*,"",""
"EHDSOrganisation","EHDSOrganisation.telecom","EHDSOrganisation.telecom","","","",0,*,"","","","http://ehds.eu/fhir/models/StructureDefinition/EHDSTelecom {[]} {[]}
","Telecommunication contact information (address) associated with the organisation, such as phone number, email, or messaging service.","Telecommunication contact information (address) associated with the organisation, such as phone number, email, or messaging service.","","","","","","","","","",,,,,"",,,,"EHDSOrganisation.telecom",0,*,"",""
"EHDSOrganisation","EHDSOrganisation.partOf","EHDSOrganisation.partOf","","","",0,1,"","","","http://ehds.eu/fhir/models/StructureDefinition/EHDSOrganisation {[]} {[]}
","The organisation of which this organisation forms a part.","The organisation of which this organisation forms a part.","","","","","","","","","",,,,,"",,,,"EHDSOrganisation.partOf",0,1,"",""
"EHDSPatient","EHDSPatient","EHDSPatient","","","",0,*,"","","","null {[]} {[]}
","Patient model","EHDSPatient means a structured set of data elements describing a subject of care.","","","","","","","","","",,,,,"",,,,"Base",0,*,"",""
"EHDSPatient","EHDSPatient.identifier","EHDSPatient.identifier","","","",1,*,"","","","Identifier {[]} {[]}
","A stable identifier of the patient that is unique within a defined scope, the use of temporary generated identifiers is not permitted. In addition to the mandatory attributes listed below, other attributes compliant with the HL7 FHIR Identifier structure may be included.","A stable identifier of the patient that is unique within a defined scope, the use of temporary generated identifiers is not permitted. In addition to the mandatory attributes listed below, other attributes compliant with the HL7 FHIR Identifier structure may be included.","","","","","","","","","",,"required","HL7 Identifier Type, extended with the following: NI (national unique identifier), HI (health identifier), HIN (health insurance number), SS (social security identifier), REGPID (regional person identifier), REGION (region identifier)","","",,,,"EHDSPatient.identifier",1,*,"","ele-1:All FHIR elements must have a @value or children {hasValue() or (children().count() > id.count())}
ident-1:Identifier with no value has limited utility.  If communicating that an identifier value has been suppressed or missing, the value element SHOULD be present with an extension indicating the missing semantic - e.g. data-absent-reason {value.exists()}"
"EHDSPatient","EHDSPatient.identifier.id","EHDSPatient.identifier.id","","","",0,1,"","","","id {[]} {[]}
","Unique id for inter-element referencing","Unique id for the element within a resource (for internal references). This may be any string value that does not contain spaces.","","","","","","","","","",,,,,"",,,,"Element.id",0,1,"ele-1
",""
"EHDSPatient","EHDSPatient.identifier.extension","EHDSPatient.identifier.extension","","extensions
user content","",0,*,"","","","Extension {[]} {[]}
","Additional content defined by implementations","May be used to represent additional information that is not part of the basic definition of the element. To make the use of extensions safe and managable, there is a strict set of governance applied to the definition and use of extensions. Though any implementer can define an extension, there is a set of requirements that SHALL be met as part of the definition of the extension.","There can be no stigma associated with the use of extensions by any application, project, or standard - regardless of the institution or jurisdiction that uses or defines the extensions.  The use of extensions is what allows the FHIR specification to retain a core level of simplicity for everyone.","","","","","","","","",,,,,"","value:url}
","Extensions are always sliced by (at least) url",,"open","Element.extension",0,*,"","ele-1:All FHIR elements must have a @value or children {hasValue() or (children().count() > id.count())}
ext-1:Must have either extensions or value[x], not both {extension.exists() != value.exists()}"
"EHDSPatient","EHDSPatient.identifier.use","EHDSPatient.identifier.use","","","",0,1,"","Y","Y","code {[]} {[]}
","usual | official | temp | secondary | old (If known)","The purpose of this identifier.","Applications can assume that an identifier is permanent unless it explicitly says that it is temporary.","Allows the appropriate identifier for a particular context of use to be selected from among a set of identifiers.","","","","","","","",,"required","Identifies the purpose for this identifier, if known .","http://hl7.org/fhir/ValueSet/identifier-use|5.0.0","",,,,"Identifier.use",0,1,"","ele-1:All FHIR elements must have a @value or children {hasValue() or (children().count() > id.count())}
"
"EHDSPatient","EHDSPatient.identifier.type","EHDSPatient.identifier.type","","","",1,1,"","","Y","CodeableConcept {[]} {[]}
","Description of the identifier.","A coded type for the identifier that can be used to determine which identifier to use for a specific purpose.","This element deals only with general categories of identifiers.  It SHOULD not be used for codes that correspond 1..1 with the Identifier.system. Some identifiers may fall into multiple categories due to common usage.   Where the system is known, a type is unnecessary because the type is always part of the system definition. However systems often need to handle identifiers where the system is not known. There is not a 1:1 relationship between type and system, since many different systems have the same type.","Allows users to make use of identifiers when the identifier system is not known.","","","","","","","",,"extensible","A coded type for an identifier that can be used to determine which identifier to use for a specific purpose.","http://hl7.org/fhir/ValueSet/identifier-type|5.0.0","",,,,"Identifier.type",0,1,"","ele-1:All FHIR elements must have a @value or children {hasValue() or (children().count() > id.count())}
"
"EHDSPatient","EHDSPatient.identifier.system","EHDSPatient.identifier.system","","","",1,1,"","","Y","uri {[]} {[]}
","The namespace for the Identifier.value.","Establishes the namespace for the value - that is, an absolute URL that describes a set values that are unique.","Identifier.system is always case sensitive.","There are many sets  of identifiers.  To perform matching of two identifiers, we need to know what set we're dealing with. The system identifies a particular set of unique identifiers.","","","","","<valueUri xmlns=""http://hl7.org/fhir"" value=""http://www.acme.com/identifiers/patient""/>","","",,,,,"",,,,"Identifier.system",0,1,"","ele-1:All FHIR elements must have a @value or children {hasValue() or (children().count() > id.count())}
"
"EHDSPatient","EHDSPatient.identifier.value","EHDSPatient.identifier.value","","","",1,1,"","","Y","string {[]} {[]}
","The value that is unique.","The portion of the identifier typically relevant to the user and which is unique within the context of the system.","If the value is a full URI, then the system SHALL be urn:ietf:rfc:3986.  The value's primary purpose is computational mapping.  As a result, it may be normalized for comparison purposes (e.g. removing non-significant whitespace, dashes, etc.)  A value formatted for human display can be conveyed using the [http://hl7.org/fhir/StructureDefinition/rendered-value](http://hl7.org/fhir/extensions/StructureDefinition-rendered-value.html)). Identifier.value is to be treated as case sensitive unless knowledge of the Identifier.system allows the processer to be confident that non-case-sensitive processing is safe.","","","","","","<valueString xmlns=""http://hl7.org/fhir"" value=""123456""/>","","",,,,,"",,,,"Identifier.value",0,1,"ident-1
","ele-1:All FHIR elements must have a @value or children {hasValue() or (children().count() > id.count())}
"
"EHDSPatient","EHDSPatient.identifier.period","EHDSPatient.identifier.period","","","",0,1,"","","Y","Period {[]} {[]}
","Time period when id is/was valid for use","Time period during which identifier is/was valid for use.","","","","","","","","","",,,,,"",,,,"Identifier.period",0,1,"","ele-1:All FHIR elements must have a @value or children {hasValue() or (children().count() > id.count())}
"
"EHDSPatient","EHDSPatient.identifier.assigner","EHDSPatient.identifier.assigner","","","",0,1,"","","Y","Reference {[]} {[CanonicalType[http://hl7.org/fhir/StructureDefinition/Organization|5.0.0]]}
","Organization that issued id (may be just text)","Organization that issued/manages the identifier.","The Identifier.assigner may omit the .reference element and only contain a .display element reflecting the name or other textual information about the assigning organization.","","","","","","","","",,,,,"",,,,"Identifier.assigner",0,1,"","ele-1:All FHIR elements must have a @value or children {hasValue() or (children().count() > id.count())}
"
"EHDSPatient","EHDSPatient.name","EHDSPatient.name","","","",1,*,"","","","http://ehds.eu/fhir/models/StructureDefinition/EHDSHumanName {[]} {[]}
","Name associated with the patient.","Name associated with the patient.","","","","","","","","","",,,,,"",,,,"EHDSPatient.name",1,*,"",""
"EHDSPatient","EHDSPatient.dateOfBirth","EHDSPatient.dateOfBirth","","","",0,1,"","","","dateTime {[]} {[]}
","Date of birth.","Date of birth.","","","","","","","","","",,,,,"",,,,"EHDSPatient.dateOfBirth",0,1,"",""
"EHDSPatient","EHDSPatient.deceased[x]","EHDSPatient.deceased[x]","","","",0,1,"","","","boolean {[]} {[]}
dateTime {[]} {[]}","Indicator stating whether the patient is deceased or date and optionally time of death.","Indicator stating whether the patient is deceased or date and optionally time of death.","","","","","","","","","",,,,,"",,,,"EHDSPatient.deceased[x]",0,1,"",""
"EHDSPatient","EHDSPatient.administrativeGender","EHDSPatient.administrativeGender","","","",1,1,"","","","CodeableConcept {[]} {[]}
","The gender that the patient is considered to have for administration and record keeping purposes.","The gender that the patient is considered to have for administration and record keeping purposes.","","","","","","","","","",,"required","HL7 Administrative Gender","","",,,,"EHDSPatient.administrativeGender",1,1,"",""
"EHDSPatient","EHDSPatient.genderIdentity","EHDSPatient.genderIdentity","","","",0,1,"","","","CodeableConcept {[]} {[]}
","The gender as declared by the patient.","The gender as declared by the patient.","","","","","","","","","",,,,,"",,,,"EHDSPatient.genderIdentity",0,1,"",""
"EHDSPatient","EHDSPatient.sexForClinicalUse","EHDSPatient.sexForClinicalUse","","","",0,1,"","","","CodeableConcept {[]} {[]}
","A summary parameter that provides guidance on how a receiver should apply settings or reference ranges that are derived from observable information such as an organ inventory, recent hormone lab tests, genetic testing, menstrual status, obstetric history, etc.","A summary parameter that provides guidance on how a receiver should apply settings or reference ranges that are derived from observable information such as an organ inventory, recent hormone lab tests, genetic testing, menstrual status, obstetric history, etc.","","","","","","","","","",,"required","HL7 Sex Parameter for Clinical Use","","",,,,"EHDSPatient.sexForClinicalUse",0,1,"",""
"EHDSPatient","EHDSPatient.address","EHDSPatient.address","","","",0,*,"","","","http://ehds.eu/fhir/models/StructureDefinition/EHDSAddress {[]} {[]}
","Address of the patient.","Address of the patient.","","","","","","","","","",,,,,"",,,,"EHDSPatient.address",0,*,"",""
"EHDSPatient","EHDSPatient.telecom","EHDSPatient.telecom","","","",0,*,"","","","http://ehds.eu/fhir/models/StructureDefinition/EHDSTelecom {[]} {[]}
","Contact information.","Contact information.","","","","","","","","","",,,,,"",,,,"EHDSPatient.telecom",0,*,"",""
"EHDSPatientSummary","EHDSPatientSummary","EHDSPatientSummary","","","",0,*,"","","","null {[]} {[]}
","Patient summary model","The model is a structured document designed to provide an overview of a patient’s most important health information. The model aims to be compatible with the ISO International Patient Summary standard.","","","","","","","","","",,,,,"",,,,"Base",0,*,"",""
"EHDSPatientSummary","EHDSPatientSummary.header","EHDSPatientSummary.header","","","",1,1,"","","","Base {[]} {[]}
","Patient summary header.","Patient summary header.","","","","","","","","","",,,,,"",,,,"EHDSDataSet.header",1,1,"",""
"EHDSPatientSummary","EHDSPatientSummary.header.subject","EHDSPatientSummary.header.subject","","","",1,1,"","","","http://ehds.eu/fhir/models/StructureDefinition/EHDSPatient {[]} {[]}
","Patient/subject information.","Patient/subject information.","","","","","","","","","",,,,,"",,,,"EHDSDataSet.header.subject",1,1,"",""
"EHDSPatientSummary","EHDSPatientSummary.header.identifier","EHDSPatientSummary.header.identifier","","","",1,*,"","","","Identifier {[]} {[]}
","Unique identifier of the document.","Unique identifier of the document.","Business identifier is unique within the system that assigns them. The same entity may have different unique identifiers assigned by different systems. Therefore, the identifier is always expected to be a pair of a system and a value.","","","","","","","","",,,,,"",,,,"EHDSDataSet.header.identifier",0,*,"",""
"EHDSPatientSummary","EHDSPatientSummary.header.author[x]","EHDSPatientSummary.header.author[x]","","","",1,*,"","","","http://ehds.eu/fhir/models/StructureDefinition/EHDSHealthProfessional {[]} {[]}
http://ehds.eu/fhir/models/StructureDefinition/EHDSOrganisation {[]} {[]}http://ehds.eu/fhir/models/StructureDefinition/EHDSDevice {[]} {[]}http://ehds.eu/fhir/models/StructureDefinition/EHDSPatient {[]} {[]}http://ehds.eu/fhir/models/StructureDefinition/EHDSRelatedPerson {[]} {[]}","Author of the document.","Author of the document.","Author(s) responsible for the provided information. The exact role of the responsible author varies across use cases and is specific to individual models.","","","","","","","","",,,,,"",,,,"EHDSDataSet.header.author[x]",0,*,"",""
"EHDSPatientSummary","EHDSPatientSummary.header.patientInsertedData","EHDSPatientSummary.header.patientInsertedData","","","",0,1,"","","","boolean {[]} {[]}
","Indicator that states, when included with value ‘true’, that the contents of this resource represent information inserted by the natural person or their representative. In this case, the contents shall not be considered as verified by a health professional or a healthcare provider, even if digitally signed by them as part of a bigger data set. Details of the person who inserted the information may be provided in the author[x] element.","Indicator that states, when included with value ‘true’, that the contents of this resource represent information inserted by the natural person or their representative. In this case, the contents shall not be considered as verified by a health professional or a healthcare provider, even if digitally signed by them as part of a bigger data set. Details of the person who inserted the information may be provided in the author[x] element.","","","","","","","","","",,,,,"",,,,"EHDSDataSet.header.patientInsertedData",0,1,"",""
"EHDSPatientSummary","EHDSPatientSummary.header.date","EHDSPatientSummary.header.date","","","",1,1,"","","","dateTime {[]} {[]}
","Date of finalising/issuing the document.","Date of finalising/issuing the document.","","","","","","","","","",,,,,"",,,,"EHDSDataSet.header.date",0,1,"",""
"EHDSPatientSummary","EHDSPatientSummary.header.status","EHDSPatientSummary.header.status","","","",1,1,"","","","CodeableConcept {[]} {[]}
","Status of the document.","Status of the document.","","","","","","","","","",,"required","HL7 Composition Status","","",,,,"EHDSDataSet.header.status",1,1,"",""
"EHDSPatientSummary","EHDSPatientSummary.header.language","EHDSPatientSummary.header.language","","","",0,1,"","","","CodeableConcept {[]} {[]}
","Language in which the document is written. Language is expressed by the IETF language tag.","Language in which the document is written. Language is expressed by the IETF language tag.","","","","","","","","","",,"required","BCP 47","","",,,,"EHDSDataSet.header.language",0,1,"",""
"EHDSPatientSummary","EHDSPatientSummary.header.documentType","EHDSPatientSummary.header.documentType","","","",1,1,"","","","CodeableConcept {[]} {[]}
","Type of document (e.g. 60591-5 Patient summary document).","Type of document (e.g. 60591-5 Patient summary document).","","","","","","","","","",,"required","LOINC","","",,,,"EHDSDocument.header.documentType",1,1,"",""
"EHDSPatientSummary","EHDSPatientSummary.header.documentTitle","EHDSPatientSummary.header.documentTitle","","","",1,1,"","","","string {[]} {[]}
","Human readable document title that can be displayed in search results, etc. This can be documentType's display name, or it can be assembled from multiple elements. Example: 'Patient Summary of Jane Green 10.12.2024'.","Human readable document title that can be displayed in search results, etc. This can be documentType's display name, or it can be assembled from multiple elements. Example: 'Patient Summary of Jane Green 10.12.2024'.","","","","","","","","","",,,,,"",,,,"EHDSDocument.header.documentTitle",1,1,"",""
"EHDSPatientSummary","EHDSPatientSummary.header.period","EHDSPatientSummary.header.period","","","",0,0,"","","","Period {[]} {[]}
","Time of service that is being documented.","Time of service that is being documented.","","","","","","","","","",,,,,"",,,,"EHDSDocument.header.period",0,1,"",""
"EHDSPatientSummary","EHDSPatientSummary.header.version","EHDSPatientSummary.header.version","","","",1,1,"","","","string {[]} {[]}
","Version of the document.","Version of the document.","","","","","","","","","",,,,,"",,,,"EHDSDocument.header.version",1,1,"",""
"EHDSPatientSummary","EHDSPatientSummary.header.attestation","EHDSPatientSummary.header.attestation","","","",0,*,"","","","Base {[]} {[]}
","Document attestation details.","Document attestation details.","","","","","","","","","",,,,,"",,,,"EHDSDocument.header.attestation",0,*,"",""
"EHDSPatientSummary","EHDSPatientSummary.header.attestation.attester[x]","EHDSPatientSummary.header.attestation.attester[x]","","","",1,1,"","","","http://ehds.eu/fhir/models/StructureDefinition/EHDSHealthProfessional {[]} {[]}
http://ehds.eu/fhir/models/StructureDefinition/EHDSDevice {[]} {[]}","Attester who validated the document.","Attester who validated the document.","","","","","","","","","",,,,,"",,,,"EHDSDocument.header.attestation.attester[x]",1,1,"",""
"EHDSPatientSummary","EHDSPatientSummary.header.attestation.dateTime","EHDSPatientSummary.header.attestation.dateTime","","","",1,1,"","","","dateTime {[]} {[]}
","Date and time of the approval of the document by the attester.","Date and time of the approval of the document by the attester.","","","","","","","","","",,,,,"",,,,"EHDSDocument.header.attestation.dateTime",1,1,"",""
"EHDSPatientSummary","EHDSPatientSummary.header.legalAuthentication","EHDSPatientSummary.header.legalAuthentication","","","",0,*,"","","","Base {[]} {[]}
","Document legal authentication details.","Document legal authentication details.","","","","","","","","","",,,,,"",,,,"EHDSDocument.header.legalAuthentication",0,*,"",""
"EHDSPatientSummary","EHDSPatientSummary.header.legalAuthentication.legalAuthenticator[x]","EHDSPatientSummary.header.legalAuthentication.legalAuthenticator[x]","","","",1,1,"","","","http://ehds.eu/fhir/models/StructureDefinition/EHDSHealthProfessional {[]} {[]}
http://ehds.eu/fhir/models/StructureDefinition/EHDSOrganisation {[]} {[]}","The person or organisation taking responsibility for the content of the document.","The person or organisation taking responsibility for the content of the document.","","","","","","","","","",,,,,"",,,,"EHDSDocument.header.legalAuthentication.legalAuthenticator[x]",1,1,"",""
"EHDSPatientSummary","EHDSPatientSummary.header.legalAuthentication.dateTime","EHDSPatientSummary.header.legalAuthentication.dateTime","","","",1,1,"","","","dateTime {[]} {[]}
","Date and time when the document was authenticated.","Date and time when the document was authenticated.","","","","","","","","","",,,,,"",,,,"EHDSDocument.header.legalAuthentication.dateTime",1,1,"",""
"EHDSPatientSummary","EHDSPatientSummary.header.eventCategory","EHDSPatientSummary.header.eventCategory","","","",0,*,"","","","CodeableConcept {[]} {[]}
","Categorisation of the event covered by the document (e.g. in case of a partial patient summary related to a specific context). Selection of such tags or labels depends on the use case and agreement between data sharing parties. This meta-data element serves primarily for searching and filtering purposes.","Categorisation of the event covered by the document (e.g. in case of a partial patient summary related to a specific context). Selection of such tags or labels depends on the use case and agreement between data sharing parties. This meta-data element serves primarily for searching and filtering purposes.","","","","","","","","","",,"required","SNOMED CT (preferred), LOINC.","","",,,,"EHDSDocument.header.eventCategory",0,*,"",""
"EHDSPatientSummary","EHDSPatientSummary.header.serviceSpecialty","EHDSPatientSummary.header.serviceSpecialty","","","",0,*,"","","","CodeableConcept {[]} {[]}
","Additional details about where the content was created (e.g. clinical specialty).","Additional details about where the content was created (e.g. clinical specialty).","","","","","","","","","",,"required","SNOMED CT","","",,,,"EHDSDocument.header.serviceSpecialty",0,*,"",""
"EHDSPatientSummary","EHDSPatientSummary.header.custodian","EHDSPatientSummary.header.custodian","","","",0,1,"","","","http://ehds.eu/fhir/models/StructureDefinition/EHDSOrganisation {[]} {[]}
","Organisation that is in charge of maintaining the document.","Organisation that is in charge of maintaining the document.","","","","","","","","","",,,,,"",,,,"EHDSDocument.header.custodian",0,1,"",""
"EHDSPatientSummary","EHDSPatientSummary.header.countryOfOrigin","EHDSPatientSummary.header.countryOfOrigin","","","",0,1,"","","","CodeableConcept {[]} {[]}
","Country of origin of the document.","Country of origin of the document.","","","","","","","","","",,"required","ISO 3166-1 alpha-2","","",,,,"EHDSDocument.header.countryOfOrigin",0,1,"",""
"EHDSPatientSummary","EHDSPatientSummary.presentedForm","EHDSPatientSummary.presentedForm","","","",0,*,"","","","http://ehds.eu/fhir/models/StructureDefinition/EHDSAttachment {[]} {[]}
","A narrative easy-to-read representation of the full data set, e.g. PDF-version of a document.","A narrative easy-to-read representation of the full data set, e.g. PDF-version of a document.","","","","","","","","","",,,,,"",,,,"EHDSDocument.presentedForm",0,*,"",""
"EHDSPatientSummary","EHDSPatientSummary.alerts","EHDSPatientSummary.alerts","","","",0,1,"","","","Base {[]} {[]}
","Section: Alerts.","Substantial alerts or warnings that health professionals should be aware of.","","","","","","","","","",,,,,"",,,,"EHDSPatientSummary.alerts",0,1,"",""
"EHDSPatientSummary","EHDSPatientSummary.alerts.generatedNarrative","EHDSPatientSummary.alerts.generatedNarrative","","","",0,1,"","","","Narrative {[]} {[]}
","Narrative, potentially formatted, content of the whole section.","Narrative, potentially formatted, content of the whole section.","","","","","","","","","",,,,,"",,,,"EHDSPatientSummary.alerts.generatedNarrative",0,1,"",""
"EHDSPatientSummary","EHDSPatientSummary.alerts.medicalAlert","EHDSPatientSummary.alerts.medicalAlert","","","",0,*,"","","","http://ehds.eu/fhir/models/StructureDefinition/EHDSAlert {[]} {[]}
","Medical alerts.","Any clinical information that is imperative to know so that the life or health of the patient does not come under threat.","","","","","","","","","",,,,,"",,,,"EHDSPatientSummary.alerts.medicalAlert",0,*,"",""
"EHDSPatientSummary","EHDSPatientSummary.allergiesAndIntolerances","EHDSPatientSummary.allergiesAndIntolerances","","","",1,1,"","","","Base {[]} {[]}
","Section: Allergies and intolerances.","Section: Allergies and intolerances.","","","","","","","","","",,,,,"",,,,"EHDSPatientSummary.allergiesAndIntolerances",1,1,"",""
"EHDSPatientSummary","EHDSPatientSummary.allergiesAndIntolerances.generatedNarrative","EHDSPatientSummary.allergiesAndIntolerances.generatedNarrative","","","",0,1,"","","","Narrative {[]} {[]}
","Narrative, potentially formatted, content of the whole section.","Narrative, potentially formatted, content of the whole section.","","","","","","","","","",,,,,"",,,,"EHDSPatientSummary.allergiesAndIntolerances.generatedNarrative",0,1,"",""
"EHDSPatientSummary","EHDSPatientSummary.allergiesAndIntolerances.allergyIntolerance","EHDSPatientSummary.allergiesAndIntolerances.allergyIntolerance","","","",0,*,"","","","http://ehds.eu/fhir/models/StructureDefinition/EHDSAllergyIntolerance {[]} {[]}
","Allergies and intolerances.","Allergies and intolerances.","","","","","","","","","",,,,,"",,,,"EHDSPatientSummary.allergiesAndIntolerances.allergyIntolerance",0,*,"",""
"EHDSPatientSummary","EHDSPatientSummary.allergiesAndIntolerances.emptyReason","EHDSPatientSummary.allergiesAndIntolerances.emptyReason","","","",0,1,"","","","CodeableConcept {[]} {[]}
","Reason for absence of data. The field shall be present when no allergy or intolerance entries are present.","Reason for absence of data. The field shall be present when no allergy or intolerance entries are present.","Indicates whether the person is known to have no allergies or the data is considered incomplete.","","","","","","","","",,"required","HL Data Absent Reason","","",,,,"EHDSPatientSummary.allergiesAndIntolerances.emptyReason",0,1,"",""
"EHDSPatientSummary","EHDSPatientSummary.problems","EHDSPatientSummary.problems","","","",1,1,"","","","Base {[]} {[]}
","Section: Medical problems.","Conditions and symptoms affecting the health of the patient.","","","","","","","","","",,,,,"",,,,"EHDSPatientSummary.problems",1,1,"",""
"EHDSPatientSummary","EHDSPatientSummary.problems.generatedNarrative","EHDSPatientSummary.problems.generatedNarrative","","","",0,1,"","","","Narrative {[]} {[]}
","Narrative, potentially formatted, content of the whole section.","Narrative, potentially formatted, content of the whole section.","","","","","","","","","",,,,,"",,,,"EHDSPatientSummary.problems.generatedNarrative",0,1,"",""
"EHDSPatientSummary","EHDSPatientSummary.problems.emptyReason","EHDSPatientSummary.problems.emptyReason","","","",0,1,"","","","CodeableConcept {[]} {[]}
","Reason for absence of data. The field shall be present when no problem entries are present.","Reason for absence of data. The field shall be present when no problem entries are present.","","","","","","","","","",,"required","HL Data Absent Reason","","",,,,"EHDSPatientSummary.problems.emptyReason",0,1,"",""
"EHDSPatientSummary","EHDSPatientSummary.problems.currentProblem","EHDSPatientSummary.problems.currentProblem","","","",0,*,"","","","http://ehds.eu/fhir/models/StructureDefinition/EHDSCondition {[]} {[]}
","Active health conditions affecting the health of the patient.","Active health conditions affecting the health of the patient.","","","","","","","","","",,,,,"",,,,"EHDSPatientSummary.problems.currentProblem",0,*,"",""
"EHDSPatientSummary","EHDSPatientSummary.problems.pastProblem","EHDSPatientSummary.problems.pastProblem","","","",0,*,"","","","http://ehds.eu/fhir/models/StructureDefinition/EHDSCondition {[]} {[]}
","Relevant past conditions the patient has suffered from that are no longer under currentProblem.","Relevant past conditions the patient has suffered from that are no longer under currentProblem.","","","","","","","","","",,,,,"",,,,"EHDSPatientSummary.problems.pastProblem",0,*,"",""
"EHDSPatientSummary","EHDSPatientSummary.medicationSummary","EHDSPatientSummary.medicationSummary","","","",1,1,"","","","Base {[]} {[]}
","Section: Medication summary.","Current and relevant past medications.","","","","","","","","","",,,,,"",,,,"EHDSPatientSummary.medicationSummary",1,1,"",""
"EHDSPatientSummary","EHDSPatientSummary.medicationSummary.generatedNarrative","EHDSPatientSummary.medicationSummary.generatedNarrative","","","",0,1,"","","","Narrative {[]} {[]}
","Narrative, potentially formatted, content of the whole section.","Narrative, potentially formatted, content of the whole section.","","","","","","","","","",,,,,"",,,,"EHDSPatientSummary.medicationSummary.generatedNarrative",0,1,"",""
"EHDSPatientSummary","EHDSPatientSummary.medicationSummary.emptyReason","EHDSPatientSummary.medicationSummary.emptyReason","","","",0,1,"","","","CodeableConcept {[]} {[]}
","Reason for absence of data. The field shall be present when no medication entries are present.","Reason for absence of data. The field shall be present when no medication entries are present.","","","","","","","","","",,"required","HL Data Absent Reason","","",,,,"EHDSPatientSummary.medicationSummary.emptyReason",0,1,"",""
"EHDSPatientSummary","EHDSPatientSummary.medicationSummary.medicationUse","EHDSPatientSummary.medicationSummary.medicationUse","","","",0,*,"","","","http://ehds.eu/fhir/models/StructureDefinition/EHDSMedicationUse {[]} {[]}
","Use of medicinal product relevant for this patient summary. Typically, medicinal products whose period of time indicated for the treatment has not yet expired whether it has been dispensed or not.","Use of medicinal product relevant for this patient summary. Typically, medicinal products whose period of time indicated for the treatment has not yet expired whether it has been dispensed or not.","","","","","","","","","",,,,,"",,,,"EHDSPatientSummary.medicationSummary.medicationUse",0,*,"",""
"EHDSPatientSummary","EHDSPatientSummary.medicalDevicesAndImplants","EHDSPatientSummary.medicalDevicesAndImplants","","","",1,1,"","","","Base {[]} {[]}
","Section: Medical devices and implants.","The devices that are implanted in the patient and external medical devices and equipment that the health status depends on (e.g. cardiac pacemaker, implantable defibrillator, prothesis, ferromagnetic bone implant, etc.).","","","","","","","","","",,,,,"",,,,"EHDSPatientSummary.medicalDevicesAndImplants",1,1,"",""
"EHDSPatientSummary","EHDSPatientSummary.medicalDevicesAndImplants.generatedNarrative","EHDSPatientSummary.medicalDevicesAndImplants.generatedNarrative","","","",0,1,"","","","Narrative {[]} {[]}
","Narrative, potentially formatted, content of the whole section.","Narrative, potentially formatted, content of the whole section.","","","","","","","","","",,,,,"",,,,"EHDSPatientSummary.medicalDevicesAndImplants.generatedNarrative",0,1,"",""
"EHDSPatientSummary","EHDSPatientSummary.medicalDevicesAndImplants.emptyReason","EHDSPatientSummary.medicalDevicesAndImplants.emptyReason","","","",0,1,"","","","CodeableConcept {[]} {[]}
","Reason for absence of data. The field shall be present when no medical devices or implant entries are present.","Reason for absence of data. The field shall be present when no medical devices or implant entries are present.","","","","","","","","","",,"required","HL Data Absent Reason","","",,,,"EHDSPatientSummary.medicalDevicesAndImplants.emptyReason",0,1,"",""
"EHDSPatientSummary","EHDSPatientSummary.medicalDevicesAndImplants.deviceUse","EHDSPatientSummary.medicalDevicesAndImplants.deviceUse","","","",0,*,"","","","http://ehds.eu/fhir/models/StructureDefinition/EHDSDeviceUse {[]} {[]}
","Implanted and external medical devices and equipment.","Implanted and external medical devices and equipment.","","","","","","","","","",,,,,"",,,,"EHDSPatientSummary.medicalDevicesAndImplants.deviceUse",0,*,"",""
"EHDSPatientSummary","EHDSPatientSummary.procedures","EHDSPatientSummary.procedures","","","",1,1,"","","","Base {[]} {[]}
","Section: Procedures.","Significant clinical procedures performed on the patient.","","","","","","","","","",,,,,"",,,,"EHDSPatientSummary.procedures",1,1,"",""
"EHDSPatientSummary","EHDSPatientSummary.procedures.generatedNarrative","EHDSPatientSummary.procedures.generatedNarrative","","","",0,1,"","","","Narrative {[]} {[]}
","Narrative, potentially formatted, content of the whole section.","Narrative, potentially formatted, content of the whole section.","","","","","","","","","",,,,,"",,,,"EHDSPatientSummary.procedures.generatedNarrative",0,1,"",""
"EHDSPatientSummary","EHDSPatientSummary.procedures.emptyReason","EHDSPatientSummary.procedures.emptyReason","","","",0,1,"","","","CodeableConcept {[]} {[]}
","Reason for absence of data. The field shall be present when no procedure entries are present.","Reason for absence of data. The field shall be present when no procedure entries are present.","","","","","","","","","",,"required","HL Data Absent Reason","","",,,,"EHDSPatientSummary.procedures.emptyReason",0,1,"",""
"EHDSPatientSummary","EHDSPatientSummary.procedures.procedure","EHDSPatientSummary.procedures.procedure","","","",0,*,"","","","http://ehds.eu/fhir/models/StructureDefinition/EHDSProcedure {[]} {[]}
","List of procedures","List of procedures","","","","","","","","","",,,,,"",,,,"EHDSPatientSummary.procedures.procedure",0,*,"",""
"EHDSPatientSummary","EHDSPatientSummary.immunisations","EHDSPatientSummary.immunisations","","","",1,1,"","","","Base {[]} {[]}
","Section: Immunisations.","A patient's immunisation status (vaccination and other prophylaxis). The section should include current immunisation status and may contain the entire history that is relevant to the period of time being summarised. Adverse reactions against vaccines should be documented in the allergy section.","","","","","","","","","",,,,,"",,,,"EHDSPatientSummary.immunisations",1,1,"",""
"EHDSPatientSummary","EHDSPatientSummary.immunisations.generatedNarrative","EHDSPatientSummary.immunisations.generatedNarrative","","","",0,1,"","","","Narrative {[]} {[]}
","Narrative, potentially formatted, content of the whole section.","Narrative, potentially formatted, content of the whole section.","","","","","","","","","",,,,,"",,,,"EHDSPatientSummary.immunisations.generatedNarrative",0,1,"",""
"EHDSPatientSummary","EHDSPatientSummary.immunisations.emptyReason","EHDSPatientSummary.immunisations.emptyReason","","","",0,1,"","","","CodeableConcept {[]} {[]}
","Reason for absence of data. The field shall be present when no immunisation entries are present.","Reason for absence of data. The field shall be present when no immunisation entries are present.","","","","","","","","","",,"required","HL Data Absent Reason","","",,,,"EHDSPatientSummary.immunisations.emptyReason",0,1,"",""
"EHDSPatientSummary","EHDSPatientSummary.immunisations.immunisation","EHDSPatientSummary.immunisations.immunisation","","","",0,*,"","","","http://ehds.eu/fhir/models/StructureDefinition/EHDSImmunisation {[]} {[]}
","Immunisations.","Immunisations given to the patient and their status at the point of care.","","","","","","","","","",,,,,"",,,,"EHDSPatientSummary.immunisations.immunisation",0,*,"",""
"EHDSPatientSummary","EHDSPatientSummary.functionalStatus","EHDSPatientSummary.functionalStatus","","","",0,1,"","","","Base {[]} {[]}
","Section: Functional status.","An individual's ability to perform normal daily activities required to meet basic needs, fulfil usual roles and maintain health and well-being.","","","","","","","","","",,,,,"",,,,"EHDSPatientSummary.functionalStatus",0,1,"",""
"EHDSPatientSummary","EHDSPatientSummary.functionalStatus.generatedNarrative","EHDSPatientSummary.functionalStatus.generatedNarrative","","","",0,1,"","","","Narrative {[]} {[]}
","Narrative, potentially formatted, content of the whole section.","Narrative, potentially formatted, content of the whole section.","","","","","","","","","",,,,,"",,,,"EHDSPatientSummary.functionalStatus.generatedNarrative",0,1,"",""
"EHDSPatientSummary","EHDSPatientSummary.functionalStatus.condition","EHDSPatientSummary.functionalStatus.condition","","","",0,*,"","","","http://ehds.eu/fhir/models/StructureDefinition/EHDSCondition {[]} {[]}
","Last assessment results recorded regarding conditions describing the patient's functional status or disability.","Last assessment results recorded regarding conditions describing the patient's functional status or disability.","","","","","","","","","",,,,,"",,,,"EHDSPatientSummary.functionalStatus.condition",0,*,"",""
"EHDSPatientSummary","EHDSPatientSummary.functionalStatus.assessment","EHDSPatientSummary.functionalStatus.assessment","","","",0,*,"","","","http://ehds.eu/fhir/models/StructureDefinition/EHDSObservation {[]} {[]}
","Last assessment results regarding functional status.","Last assessment results regarding functional status.","","","","","","","","","",,,,,"",,,,"EHDSPatientSummary.functionalStatus.assessment",0,*,"",""
"EHDSPatientSummary","EHDSPatientSummary.socialHistory","EHDSPatientSummary.socialHistory","","","",0,1,"","","","Base {[]} {[]}
","Section: Social history.","Observations on social factors such as alcohol consumption or smoking. From the healthcare perspective, life-style factors relate to well-being but can also provide a source of risk factors.","","","","","","","","","",,,,,"",,,,"EHDSPatientSummary.socialHistory",0,1,"",""
"EHDSPatientSummary","EHDSPatientSummary.socialHistory.generatedNarrative","EHDSPatientSummary.socialHistory.generatedNarrative","","","",0,1,"","","","Narrative {[]} {[]}
","Narrative, potentially formatted, content of the whole section.","Narrative, potentially formatted, content of the whole section.","","","","","","","","","",,,,,"",,,,"EHDSPatientSummary.socialHistory.generatedNarrative",0,1,"",""
"EHDSPatientSummary","EHDSPatientSummary.socialHistory.observation","EHDSPatientSummary.socialHistory.observation","","","",0,*,"","","","http://ehds.eu/fhir/models/StructureDefinition/EHDSObservation {[]} {[]}
","Health related lifestyle factors or lifestyle observations and social determinants of health (e.g. cigarette smoker, alcohol consumption).","Health related lifestyle factors or lifestyle observations and social determinants of health (e.g. cigarette smoker, alcohol consumption).","","","","","","","","","",,,,,"",,,,"EHDSPatientSummary.socialHistory.observation",0,*,"",""
"EHDSPatientSummary","EHDSPatientSummary.pregnancyHistory","EHDSPatientSummary.pregnancyHistory","","","",0,1,"","","","Base {[]} {[]}
","Section: Pregnancy history.","To present the current health state of the patient with respect to pregnancy and to provide chronological and outcome information about past pregnancies.","","","","","","","","","",,,,,"",,,,"EHDSPatientSummary.pregnancyHistory",0,1,"",""
"EHDSPatientSummary","EHDSPatientSummary.pregnancyHistory.generatedNarrative","EHDSPatientSummary.pregnancyHistory.generatedNarrative","","","",0,1,"","","","Narrative {[]} {[]}
","Narrative, potentially formatted, content of the whole section.","Narrative, potentially formatted, content of the whole section.","","","","","","","","","",,,,,"",,,,"EHDSPatientSummary.pregnancyHistory.generatedNarrative",0,1,"",""
"EHDSPatientSummary","EHDSPatientSummary.pregnancyHistory.currentPregnancyStatus","EHDSPatientSummary.pregnancyHistory.currentPregnancyStatus","","","",0,1,"","","","http://ehds.eu/fhir/models/StructureDefinition/EHDSCurrentPregnancyStatus {[]} {[]}
","Current pregnancy status.","Current state of the pregnancy at the date the observation was made, e.g. pregnant, not pregnant, unknown.","","","","","","","","","",,,,,"",,,,"EHDSPatientSummary.pregnancyHistory.currentPregnancyStatus",0,1,"",""
"EHDSPatientSummary","EHDSPatientSummary.pregnancyHistory.previousPregnancies","EHDSPatientSummary.pregnancyHistory.previousPregnancies","","","",0,*,"","","","http://ehds.eu/fhir/models/StructureDefinition/EHDSPregnancyHistory {[]} {[]}
","History of previous pregnancies.","Information about previous pregnancies, including outcomes and number of children/fetuses in each pregnancy.","","","","","","","","","",,,,,"",,,,"EHDSPatientSummary.pregnancyHistory.previousPregnancies",0,*,"",""
"EHDSPatientSummary","EHDSPatientSummary.travelHistory","EHDSPatientSummary.travelHistory","","","",0,1,"","","","Base {[]} {[]}
","Section: Travel history.","Captures relevant information about the patient's recent travel history that may be of clinical relevance — particularly in relation to exposure to infectious diseases, epidemiological risks, or environmental factors. The intent is to support clinical decision-making and risk assessment, especially in contexts such as outbreaks or endemic disease regions.","","","","","","","","","",,,,,"",,,,"EHDSPatientSummary.travelHistory",0,1,"",""
"EHDSPatientSummary","EHDSPatientSummary.travelHistory.generatedNarrative","EHDSPatientSummary.travelHistory.generatedNarrative","","","",0,1,"","","","Narrative {[]} {[]}
","Narrative, potentially formatted, content of the whole section.","Narrative, potentially formatted, content of the whole section.","","","","","","","","","",,,,,"",,,,"EHDSPatientSummary.travelHistory.generatedNarrative",0,1,"",""
"EHDSPatientSummary","EHDSPatientSummary.travelHistory.travelHistory","EHDSPatientSummary.travelHistory.travelHistory","","","",0,*,"","","","http://ehds.eu/fhir/models/StructureDefinition/EHDSTravelHistory {[]} {[]}
","Travel history for one country.","Travel history for one country.","","","","","","","","","",,,,,"",,,,"EHDSPatientSummary.travelHistory.travelHistory",0,*,"",""
"EHDSPatientSummary","EHDSPatientSummary.patientStory","EHDSPatientSummary.patientStory","","","",0,1,"","","","Base {[]} {[]}
","Section: Patient story. A concise narrative from the patient’s perspective about their present health state. This is a record of things that a person feels are important to communicate about their needs, strengths, values, concerns and preferences to others providing support and care.","Section: Patient story. A concise narrative from the patient’s perspective about their present health state. This is a record of things that a person feels are important to communicate about their needs, strengths, values, concerns and preferences to others providing support and care.","","","","","","","","","",,,,,"",,,,"EHDSPatientSummary.patientStory",0,1,"",""
"EHDSPatientSummary","EHDSPatientSummary.patientStory.generatedNarrative","EHDSPatientSummary.patientStory.generatedNarrative","","","",0,1,"","","","Narrative {[]} {[]}
","Narrative, potentially formatted, content of the whole section.","Narrative, potentially formatted, content of the whole section.","","","","","","","","","",,,,,"",,,,"EHDSPatientSummary.patientStory.generatedNarrative",0,1,"",""
"EHDSPatientSummary","EHDSPatientSummary.advanceDirectives","EHDSPatientSummary.advanceDirectives","","","",0,1,"","","","Base {[]} {[]}
","Section: Advance Directives.","Provision for healthcare decisions if, in the future, a person is unable to make those decisions.","","","","","","","","","",,,,,"",,,,"EHDSPatientSummary.advanceDirectives",0,1,"",""
"EHDSPatientSummary","EHDSPatientSummary.advanceDirectives.generatedNarrative","EHDSPatientSummary.advanceDirectives.generatedNarrative","","","",0,1,"","","","Narrative {[]} {[]}
","Narrative, potentially formatted, content of the whole section.","Narrative, potentially formatted, content of the whole section.","","","","","","","","","",,,,,"",,,,"EHDSPatientSummary.advanceDirectives.generatedNarrative",0,1,"",""
"EHDSPatientSummary","EHDSPatientSummary.advanceDirectives.advanceDirective","EHDSPatientSummary.advanceDirectives.advanceDirective","","","",0,*,"","","","http://ehds.eu/fhir/models/StructureDefinition/EHDSAdvanceDirective {[]} {[]}
","Provision for healthcare decisions if, in the future, a person is unable to make those decisions.","Provision for healthcare decisions if, in the future, a person is unable to make those decisions.","","","","","","","","","",,,,,"",,,,"EHDSPatientSummary.advanceDirectives.advanceDirective",0,*,"",""
"EHDSPatientSummary","EHDSPatientSummary.observationResults","EHDSPatientSummary.observationResults","","","",0,1,"","","","Base {[]} {[]}
","Section: Observation results.","Relevant observation results obtained on the patient. These may be measurements, laboratory results, anatomic pathology results, radiology results or other imaging or clinical results.","","","","","","","","","",,,,,"",,,,"EHDSPatientSummary.observationResults",0,1,"",""
"EHDSPatientSummary","EHDSPatientSummary.observationResults.generatedNarrative","EHDSPatientSummary.observationResults.generatedNarrative","","","",0,1,"","","","Narrative {[]} {[]}
","Narrative, potentially formatted, content of the whole section.","Narrative, potentially formatted, content of the whole section.","","","","","","","","","",,,,,"",,,,"EHDSPatientSummary.observationResults.generatedNarrative",0,1,"",""
"EHDSPatientSummary","EHDSPatientSummary.observationResults.result","EHDSPatientSummary.observationResults.result","","","",0,*,"","","","http://ehds.eu/fhir/models/StructureDefinition/EHDSObservation {[]} {[]}
","Observation results pertaining to the patient's health conditions.","Observation results pertaining to the patient's health conditions.","","","","","","","","","",,,,,"",,,,"EHDSPatientSummary.observationResults.result",0,*,"",""
"EHDSPatientSummary","EHDSPatientSummary.carePlans","EHDSPatientSummary.carePlans","","","",0,1,"","","","Base {[]} {[]}
","Section: Care plans.","Therapeutic recommendations that do not include pharmacologic treatments, such as diet, physical exercise, planned surgeries","","","","","","","","","",,,,,"",,,,"EHDSPatientSummary.carePlans",0,1,"",""
"EHDSPatientSummary","EHDSPatientSummary.carePlans.generatedNarrative","EHDSPatientSummary.carePlans.generatedNarrative","","","",0,1,"","","","Narrative {[]} {[]}
","Narrative, potentially formatted, content of the whole section.","Narrative, potentially formatted, content of the whole section.","","","","","","","","","",,,,,"",,,,"EHDSPatientSummary.carePlans.generatedNarrative",0,1,"",""
"EHDSPatientSummary","EHDSPatientSummary.carePlans.carePlan","EHDSPatientSummary.carePlans.carePlan","","","",0,*,"","","","http://ehds.eu/fhir/models/StructureDefinition/EHDSCarePlan {[]} {[]}
","Describes the intention of how one or more practitioners intend to deliver care for the patient for a period of time, possibly limited to care for a specific condition or set of conditions.","Describes the intention of how one or more practitioners intend to deliver care for the patient for a period of time, possibly limited to care for a specific condition or set of conditions.","","","","","","","","","",,,,,"",,,,"EHDSPatientSummary.carePlans.carePlan",0,*,"",""
"EHDSPregnancyHistory","EHDSPregnancyHistory","EHDSPregnancyHistory","","","",0,*,"","","","null {[]} {[]}
","Pregnancy history model","EHDSPregnancyHistory means a structured set of data elements describing a single past pregnancy.","","","","","","","","","",,,,,"",,,,"Base",0,*,"",""
"EHDSPregnancyHistory","EHDSPregnancyHistory.header","EHDSPregnancyHistory.header","","","",1,1,"","","","Base {[]} {[]}
","Basic metadata for this information.","Basic metadata for this information.","","","","","","","","","",,,,,"",,,,"EHDSDataSet.header",1,1,"",""
"EHDSPregnancyHistory","EHDSPregnancyHistory.header.subject","EHDSPregnancyHistory.header.subject","","","",1,1,"","","","http://ehds.eu/fhir/models/StructureDefinition/EHDSPatient {[]} {[]}
","Patient/subject information.","Patient/subject information.","","","","","","","","","",,,,,"",,,,"EHDSDataSet.header.subject",1,1,"",""
"EHDSPregnancyHistory","EHDSPregnancyHistory.header.identifier","EHDSPregnancyHistory.header.identifier","","","",0,*,"","","","Identifier {[]} {[]}
","Business identifier assigned to the resource or document (not a patient ID and not the technical resource ID).","Business identifier assigned to the resource or document (not a patient ID and not the technical resource ID).","Business identifier is unique within the system that assigns them. The same entity may have different unique identifiers assigned by different systems. Therefore, the identifier is always expected to be a pair of a system and a value.","","","","","","","","",,,,,"",,,,"EHDSDataSet.header.identifier",0,*,"",""
"EHDSPregnancyHistory","EHDSPregnancyHistory.header.author[x]","EHDSPregnancyHistory.header.author[x]","","","",0,*,"","","","http://ehds.eu/fhir/models/StructureDefinition/EHDSHealthProfessional {[]} {[]}
http://ehds.eu/fhir/models/StructureDefinition/EHDSOrganisation {[]} {[]}http://ehds.eu/fhir/models/StructureDefinition/EHDSDevice {[]} {[]}http://ehds.eu/fhir/models/StructureDefinition/EHDSPatient {[]} {[]}http://ehds.eu/fhir/models/StructureDefinition/EHDSRelatedPerson {[]} {[]}","Author of the resource.","The author of this observation.","Author(s) responsible for the provided information. The exact role of the responsible author varies across use cases and is specific to individual models.","","","","","","","","",,,,,"",,,,"EHDSDataSet.header.author[x]",0,*,"",""
"EHDSPregnancyHistory","EHDSPregnancyHistory.header.patientInsertedData","EHDSPregnancyHistory.header.patientInsertedData","","","",0,1,"","","","boolean {[]} {[]}
","Indicator that states, when included with value ‘true’, that the contents of this resource represent information inserted by the natural person or their representative. In this case, the contents shall not be considered as verified by a health professional or a healthcare provider, even if digitally signed by them as part of a bigger data set. Details of the person who inserted the information may be provided in the author[x] element.","Indicator that states, when included with value ‘true’, that the contents of this resource represent information inserted by the natural person or their representative. In this case, the contents shall not be considered as verified by a health professional or a healthcare provider, even if digitally signed by them as part of a bigger data set. Details of the person who inserted the information may be provided in the author[x] element.","","","","","","","","","",,,,,"",,,,"EHDSDataSet.header.patientInsertedData",0,1,"",""
"EHDSPregnancyHistory","EHDSPregnancyHistory.header.date","EHDSPregnancyHistory.header.date","","","",0,1,"","","","dateTime {[]} {[]}
","Date and optionally time of authoring/issuing.","Date and optionally time of authoring/issuing.","","","","","","","","","",,,,,"",,,,"EHDSDataSet.header.date",0,1,"",""
"EHDSPregnancyHistory","EHDSPregnancyHistory.header.status","EHDSPregnancyHistory.header.status","","","",1,1,"","","","CodeableConcept {[]} {[]}
","Status of this observation.","Status of this observation.","","","","","","","","","",,"required","HL7 Observation Status","","",,,,"EHDSDataSet.header.status",1,1,"",""
"EHDSPregnancyHistory","EHDSPregnancyHistory.header.language","EHDSPregnancyHistory.header.language","","","",0,1,"","","","CodeableConcept {[]} {[]}
","Language in which the resource is written. Language is expressed by the IETF language tag.","Language in which the resource is written. Language is expressed by the IETF language tag.","","","","","","","","","",,"required","BCP 47","","",,,,"EHDSDataSet.header.language",0,1,"",""
"EHDSPregnancyHistory","EHDSPregnancyHistory.endDate","EHDSPregnancyHistory.endDate","","","",0,1,"","","","dateTime {[]} {[]}
","The end date of the pregnancy.","The end date of the pregnancy.","","","","","","","","","",,,,,"",,,,"EHDSPregnancyHistory.endDate",0,1,"",""
"EHDSPregnancyHistory","EHDSPregnancyHistory.outcome","EHDSPregnancyHistory.outcome","","","",0,1,"","","","CodeableConcept {[]} {[]}
","The outcome of the pregnancy.","The outcome of the pregnancy.","","","","","","","","","",,"required","SNOMED CT","","",,,,"EHDSPregnancyHistory.outcome",0,1,"",""
"EHDSPregnancyHistory","EHDSPregnancyHistory.note","EHDSPregnancyHistory.note","","","",0,1,"","","","string {[]} {[]}
","Free text notes by the health professional.","Free text notes by the health professional.","","","","","","","","","",,,,,"",,,,"EHDSPregnancyHistory.note",0,1,"",""
"EHDSProcedure","EHDSProcedure","EHDSProcedure","","","",0,*,"","","","null {[]} {[]}
","Procedure model","EHDSProcedure means a structured set of data elements describing a procedure performed on or for a patient, including surgical, therapeutic, and diagnostic procedures and specimen collection, but excluding procedures in the planning stage.","","","","","","","","","",,,,,"",,,,"Base",0,*,"",""
"EHDSProcedure","EHDSProcedure.header","EHDSProcedure.header","","","",1,1,"","","","Base {[]} {[]}
","Basic metadata for this information.","Basic metadata for this information.","","","","","","","","","",,,,,"",,,,"EHDSDataSet.header",1,1,"",""
"EHDSProcedure","EHDSProcedure.header.subject","EHDSProcedure.header.subject","","","",1,1,"","","","http://ehds.eu/fhir/models/StructureDefinition/EHDSPatient {[]} {[]}
","Patient/subject information.","Patient/subject information.","","","","","","","","","",,,,,"",,,,"EHDSDataSet.header.subject",1,1,"",""
"EHDSProcedure","EHDSProcedure.header.identifier","EHDSProcedure.header.identifier","","","",0,*,"","","","Identifier {[]} {[]}
","Business identifier assigned to the resource or document (not a patient ID and not the technical resource ID).","Business identifier assigned to the resource or document (not a patient ID and not the technical resource ID).","Business identifier is unique within the system that assigns them. The same entity may have different unique identifiers assigned by different systems. Therefore, the identifier is always expected to be a pair of a system and a value.","","","","","","","","",,,,,"",,,,"EHDSDataSet.header.identifier",0,*,"",""
"EHDSProcedure","EHDSProcedure.header.author[x]","EHDSProcedure.header.author[x]","","","",0,*,"","","","http://ehds.eu/fhir/models/StructureDefinition/EHDSHealthProfessional {[]} {[]}
http://ehds.eu/fhir/models/StructureDefinition/EHDSOrganisation {[]} {[]}http://ehds.eu/fhir/models/StructureDefinition/EHDSDevice {[]} {[]}http://ehds.eu/fhir/models/StructureDefinition/EHDSPatient {[]} {[]}http://ehds.eu/fhir/models/StructureDefinition/EHDSRelatedPerson {[]} {[]}","Author of the resource.","The author of this observation.","Author(s) responsible for the provided information. The exact role of the responsible author varies across use cases and is specific to individual models.","","","","","","","","",,,,,"",,,,"EHDSDataSet.header.author[x]",0,*,"",""
"EHDSProcedure","EHDSProcedure.header.patientInsertedData","EHDSProcedure.header.patientInsertedData","","","",0,1,"","","","boolean {[]} {[]}
","Indicator that states, when included with value ‘true’, that the contents of this resource represent information inserted by the natural person or their representative. In this case, the contents shall not be considered as verified by a health professional or a healthcare provider, even if digitally signed by them as part of a bigger data set. Details of the person who inserted the information may be provided in the author[x] element.","Indicator that states, when included with value ‘true’, that the contents of this resource represent information inserted by the natural person or their representative. In this case, the contents shall not be considered as verified by a health professional or a healthcare provider, even if digitally signed by them as part of a bigger data set. Details of the person who inserted the information may be provided in the author[x] element.","","","","","","","","","",,,,,"",,,,"EHDSDataSet.header.patientInsertedData",0,1,"",""
"EHDSProcedure","EHDSProcedure.header.date","EHDSProcedure.header.date","","","",0,1,"","","","dateTime {[]} {[]}
","Date and optionally time of authoring/issuing.","Date and optionally time of authoring/issuing.","","","","","","","","","",,,,,"",,,,"EHDSDataSet.header.date",0,1,"",""
"EHDSProcedure","EHDSProcedure.header.status","EHDSProcedure.header.status","","","",1,1,"","","","CodeableConcept {[]} {[]}
","Status of the procedure (e.g. completed, on hold, stopped).","Status of the procedure (e.g. completed, on hold, stopped).","","","","","","","","","",,"required","HL7 Event Status","","",,,,"EHDSDataSet.header.status",1,1,"",""
"EHDSProcedure","EHDSProcedure.header.language","EHDSProcedure.header.language","","","",0,1,"","","","CodeableConcept {[]} {[]}
","Language in which the resource is written. Language is expressed by the IETF language tag.","Language in which the resource is written. Language is expressed by the IETF language tag.","","","","","","","","","",,"required","BCP 47","","",,,,"EHDSDataSet.header.language",0,1,"",""
"EHDSProcedure","EHDSProcedure.code","EHDSProcedure.code","","","",1,1,"","","","CodeableConcept {[]} {[]}
","Concept code and display name identifying the type of procedure.","Concept code and display name identifying the type of procedure.","","","","","","","","","",,"required","SNOMED CT","","",,,,"EHDSProcedure.code",1,1,"",""
"EHDSProcedure","EHDSProcedure.procedureDate[x]","EHDSProcedure.procedureDate[x]","","","",0,1,"","","","dateTime {[]} {[]}
Period {[]} {[]}","Date and time of the procedure or interval of its performance.","Date and time of the procedure or interval of its performance.","","","","","","","","","",,,,,"",,,,"EHDSProcedure.procedureDate[x]",0,1,"",""
"EHDSProcedure","EHDSProcedure.performer","EHDSProcedure.performer","","","",0,*,"","","","http://ehds.eu/fhir/models/StructureDefinition/EHDSHealthProfessional {[]} {[]}
","Actors who performed the procedure (only main responsible actors expected).","Actors who performed the procedure (only main responsible actors expected).","","","","","","","","","",,,,,"",,,,"EHDSProcedure.performer",0,*,"",""
"EHDSProcedure","EHDSProcedure.bodySite","EHDSProcedure.bodySite","","","",0,*,"","","","http://ehds.eu/fhir/models/StructureDefinition/EHDSBodyStructure {[]} {[]}
","Target body site of the procedure.","Target body site of the procedure.","","","","","","","","","",,,,,"",,,,"EHDSProcedure.bodySite",0,*,"",""
"EHDSProcedure","EHDSProcedure.reason[x]","EHDSProcedure.reason[x]","","","",0,*,"","","","CodeableConcept {[]} {[]}
http://ehds.eu/fhir/models/StructureDefinition/EHDSCondition {[]} {[]}http://ehds.eu/fhir/models/StructureDefinition/EHDSObservation {[]} {[]}http://ehds.eu/fhir/models/StructureDefinition/EHDSProcedure {[]} {[]}","The reason the procedure was performed. This may be a concept from a terminology or a reference to a specific instance that describes the reason.","The reason the procedure was performed. This may be a concept from a terminology or a reference to a specific instance that describes the reason.","","","","","","","","","",,"required","SNOMED CT (preferred), ICD-10, Orphacode","","",,,,"EHDSProcedure.reason[x]",0,*,"",""
"EHDSProcedure","EHDSProcedure.outcome","EHDSProcedure.outcome","","","",0,1,"","","","CodeableConcept {[]} {[]}
","The immediate result of the procedure (e.g. successful, unsuccessful). This does not include assessment over a longer period of time.","The immediate result of the procedure (e.g. successful, unsuccessful). This does not include assessment over a longer period of time.","","","","","","","","","",,"required","SNOMED CT","","",,,,"EHDSProcedure.outcome",0,1,"",""
"EHDSProcedure","EHDSProcedure.complication","EHDSProcedure.complication","","","",0,*,"","","","CodeableConcept {[]} {[]}
","Complication that occurred during the procedure, or in the immediate post-procedure period.","Complication that occurred during the procedure, or in the immediate post-procedure period.","","","","","","","","","",,"required","SNOMED CT (preferred), ICD-10","","",,,,"EHDSProcedure.complication",0,*,"",""
"EHDSProcedure","EHDSProcedure.deviceUsed","EHDSProcedure.deviceUsed","","","",0,*,"","","","http://ehds.eu/fhir/models/StructureDefinition/EHDSDevice {[]} {[]}
","Device used to perform the procedure.","Device used to perform the procedure.","","","","","","","","","",,,,,"",,,,"EHDSProcedure.deviceUsed",0,*,"",""
"EHDSProcedure","EHDSProcedure.focalDevice","EHDSProcedure.focalDevice","","","",0,*,"","","","http://ehds.eu/fhir/models/StructureDefinition/EHDSDevice {[]} {[]}
","Device that is implanted, removed, or otherwise manipulated (calibration, battery replacement, fitting a prosthesis, attaching a wound-vac, etc.) as a focal portion of the Procedure.","Device that is implanted, removed, or otherwise manipulated (calibration, battery replacement, fitting a prosthesis, attaching a wound-vac, etc.) as a focal portion of the Procedure.","","","","","","","","","",,,,,"",,,,"EHDSProcedure.focalDevice",0,*,"",""
"EHDSProcedure","EHDSProcedure.note","EHDSProcedure.note","","","",0,1,"","","","string {[]} {[]}
","Free text notes by the health professional.","Free text notes by the health professional.","","","","","","","","","",,,,,"",,,,"EHDSProcedure.note",0,1,"",""
"EHDSRelatedPerson","EHDSRelatedPerson","EHDSRelatedPerson","","","",0,*,"","","","null {[]} {[]}
","Related person model","EHDSRelatedPerson means a structured set of data elements describing a person related to the patient, such as a guardian, next of kin, or other related person.","","","","","","","","","",,,,,"",,,,"Base",0,*,"",""
"EHDSRelatedPerson","EHDSRelatedPerson.identifier","EHDSRelatedPerson.identifier","","","",0,*,"","","","Identifier {[]} {[]}
","A stable identifier of the patient that is unique within a defined scope, the use of temporary generated identifiers is not permitted. In addition to the mandatory attributes listed below, other attributes compliant with the HL7 FHIR Identifier structure may be included.","A stable identifier of the patient that is unique within a defined scope, the use of temporary generated identifiers is not permitted. In addition to the mandatory attributes listed below, other attributes compliant with the HL7 FHIR Identifier structure may be included.","","","","","","","","","",,"required","HL7 Identifier Type, extended with the following: NI (national unique identifier), HI (health identifier), HIN (health insurance number), SS (social security identifier), REGPID (regional person identifier), REGION (region identifier)","","",,,,"EHDSRelatedPerson.identifier",0,*,"","ele-1:All FHIR elements must have a @value or children {hasValue() or (children().count() > id.count())}
ident-1:Identifier with no value has limited utility.  If communicating that an identifier value has been suppressed or missing, the value element SHOULD be present with an extension indicating the missing semantic - e.g. data-absent-reason {value.exists()}"
"EHDSRelatedPerson","EHDSRelatedPerson.identifier.id","EHDSRelatedPerson.identifier.id","","","",0,1,"","","","id {[]} {[]}
","Unique id for inter-element referencing","Unique id for the element within a resource (for internal references). This may be any string value that does not contain spaces.","","","","","","","","","",,,,,"",,,,"Element.id",0,1,"ele-1
",""
"EHDSRelatedPerson","EHDSRelatedPerson.identifier.extension","EHDSRelatedPerson.identifier.extension","","extensions
user content","",0,*,"","","","Extension {[]} {[]}
","Additional content defined by implementations","May be used to represent additional information that is not part of the basic definition of the element. To make the use of extensions safe and managable, there is a strict set of governance applied to the definition and use of extensions. Though any implementer can define an extension, there is a set of requirements that SHALL be met as part of the definition of the extension.","There can be no stigma associated with the use of extensions by any application, project, or standard - regardless of the institution or jurisdiction that uses or defines the extensions.  The use of extensions is what allows the FHIR specification to retain a core level of simplicity for everyone.","","","","","","","","",,,,,"","value:url}
","Extensions are always sliced by (at least) url",,"open","Element.extension",0,*,"","ele-1:All FHIR elements must have a @value or children {hasValue() or (children().count() > id.count())}
ext-1:Must have either extensions or value[x], not both {extension.exists() != value.exists()}"
"EHDSRelatedPerson","EHDSRelatedPerson.identifier.use","EHDSRelatedPerson.identifier.use","","","",0,1,"","Y","Y","code {[]} {[]}
","usual | official | temp | secondary | old (If known)","The purpose of this identifier.","Applications can assume that an identifier is permanent unless it explicitly says that it is temporary.","Allows the appropriate identifier for a particular context of use to be selected from among a set of identifiers.","","","","","","","",,"required","Identifies the purpose for this identifier, if known .","http://hl7.org/fhir/ValueSet/identifier-use|5.0.0","",,,,"Identifier.use",0,1,"","ele-1:All FHIR elements must have a @value or children {hasValue() or (children().count() > id.count())}
"
"EHDSRelatedPerson","EHDSRelatedPerson.identifier.type","EHDSRelatedPerson.identifier.type","","","",1,1,"","","Y","CodeableConcept {[]} {[]}
","Description of the identifier.","A coded type for the identifier that can be used to determine which identifier to use for a specific purpose.","This element deals only with general categories of identifiers.  It SHOULD not be used for codes that correspond 1..1 with the Identifier.system. Some identifiers may fall into multiple categories due to common usage.   Where the system is known, a type is unnecessary because the type is always part of the system definition. However systems often need to handle identifiers where the system is not known. There is not a 1:1 relationship between type and system, since many different systems have the same type.","Allows users to make use of identifiers when the identifier system is not known.","","","","","","","",,"extensible","A coded type for an identifier that can be used to determine which identifier to use for a specific purpose.","http://hl7.org/fhir/ValueSet/identifier-type|5.0.0","",,,,"Identifier.type",0,1,"","ele-1:All FHIR elements must have a @value or children {hasValue() or (children().count() > id.count())}
"
"EHDSRelatedPerson","EHDSRelatedPerson.identifier.system","EHDSRelatedPerson.identifier.system","","","",1,1,"","","Y","uri {[]} {[]}
","The namespace for the Identifier.value.","Establishes the namespace for the value - that is, an absolute URL that describes a set values that are unique.","Identifier.system is always case sensitive.","There are many sets  of identifiers.  To perform matching of two identifiers, we need to know what set we're dealing with. The system identifies a particular set of unique identifiers.","","","","","<valueUri xmlns=""http://hl7.org/fhir"" value=""http://www.acme.com/identifiers/patient""/>","","",,,,,"",,,,"Identifier.system",0,1,"","ele-1:All FHIR elements must have a @value or children {hasValue() or (children().count() > id.count())}
"
"EHDSRelatedPerson","EHDSRelatedPerson.identifier.value","EHDSRelatedPerson.identifier.value","","","",1,1,"","","Y","string {[]} {[]}
","The value that is unique.","The portion of the identifier typically relevant to the user and which is unique within the context of the system.","If the value is a full URI, then the system SHALL be urn:ietf:rfc:3986.  The value's primary purpose is computational mapping.  As a result, it may be normalized for comparison purposes (e.g. removing non-significant whitespace, dashes, etc.)  A value formatted for human display can be conveyed using the [http://hl7.org/fhir/StructureDefinition/rendered-value](http://hl7.org/fhir/extensions/StructureDefinition-rendered-value.html)). Identifier.value is to be treated as case sensitive unless knowledge of the Identifier.system allows the processer to be confident that non-case-sensitive processing is safe.","","","","","","<valueString xmlns=""http://hl7.org/fhir"" value=""123456""/>","","",,,,,"",,,,"Identifier.value",0,1,"ident-1
","ele-1:All FHIR elements must have a @value or children {hasValue() or (children().count() > id.count())}
"
"EHDSRelatedPerson","EHDSRelatedPerson.identifier.period","EHDSRelatedPerson.identifier.period","","","",0,1,"","","Y","Period {[]} {[]}
","Time period when id is/was valid for use","Time period during which identifier is/was valid for use.","","","","","","","","","",,,,,"",,,,"Identifier.period",0,1,"","ele-1:All FHIR elements must have a @value or children {hasValue() or (children().count() > id.count())}
"
"EHDSRelatedPerson","EHDSRelatedPerson.identifier.assigner","EHDSRelatedPerson.identifier.assigner","","","",0,1,"","","Y","Reference {[]} {[CanonicalType[http://hl7.org/fhir/StructureDefinition/Organization|5.0.0]]}
","Organization that issued id (may be just text)","Organization that issued/manages the identifier.","The Identifier.assigner may omit the .reference element and only contain a .display element reflecting the name or other textual information about the assigning organization.","","","","","","","","",,,,,"",,,,"Identifier.assigner",0,1,"","ele-1:All FHIR elements must have a @value or children {hasValue() or (children().count() > id.count())}
"
"EHDSRelatedPerson","EHDSRelatedPerson.name","EHDSRelatedPerson.name","","","",1,*,"","","","http://ehds.eu/fhir/models/StructureDefinition/EHDSHumanName {[]} {[]}
","Name associated with the person.","Name associated with the person.","","","","","","","","","",,,,,"",,,,"EHDSRelatedPerson.name",1,*,"",""
"EHDSRelatedPerson","EHDSRelatedPerson.subject","EHDSRelatedPerson.subject","","","",1,1,"","","","http://ehds.eu/fhir/models/StructureDefinition/EHDSPatient {[]} {[]}
","The patient in relation to whom the related person is defined.","The patient in relation to whom the related person is defined.","","","","","","","","","",,,,,"",,,,"EHDSRelatedPerson.subject",1,1,"",""
"EHDSRelatedPerson","EHDSRelatedPerson.relationship","EHDSRelatedPerson.relationship","","","",0,1,"","","","CodeableConcept {[]} {[]}
","Relationship between a patient and a contact person for that patient. This includes relatives, guardians, caring persons etc.","Relationship between a patient and a contact person for that patient. This includes relatives, guardians, caring persons etc.","","","","","","","","","",,"required","HL7 Patient Relationship Type","","",,,,"EHDSRelatedPerson.relationship",0,1,"",""
"EHDSRelatedPerson","EHDSRelatedPerson.address","EHDSRelatedPerson.address","","","",0,*,"","","","http://ehds.eu/fhir/models/StructureDefinition/EHDSAddress {[]} {[]}
","Address of the person.","Address of the person.","","","","","","","","","",,,,,"",,,,"EHDSRelatedPerson.address",0,*,"",""
"EHDSRelatedPerson","EHDSRelatedPerson.telecom","EHDSRelatedPerson.telecom","","","",0,*,"","","","http://ehds.eu/fhir/models/StructureDefinition/EHDSTelecom {[]} {[]}
","Telecommunication contact information of the person.","Telecommunication contact information of the person.","","","","","","","","","",,,,,"",,,,"EHDSRelatedPerson.telecom",0,*,"",""
"EHDSServiceRequest","EHDSServiceRequest","EHDSServiceRequest","","","",0,*,"","","","null {[]} {[]}
","Service request model","EHDSServiceRequest means a structured set of data elements describing one or more requested services.","","","","","","","","","",,,,,"",,,,"Base",0,*,"",""
"EHDSServiceRequest","EHDSServiceRequest.header","EHDSServiceRequest.header","","","",1,1,"","","","Base {[]} {[]}
","Basic metadata for this information.","Basic metadata for this information.","","","","","","","","","",,,,,"",,,,"EHDSDataSet.header",1,1,"",""
"EHDSServiceRequest","EHDSServiceRequest.header.subject","EHDSServiceRequest.header.subject","","","",1,1,"","","","http://ehds.eu/fhir/models/StructureDefinition/EHDSPatient {[]} {[]}
","Patient/subject information.","Patient/subject information.","","","","","","","","","",,,,,"",,,,"EHDSDataSet.header.subject",1,1,"",""
"EHDSServiceRequest","EHDSServiceRequest.header.identifier","EHDSServiceRequest.header.identifier","","","",0,*,"","","","Identifier {[]} {[]}
","Business identifier assigned to the resource or document (not a patient ID and not the technical resource ID).","Business identifier assigned to the resource or document (not a patient ID and not the technical resource ID).","Business identifier is unique within the system that assigns them. The same entity may have different unique identifiers assigned by different systems. Therefore, the identifier is always expected to be a pair of a system and a value.","","","","","","","","",,,,,"",,,,"EHDSDataSet.header.identifier",0,*,"",""
"EHDSServiceRequest","EHDSServiceRequest.header.author[x]","EHDSServiceRequest.header.author[x]","","","",0,*,"","","","http://ehds.eu/fhir/models/StructureDefinition/EHDSHealthProfessional {[]} {[]}
http://ehds.eu/fhir/models/StructureDefinition/EHDSOrganisation {[]} {[]}http://ehds.eu/fhir/models/StructureDefinition/EHDSDevice {[]} {[]}http://ehds.eu/fhir/models/StructureDefinition/EHDSPatient {[]} {[]}http://ehds.eu/fhir/models/StructureDefinition/EHDSRelatedPerson {[]} {[]}","Author of the resource.","Author of the resource.","Author(s) responsible for the provided information. The exact role of the responsible author varies across use cases and is specific to individual models.","","","","","","","","",,,,,"",,,,"EHDSDataSet.header.author[x]",0,*,"",""
"EHDSServiceRequest","EHDSServiceRequest.header.patientInsertedData","EHDSServiceRequest.header.patientInsertedData","","","",0,1,"","","","boolean {[]} {[]}
","Indicator that states, when included with value ‘true’, that the contents of this resource represent information inserted by the natural person or their representative. In this case, the contents shall not be considered as verified by a health professional or a healthcare provider, even if digitally signed by them as part of a bigger data set. Details of the person who inserted the information may be provided in the author[x] element.","Indicator that states, when included with value ‘true’, that the contents of this resource represent information inserted by the natural person or their representative. In this case, the contents shall not be considered as verified by a health professional or a healthcare provider, even if digitally signed by them as part of a bigger data set. Details of the person who inserted the information may be provided in the author[x] element.","","","","","","","","","",,,,,"",,,,"EHDSDataSet.header.patientInsertedData",0,1,"",""
"EHDSServiceRequest","EHDSServiceRequest.header.date","EHDSServiceRequest.header.date","","","",0,1,"","","","dateTime {[]} {[]}
","Date and optionally time of authoring/issuing.","Date and optionally time of authoring/issuing.","","","","","","","","","",,,,,"",,,,"EHDSDataSet.header.date",0,1,"",""
"EHDSServiceRequest","EHDSServiceRequest.header.status","EHDSServiceRequest.header.status","","","",1,1,"","","","CodeableConcept {[]} {[]}
","Status of the resource.","Status of the resource.","","","","","","","","","",,"required","HL7 Request Status","","",,,,"EHDSDataSet.header.status",1,1,"",""
"EHDSServiceRequest","EHDSServiceRequest.header.language","EHDSServiceRequest.header.language","","","",0,1,"","","","CodeableConcept {[]} {[]}
","Language in which the resource is written. Language is expressed by the IETF language tag.","Language in which the resource is written. Language is expressed by the IETF language tag.","","","","","","","","","",,"required","BCP 47","","",,,,"EHDSDataSet.header.language",0,1,"",""
"EHDSServiceRequest","EHDSServiceRequest.description","EHDSServiceRequest.description","","","",0,1,"","","","string {[]} {[]}
","Textual description of the requested service.","Textual description of the requested service.","","","","","","","","","",,,,,"",,,,"EHDSServiceRequest.description",0,1,"",""
"EHDSServiceRequest","EHDSServiceRequest.code","EHDSServiceRequest.code","","","",0,1,"","","","CodeableConcept {[]} {[]}
","A code and name that identifies a particular service (i.e., procedure, diagnostic investigation, or panel of investigations) that has been requested.","A code and name that identifies a particular service (i.e., procedure, diagnostic investigation, or panel of investigations) that has been requested.","","","","","","","","","",,"required","LOINC, SNOMED CT","","",,,,"EHDSServiceRequest.code",0,1,"",""
"EHDSServiceRequest","EHDSServiceRequest.quantity","EHDSServiceRequest.quantity","","","",0,1,"","","","Quantity {[]} {[]}
","Number of requested services of the same type.","Number of requested services of the same type.","","","","","","","","","",,,,,"",,,,"EHDSServiceRequest.quantity",0,1,"",""
"EHDSServiceRequest","EHDSServiceRequest.bodySite","EHDSServiceRequest.bodySite","","","",0,*,"","","","http://ehds.eu/fhir/models/StructureDefinition/EHDSBodyStructure {[]} {[]}
","Anatomic location and laterality where the procedure should be performed. This is the target site.","Anatomic location and laterality where the procedure should be performed. This is the target site.","","","","","","","","","",,,,,"",,,,"EHDSServiceRequest.bodySite",0,*,"",""
"EHDSServiceRequest","EHDSServiceRequest.reason[x]","EHDSServiceRequest.reason[x]","","","",0,*,"","","","http://ehds.eu/fhir/models/StructureDefinition/EHDSObservation {[]} {[]}
http://ehds.eu/fhir/models/StructureDefinition/EHDSCondition {[]} {[]}http://ehds.eu/fhir/models/StructureDefinition/EHDSMedication {[]} {[]}string {[]} {[]}","Reason why this service is being requested.","Reason why this service is being requested.","","","","","","","","","",,,,,"",,,,"EHDSServiceRequest.reason[x]",0,*,"",""
"EHDSServiceRequest","EHDSServiceRequest.priority","EHDSServiceRequest.priority","","","",0,1,"","","","CodeableConcept {[]} {[]}
","Indicates how quickly the request should be addressed with respect to other requests.","Indicates how quickly the request should be addressed with respect to other requests.","","","","","","","","","",,"required","HL7 Request Priority","","",,,,"EHDSServiceRequest.priority",0,1,"",""
"EHDSServiceRequest","EHDSServiceRequest.supportingInformation[x]","EHDSServiceRequest.supportingInformation[x]","","","",0,*,"","","","http://ehds.eu/fhir/models/StructureDefinition/EHDSObservation {[]} {[]}
http://ehds.eu/fhir/models/StructureDefinition/EHDSCondition {[]} {[]}http://ehds.eu/fhir/models/StructureDefinition/EHDSProcedure {[]} {[]}http://ehds.eu/fhir/models/StructureDefinition/EHDSMedicationAdministration {[]} {[]}","Health conditions relevant for the results interpretation.","Health conditions relevant for the results interpretation.","","","","","","","","","",,,,,"",,,,"EHDSServiceRequest.supportingInformation[x]",0,*,"",""
"EHDSServiceRequest","EHDSServiceRequest.specimen","EHDSServiceRequest.specimen","","","",0,*,"","","","http://ehds.eu/fhir/models/StructureDefinition/EHDSSpecimen {[]} {[]}
","Specimen to be used by the laboratory procedure.","Specimen to be used by the laboratory procedure.","","","","","","","","","",,,,,"",,,,"EHDSServiceRequest.specimen",0,*,"",""
"EHDSServiceRequest","EHDSServiceRequest.encounter","EHDSServiceRequest.encounter","","","",0,1,"","","","http://ehds.eu/fhir/models/StructureDefinition/EHDSEncounter {[]} {[]}
","The encounter that provides additional information about the healthcare context in which this request is made.","The encounter that provides additional information about the healthcare context in which this request is made.","","","","","","","","","",,,,,"",,,,"EHDSServiceRequest.encounter",0,1,"",""
"EHDSServiceRequest","EHDSServiceRequest.occurrence[x]","EHDSServiceRequest.occurrence[x]","","","",0,1,"","","","dateTime {[]} {[]}
Period {[]} {[]}","Expected time of the service.","Expected time of the service.","","","","","","","","","",,,,,"",,,,"EHDSServiceRequest.occurrence[x]",0,1,"",""
"EHDSServiceRequest","EHDSServiceRequest.patientInstructions","EHDSServiceRequest.patientInstructions","","","",0,1,"","","","string {[]} {[]}
","Patient or consumer-oriented instructions.","Patient or consumer-oriented instructions.","","","","","","","","","",,,,,"",,,,"EHDSServiceRequest.patientInstructions",0,1,"",""
"EHDSSpecimen","EHDSSpecimen","EHDSSpecimen","","","",0,*,"","","","null {[]} {[]}
","Specimen model","EHDSSpecimen means a structured set of data elements describing a sample collected.","","","","","","","","","",,,,,"",,,,"Base",0,*,"",""
"EHDSSpecimen","EHDSSpecimen.identifier","EHDSSpecimen.identifier","","","",1,*,"","","","Identifier {[]} {[]}
","An identifier of the specimen which is unique within in a defined scope. Example: identifier assigned by ordering system, identifier assigned by laboratory etc. Multiple identifiers can be used.","An identifier of the specimen which is unique within in a defined scope. Example: identifier assigned by ordering system, identifier assigned by laboratory etc. Multiple identifiers can be used.","","","","","","","","","",,,,,"",,,,"EHDSSpecimen.identifier",1,*,"",""
"EHDSSpecimen","EHDSSpecimen.status","EHDSSpecimen.status","","","",0,1,"","","","CodeableConcept {[]} {[]}
","Availability of the specimen.","Availability of the specimen.","","","","","","","","","",,"required","HL7 Specimen Status","","",,,,"EHDSSpecimen.status",0,1,"",""
"EHDSSpecimen","EHDSSpecimen.type","EHDSSpecimen.type","","","",0,1,"","","","CodeableConcept {[]} {[]}
","The kind of material that forms the specimen.","The kind of material that forms the specimen.","","","","","","","","","",,"required","SNOMED CT","","",,,,"EHDSSpecimen.type",0,1,"",""
"EHDSSpecimen","EHDSSpecimen.specimenSource[x]","EHDSSpecimen.specimenSource[x]","","","",0,1,"","","","http://ehds.eu/fhir/models/StructureDefinition/EHDSPatient {[]} {[]}
http://ehds.eu/fhir/models/StructureDefinition/EHDSLocation {[]} {[]}http://ehds.eu/fhir/models/StructureDefinition/EHDSDevice {[]} {[]}","The source where the specimen came from. This may be from a patient, from a location (e.g., the source of an environmental sample), or from a device.","The source where the specimen came from. This may be from a patient, from a location (e.g., the source of an environmental sample), or from a device.","","","","","","","","","",,,,,"",,,,"EHDSSpecimen.specimenSource[x]",0,1,"",""
"EHDSSpecimen","EHDSSpecimen.parentSpecimen","EHDSSpecimen.parentSpecimen","","","",0,*,"","","","http://ehds.eu/fhir/models/StructureDefinition/EHDSSpecimen {[]} {[]}
","Specimen from which this specimen originated.","Specimen from which this specimen originated.","","","","","","","","","",,,,,"",,,,"EHDSSpecimen.parentSpecimen",0,*,"",""
"EHDSSpecimen","EHDSSpecimen.request","EHDSSpecimen.request","","","",0,*,"","","","http://ehds.eu/fhir/models/StructureDefinition/EHDSServiceRequest {[]} {[]}
","Service request based on which the specimen was collected.","Service request based on which the specimen was collected.","","","","","","","","","",,,,,"",,,,"EHDSSpecimen.request",0,*,"",""
"EHDSSpecimen","EHDSSpecimen.collection","EHDSSpecimen.collection","","","",0,*,"","","","Base {[]} {[]}
","Collection details.","Collection details.","","","","","","","","","",,,,,"",,,,"EHDSSpecimen.collection",0,*,"",""
"EHDSSpecimen","EHDSSpecimen.collection.performer[x]","EHDSSpecimen.collection.performer[x]","","","",0,1,"","","","http://ehds.eu/fhir/models/StructureDefinition/EHDSHealthProfessional {[]} {[]}
http://ehds.eu/fhir/models/StructureDefinition/EHDSOrganisation {[]} {[]}http://ehds.eu/fhir/models/StructureDefinition/EHDSPatient {[]} {[]}http://ehds.eu/fhir/models/StructureDefinition/EHDSRelatedPerson {[]} {[]}","Person or organisation who collected the specimen.","Person or organisation who collected the specimen.","","","","","","","","","",,,,,"",,,,"EHDSSpecimen.collection.performer[x]",0,1,"",""
"EHDSSpecimen","EHDSSpecimen.collection.collected[x]","EHDSSpecimen.collection.collected[x]","","","",1,1,"","","","Period {[]} {[]}
dateTime {[]} {[]}","The period or date and time of specimen collection.","The period or date and time of specimen collection.","","","","","","","","","",,,,,"",,,,"EHDSSpecimen.collection.collected[x]",1,1,"",""
"EHDSSpecimen","EHDSSpecimen.collection.quantity","EHDSSpecimen.collection.quantity","","","",0,1,"","","","Quantity {[]} {[]}
","The quantity of specimen collected.","The quantity of specimen collected.","","","","","","","","","",,,,,"",,,,"EHDSSpecimen.collection.quantity",0,1,"",""
"EHDSSpecimen","EHDSSpecimen.collection.method","EHDSSpecimen.collection.method","","","",0,1,"","","","CodeableConcept {[]} {[]}
","If relevant for the results, the method of obtaining the specimen.","If relevant for the results, the method of obtaining the specimen.","","","","","","","","","",,"required","SNOMED CT","","",,,,"EHDSSpecimen.collection.method",0,1,"",""
"EHDSSpecimen","EHDSSpecimen.collection.device","EHDSSpecimen.collection.device","","","",0,1,"","","","http://ehds.eu/fhir/models/StructureDefinition/EHDSDevice {[]} {[]}
","Device used to perform specimen collection.","Device used to perform specimen collection.","","","","","","","","","",,,,,"",,,,"EHDSSpecimen.collection.device",0,1,"",""
"EHDSSpecimen","EHDSSpecimen.collection.bodySite","EHDSSpecimen.collection.bodySite","","","",0,1,"","","","http://ehds.eu/fhir/models/StructureDefinition/EHDSBodyStructure {[]} {[]}
","Anatomic location where the material is collected.","Anatomic location where the material is collected.","","","","","","","","","",,,,,"",,,,"EHDSSpecimen.collection.bodySite",0,1,"",""
"EHDSSpecimen","EHDSSpecimen.receivedDate","EHDSSpecimen.receivedDate","","","",0,1,"","","","dateTime {[]} {[]}
","Date and time when specimen is received by the testing laboratory.","Date and time when specimen is received by the testing laboratory.","","","","","","","","","",,,,,"",,,,"EHDSSpecimen.receivedDate",0,1,"",""
"EHDSSpecimen","EHDSSpecimen.container","EHDSSpecimen.container","","","",0,*,"","","","Base {[]} {[]}
","The container holding the specimen.","The container holding the specimen.","","","","","","","","","",,,,,"",,,,"EHDSSpecimen.container",0,*,"",""
"EHDSSpecimen","EHDSSpecimen.container.specimenQuantity","EHDSSpecimen.container.specimenQuantity","","","",0,1,"","","","Quantity {[]} {[]}
","Quantity of specimen within container.","Quantity of specimen within container.","","","","","","","","","",,,,,"",,,,"EHDSSpecimen.container.specimenQuantity",0,1,"",""
"EHDSSpecimen","EHDSSpecimen.container.containerDevice","EHDSSpecimen.container.containerDevice","","","",1,1,"","","","http://ehds.eu/fhir/models/StructureDefinition/EHDSDevice {[]} {[]}
","The device resource for the the container holding the specimen.","The device resource for the the container holding the specimen.","","","","","","","","","",,,,,"",,,,"EHDSSpecimen.container.containerDevice",1,1,"",""
"EHDSSpecimen","EHDSSpecimen.condition","EHDSSpecimen.condition","","","",0,*,"","","","CodeableConcept {[]} {[]}
","State of the specimen. State of the speeimen should be alligned with dataAbsentReason element of the Observatiom model.","State of the specimen. State of the speeimen should be alligned with dataAbsentReason element of the Observatiom model.","","","","","","","","","",,"required","HL7 Specimen Condition","","",,,,"EHDSSpecimen.condition",0,*,"",""
"EHDSSpecimen","EHDSSpecimen.note","EHDSSpecimen.note","","","",0,1,"","","","string {[]} {[]}
","Any details or issues about the specimen or during the specimen collection. (for example: broken vial, sent with patient, frozen).","Any details or issues about the specimen or during the specimen collection. (for example: broken vial, sent with patient, frozen).","","","","","","","","","",,,,,"",,,,"EHDSSpecimen.note",0,1,"",""
"EHDSTelecom","EHDSTelecom","EHDSTelecom","","","",0,*,"","","","null {[]} {[]}
","Telecom model","EHDSTelecom means a structured set of data elements describing a telecommunication contact point.","","","","","","","","","",,,,,"",,,,"Base",0,*,"",""
"EHDSTelecom","EHDSTelecom.use","EHDSTelecom.use","","","",0,1,"","","","CodeableConcept {[]} {[]}
","Purpose of the contact point (e.g. home, work).","Purpose of the contact point (e.g. home, work).","","","","","","","","","",,,,,"",,,,"EHDSTelecom.use",0,1,"",""
"EHDSTelecom","EHDSTelecom.type","EHDSTelecom.type","","","",0,1,"","","","CodeableConcept {[]} {[]}
","Type of communication form (e.g. phone, fax, email).","Type of communication form (e.g. phone, fax, email).","","","","","","","","","",,,,,"",,,,"EHDSTelecom.type",0,1,"",""
"EHDSTelecom","EHDSTelecom.value","EHDSTelecom.value","","","",1,1,"","","","string {[]} {[]}
","The actual contact point details (i.e. phone number or email address).","The actual contact point details (i.e. phone number or email address).","","","","","","","","","",,,,,"",,,,"EHDSTelecom.value",1,1,"",""
"EHDSTravelHistory","EHDSTravelHistory","EHDSTravelHistory","","","",0,*,"","","","null {[]} {[]}
","Travel history model","EHDSTravelHistory means a structured set of data elements describing a patient's past travel to a specific country.","","","","","","","","","",,,,,"",,,,"Base",0,*,"",""
"EHDSTravelHistory","EHDSTravelHistory.header","EHDSTravelHistory.header","","","",1,1,"","","","Base {[]} {[]}
","Basic metadata for this information.","Basic metadata for this information.","","","","","","","","","",,,,,"",,,,"EHDSDataSet.header",1,1,"",""
"EHDSTravelHistory","EHDSTravelHistory.header.subject","EHDSTravelHistory.header.subject","","","",1,1,"","","","http://ehds.eu/fhir/models/StructureDefinition/EHDSPatient {[]} {[]}
","Patient/subject information.","Patient/subject information.","","","","","","","","","",,,,,"",,,,"EHDSDataSet.header.subject",1,1,"",""
"EHDSTravelHistory","EHDSTravelHistory.header.identifier","EHDSTravelHistory.header.identifier","","","",0,*,"","","","Identifier {[]} {[]}
","Business identifier assigned to the resource or document (not a patient ID and not the technical resource ID).","Business identifier assigned to the resource or document (not a patient ID and not the technical resource ID).","Business identifier is unique within the system that assigns them. The same entity may have different unique identifiers assigned by different systems. Therefore, the identifier is always expected to be a pair of a system and a value.","","","","","","","","",,,,,"",,,,"EHDSDataSet.header.identifier",0,*,"",""
"EHDSTravelHistory","EHDSTravelHistory.header.author[x]","EHDSTravelHistory.header.author[x]","","","",0,*,"","","","http://ehds.eu/fhir/models/StructureDefinition/EHDSHealthProfessional {[]} {[]}
http://ehds.eu/fhir/models/StructureDefinition/EHDSOrganisation {[]} {[]}http://ehds.eu/fhir/models/StructureDefinition/EHDSDevice {[]} {[]}http://ehds.eu/fhir/models/StructureDefinition/EHDSPatient {[]} {[]}http://ehds.eu/fhir/models/StructureDefinition/EHDSRelatedPerson {[]} {[]}","Author of the resource.","Author of the resource.","Author(s) responsible for the provided information. The exact role of the responsible author varies across use cases and is specific to individual models.","","","","","","","","",,,,,"",,,,"EHDSDataSet.header.author[x]",0,*,"",""
"EHDSTravelHistory","EHDSTravelHistory.header.patientInsertedData","EHDSTravelHistory.header.patientInsertedData","","","",0,1,"","","","boolean {[]} {[]}
","Indicator that states, when included with value ‘true’, that the contents of this resource represent information inserted by the natural person or their representative. In this case, the contents shall not be considered as verified by a health professional or a healthcare provider, even if digitally signed by them as part of a bigger data set. Details of the person who inserted the information may be provided in the author[x] element.","Indicator that states, when included with value ‘true’, that the contents of this resource represent information inserted by the natural person or their representative. In this case, the contents shall not be considered as verified by a health professional or a healthcare provider, even if digitally signed by them as part of a bigger data set. Details of the person who inserted the information may be provided in the author[x] element.","","","","","","","","","",,,,,"",,,,"EHDSDataSet.header.patientInsertedData",0,1,"",""
"EHDSTravelHistory","EHDSTravelHistory.header.date","EHDSTravelHistory.header.date","","","",0,1,"","","","dateTime {[]} {[]}
","Date and optionally time of authoring/issuing.","Date and optionally time of authoring/issuing.","","","","","","","","","",,,,,"",,,,"EHDSDataSet.header.date",0,1,"",""
"EHDSTravelHistory","EHDSTravelHistory.header.status","EHDSTravelHistory.header.status","","","",1,1,"","","","CodeableConcept {[]} {[]}
","Status of the resource.","Status of the resource.","","","","","","","","","",,"required","Defined in the individual data set.","","",,,,"EHDSDataSet.header.status",1,1,"",""
"EHDSTravelHistory","EHDSTravelHistory.header.language","EHDSTravelHistory.header.language","","","",0,1,"","","","CodeableConcept {[]} {[]}
","Language in which the resource is written. Language is expressed by the IETF language tag.","Language in which the resource is written. Language is expressed by the IETF language tag.","","","","","","","","","",,"required","BCP 47","","",,,,"EHDSDataSet.header.language",0,1,"",""
"EHDSTravelHistory","EHDSTravelHistory.country","EHDSTravelHistory.country","","","",1,1,"","","","CodeableConcept {[]} {[]}
","Country visited.","Country visited.","","eHN PS Guideline","","","","","","","",,"required","ISO 3166","","",,,,"EHDSTravelHistory.country",1,1,"",""
"EHDSTravelHistory","EHDSTravelHistory.period","EHDSTravelHistory.period","","","",0,1,"","","","Period {[]} {[]}
","The period during which the patient visited the country.","The period during which the patient visited the country.","","","","","","","","","",,,,,"",,,,"EHDSTravelHistory.period",0,1,"",""
